﻿{
    "高级时装": [
        "五河千代纸〔鸢一折纸〕",
        "世界的尽头〔鸢一折纸〕",
        "猫系女友〔鸢一折纸〕",
        "糖果女王〔时崎狂三〕",
        "做你的喵〔时崎狂三〕",
        "真红的觉醒〔时崎狂三〕",
        "曼珠沙华〔时崎狂三〕",
        "御狮万福〔四糸乃〕",
        "枫色祈愿〔四糸乃〕",
        "花间的童话〔四糸乃〕",
        "司令官的小憩〔五河琴里〕",
        "女仆司令官〔五河琴里〕",
        "月夕花朝〔五河琴里〕",
        "Lucky Queen〔七罪〕",
        "魔女的赠礼〔七罪〕",
        "深海歌姬〔诱宵美九〕",
        "樱色恋歌〔诱宵美九〕",
        "灯映松月〔夜刀神十香〕",
        "迷糊厨娘〔夜刀神十香〕",
        "Marry Me Today〔夜刀神十香〕",
        "深渊凝视〔夜刀神十香〕",
        "派对甜心〔夜刀神十香〕",
        "破晓之星〔万由里〕",
        "烛光平安夜〔万由里〕",
        "春沐的神恩〔万由里〕",
        "主角的周末〔涅普迪努〕",
        "海边的灵感〔布兰〕",
        "夜空下的独白〔诺瓦露〕",
        "春庭茶话会〔贝露〕",
        "自动贩卖机杀手〔御坂美琴〕",
        "放课后的风纪委〔白井黑子〕",
        "盛开的花火〔美琴＆黑子〕"
    ],
    "灵装": [
        "CR-Unit 龙胆〔鸢一折纸〕",
        "黑羽渡鸦〔反转折纸〕",
        "黑色哥特〔时崎狂三〕",
        "糖果女王〔时崎狂三〕",
        "万圣节女巫〔四糸乃〕",
        "东风之萦〔四糸乃〕",
        "绯之精灵〔五河琴里〕",
        "指挥官〔五河琴里〕",
        "圣诞夜魔女〔七罪〕",
        "甜蜜舞会〔八舞耶俱矢〕",
        "星光游行〔八舞夕弦〕",
        "舞台服〔诱宵美九〕",
        "校服〔夜刀神十香〕",
        "四月的公主〔夜刀神十香〕",
        "迷糊厨娘〔夜刀神十香〕",
        "深渊支配者〔反转·十香〕",
        "破晓之星〔万由里〕",
        "CR-Unit 猫娘〔崇宫真那〕"
    ],
    "普通时装": [
        "极简主义〔鸢一折纸〕",
        "白雀〔鸢一折纸〕",
        "知更罗扇〔鸢一折纸〕",
        "银色奇迹〔鸢一折纸〕",
        "虚无救赎〔鸢一折纸〕",
        "圣诞礼物〔鸢一折纸〕",
        "蓝眼小奶猫〔鸢一折纸〕",
        "哥特洛丽塔〔时崎狂三〕",
        "校服〔时崎狂三〕",
        "绮梦〔时崎狂三〕",
        "深红蔷薇〔时崎狂三〕",
        "彼岸〔时崎狂三〕",
        "大小姐的假日〔时崎狂三〕",
        "初夏〔四糸乃〕",
        "糖果？捣蛋！〔四糸乃〕",
        "见习女仆〔四糸乃〕",
        "花仙子〔四糸乃〕",
        "初中生的正装〔五河琴里〕",
        "指挥官的正装〔五河琴里〕",
        "绯之精灵〔五河琴里〕",
        "专属女仆〔五河琴里〕",
        "白兔〔五河琴里〕",
        "鹅黄初雪〔五河琴里〕",
        "星梦追逐者〔七罪〕",
        "兔女郎〔七罪〕",
        "星夜〔七罪〕",
        "假日午宴〔诱宵美九〕",
        "春日高歌〔诱宵美九〕",
        "校服〔夜刀神十香〕",
        "萌萌女仆〔夜刀神十香〕",
        "派对主角〔夜刀神十香〕",
        "梦幻的启程〔夜刀神十香〕",
        "支配者〔夜刀神十香〕",
        "派对邀请〔夜刀神十香〕",
        "水手服〔万由里〕",
        "晨曦之耀〔万由里〕",
        "纯白〔万由里〕",
        "神子的素衣〔万由里〕",
        "移动教会〔茵蒂克丝〕"
    ],
    "服装碎片": [
        "时装碎片",
        "灵装碎片",
        "命运手铃",
        "黑羽渡鸦灵装碎片",
        "高级梦魇时装兑换券"
    ],
    "道具": [
        "★ 1级金币卡",
        "★★ 2级金币卡",
        "★★★ 3级金币卡",
        "★★★★ 4级金币卡",
        "★★★★★ 5级金币卡",
        "金币福袋",
        "金币大福袋",
        "★ 初级经验芯片",
        "★★ 中级经验芯片",
        "★★★ 高级经验芯片",
        "★★★★ 特级经验芯片",
        "★★★★★ 超级经验芯片",
        "经验福袋",
        "经验大福袋",
        "★ 初级能量液",
        "★★ 中级能量液",
        "★★★ 高级能量液",
        "★★★★ 特级能量液",
        "★★★★★ 超级能量液",
        "★ 灵力残片",
        "★★ 灵力晶体",
        "★★★ 灵能水晶",
        "★★★★ 灵能结晶",
        "★★★★★ 灵能晶源",
        "★ 古代碎片",
        "★★ 古代元件",
        "★★★ 能源三角",
        "★★★★ 魔能立方",
        "★★★★★ 虚数空间",
        "★ 金属装甲",
        "★★ 合金护盾",
        "★★★ 高斯枪管",
        "★★★★ 次元护盾",
        "★★★★★ 多维剑刃",
        "★ 喷气加速器",
        "★★ 涡轮增压器",
        "★★★ 电子脉冲器",
        "★★★★ 核能推进器",
        "★★★★★ 量子动能器",
        "★ 初级灵力石",
        "★★ 中级灵力石",
        "★★★ 高级灵力石",
        "★★★★ 特级灵力石",
        "★★★★★ 超级灵力石",
        "★ 灵之玉",
        "★★ 苍之玉",
        "★★★ 星之玉",
        "★★★★ 月之玉",
        "★★★★★ 日之玉",
        "★ 集成芯片",
        "★★ 超级芯片",
        "★★★ 纳米芯片",
        "★★★★ 智能芯片",
        "★★★★★ 质子芯片",
        "1星突破自选箱",
        "2星突破自选箱",
        "3星突破自选箱",
        "4星突破自选箱",
        "5星突破自选箱",
        "3星突破材料箱",
        "4星突破材料箱",
        "5星突破材料箱",
        "突破补给箱",
        "突破自选箱",
        "撒旦徽记",
        "别西卜徽记",
        "罗弗寇徽记",
        "亚斯塔洛特徽记",
        "卡巴拉徽记",
        "生命精华",
        "轮回之石",
        "王冠祈愿书",
        "智慧祈愿书",
        "理解祈愿书",
        "仁爱祈愿书",
        "严格祈愿书",
        "美丽祈愿书",
        "胜利祈愿书",
        "光辉祈愿书",
        "基础祈愿书",
        "王国祈愿书",
        "王冠祈愿书",
        "祈愿材料包",
        "祈愿自选礼盒",
        "祈愿福袋",
        "虚空之匙",
        "质点精华",
        "虚空结晶",
        "初级改造模块",
        "中级改造模块",
        "高级改造模块",
        "特级改造模块",
        "超级改造模块",
        "改造自选礼盒",
        "无尽碎片",
        "无尽宝石",
        "王冠精华",
        "智慧精华",
        "理解精华",
        "仁爱精华",
        "严格精华",
        "美丽精华",
        "胜利精华",
        "光辉精华",
        "基础精华",
        "王国精华",
        "魔术师精华",
        "卡巴拉精华",
        "次元精华",
        "梦魇精华",
        "逆·王冠精华",
        "逆·王国精华",
        "精华礼盒",
        "精华自选礼盒",
        "质点精华福袋",
        "质点精华大福袋",
        "灵波聚合体",
        "精灵本源",
        "本源福袋",
        "本源大福袋",
        "精灵福袋",
        "S级精灵福袋",
        "9折日常折扣券",
        "9折通用折扣券",
        "猩红梦魇时装兑换券",
        "S级猩红梦魇宝石兑换",
        "联动娱乐券",
        "反转抑制剂",
        "主角光环·十香",
        "命运徽章",
        "誓约之证",
        "梦魇徽章",
        "公主徽章",
        "时光弹珠",
        "糖果拐杖",
        "钻石福袋"
    ],
    "公主徽章": [
        "{高级时装}",
        "{灵装}",
        "{普通时装}",
        "{普通时装}",
        "{普通时装}",
        "{服装碎片}",
        "{服装碎片}",
        "{服装碎片}",
        "{服装碎片}",
        "{服装碎片}",
        "{服装碎片}",
        "{服装碎片}",
        "{服装碎片}",
        "{服装碎片}",
        "{服装碎片}",
        "{服装碎片}",
        "{服装碎片}",
        "{服装碎片}",
        "{服装碎片}",
        "{服装碎片}",
        "{服装碎片}",
        "{服装碎片}",
        "{服装碎片}",
        "{服装碎片}",
        "{服装碎片}",
        "{服装碎片}",
        "{服装碎片}",
        "{服装碎片}",
        "{服装碎片}",
        "{服装碎片}",
        "{服装碎片}",
        "{服装碎片}",
        "{服装碎片}",
        "{服装碎片}",
        "{服装碎片}",
        "{服装碎片}",
        "{服装碎片}",
        "{服装碎片}",
        "{服装碎片}",
        "{服装碎片}",
        "{服装碎片}",
        "{服装碎片}",
        "{服装碎片}",
        "{服装碎片}",
        "{服装碎片}",
        "{服装碎片}",
        "{服装碎片}",
        "{服装碎片}",
        "{服装碎片}",
        "{服装碎片}",
        "{道具}",
        "{道具}",
        "{道具}",
        "{道具}",
        "{道具}",
        "{道具}",
        "{道具}",
        "{道具}",
        "{道具}",
        "{道具}",
        "{道具}",
        "{道具}",
        "{道具}",
        "{道具}",
        "{道具}",
        "{道具}",
        "{道具}",
        "{道具}",
        "{道具}",
        "{道具}",
        "{道具}",
        "{道具}",
        "{道具}",
        "{道具}",
        "{道具}",
        "{道具}",
        "{道具}",
        "{道具}",
        "{道具}",
        "{道具}",
        "{道具}",
        "{道具}",
        "{道具}",
        "{道具}",
        "{道具}",
        "{道具}",
        "{道具}",
        "{道具}",
        "{道具}",
        "{道具}",
        "{道具}",
        "{道具}",
        "{道具}",
        "{道具}",
        "{道具}",
        "{道具}",
        "{道具}",
        "{道具}",
        "{道具}",
        "{道具}"
    ],
    "时装十连": [
        "\n{%公主徽章}\n{%公主徽章}\n{%公主徽章}\n{%公主徽章}\n{%公主徽章}\n{%公主徽章}\n{%公主徽章}\n{%公主徽章}\n{%公主徽章}\n{%公主徽章}"
    ]
}