﻿{
    "ss角色": [
        "SS精灵 夜刀神十香〔反转〕",
        "SS精灵 鸢一折纸〔反转〕",
        "SS精灵 万由里",
        "SS女神 涅普迪努",
        "SS女神 布兰",
        "SS女神 贝露",
        "SS女神 诺瓦露",
        "SS精灵 时崎狂三〔猩红梦魇〕",
        "SS超能力者 御坂美琴"
    ],
    "s角色": [
        "S精灵 时崎狂三",
        "S精灵 五河琴里",
        "S精灵 七罪",
        "S精灵 鸢一折纸〔精灵〕",
        "S精灵 夜刀神十香〔灭杀皇〕",
        "S精灵 四糸乃〔冰雪公主〕",
        "S魔术师 艾伦·马瑟斯〔DEM〕",
        "S超能力者 白井黑子"
    ],
    "aa角色": [
        "AA精灵 八舞夕弦",
        "AA精灵 八舞耶俱矢",
        "AA精灵 诱宵美九",
        "AA魔术师 崇宫真那〔芬里尔〕",
        "AA魔术师 鸢一折纸〔DEM〕"
    ],
    "a角色": [
        "A精灵 夜刀神十香",
        "A魔术师 崇宫真那〔DEM〕"
    ],
    "b角色": [
        "B精灵 四糸乃",
        "B魔术师 鸢一折纸"
    ],
    "ss角色sp": [
        "反转十香碎片",
        "反转折纸碎片",
        "万由里碎片",
        "涅普迪努碎片",
        "布兰碎片",
        "贝露碎片",
        "诺瓦露碎片",
        "猩红梦魇碎片",
        "御坂美琴碎片"
    ],
    "s角色sp": [
        "时崎狂三碎片",
        "五河琴里碎片",
        "七罪碎片",
        "精灵折纸碎片",
        "灭杀皇十香碎片",
        "冰雪公主碎片",
        "DEM艾伦碎片",
        "白井黑子碎片"
    ],
    "aa角色sp": [
        "八舞夕弦碎片",
        "八舞耶俱矢碎片",
        "诱宵美九碎片",
        "芬里尔真那碎片",
        "DEM折纸碎片"
    ],
    "a角色sp": [
        "夜刀神十香碎片",
        "DEM真那碎片"
    ],
    "道具": [
        "★ 1级金币卡",
        "★★ 2级金币卡",
        "★★★ 3级金币卡",
        "★★★★ 4级金币卡",
        "★★★★★ 5级金币卡",
        "金币福袋",
        "金币大福袋",
        "★ 初级经验芯片",
        "★★ 中级经验芯片",
        "★★★ 高级经验芯片",
        "★★★★ 特级经验芯片",
        "★★★★★ 超级经验芯片",
        "经验福袋",
        "经验大福袋",
        "★ 初级能量液",
        "★★ 中级能量液",
        "★★★ 高级能量液",
        "★★★★ 特级能量液",
        "★★★★★ 超级能量液",
        "★ 灵力残片",
        "★★ 灵力晶体",
        "★★★ 灵能水晶",
        "★★★★ 灵能结晶",
        "★★★★★ 灵能晶源",
        "★ 古代碎片",
        "★★ 古代元件",
        "★★★ 能源三角",
        "★★★★ 魔能立方",
        "★★★★★ 虚数空间",
        "★ 金属装甲",
        "★★ 合金护盾",
        "★★★ 高斯枪管",
        "★★★★ 次元护盾",
        "★★★★★ 多维剑刃",
        "★ 喷气加速器",
        "★★ 涡轮增压器",
        "★★★ 电子脉冲器",
        "★★★★ 核能推进器",
        "★★★★★ 量子动能器",
        "★ 初级灵力石",
        "★★ 中级灵力石",
        "★★★ 高级灵力石",
        "★★★★ 特级灵力石",
        "★★★★★ 超级灵力石",
        "★ 灵之玉",
        "★★ 苍之玉",
        "★★★ 星之玉",
        "★★★★ 月之玉",
        "★★★★★ 日之玉",
        "★ 集成芯片",
        "★★ 超级芯片",
        "★★★ 纳米芯片",
        "★★★★ 智能芯片",
        "★★★★★ 质子芯片",
        "1星突破自选箱",
        "2星突破自选箱",
        "3星突破自选箱",
        "4星突破自选箱",
        "5星突破自选箱",
        "3星突破材料箱",
        "4星突破材料箱",
        "5星突破材料箱",
        "突破补给箱",
        "突破自选箱",
        "撒旦徽记",
        "别西卜徽记",
        "罗弗寇徽记",
        "亚斯塔洛特徽记",
        "卡巴拉徽记",
        "生命精华",
        "轮回之石",
        "王冠祈愿书",
        "智慧祈愿书",
        "理解祈愿书",
        "仁爱祈愿书",
        "严格祈愿书",
        "美丽祈愿书",
        "胜利祈愿书",
        "光辉祈愿书",
        "基础祈愿书",
        "王国祈愿书",
        "王冠祈愿书",
        "祈愿材料包",
        "祈愿自选礼盒",
        "祈愿福袋",
        "虚空之匙",
        "质点精华",
        "虚空结晶",
        "初级改造模块",
        "中级改造模块",
        "高级改造模块",
        "特级改造模块",
        "超级改造模块",
        "改造自选礼盒",
        "无尽碎片",
        "无尽宝石",
        "王冠精华",
        "智慧精华",
        "理解精华",
        "仁爱精华",
        "严格精华",
        "美丽精华",
        "胜利精华",
        "光辉精华",
        "基础精华",
        "王国精华",
        "魔术师精华",
        "卡巴拉精华",
        "次元精华",
        "梦魇精华",
        "逆·王冠精华",
        "逆·王国精华",
        "精华礼盒",
        "精华自选礼盒",
        "质点精华福袋",
        "质点精华大福袋",
        "灵波聚合体",
        "精灵本源",
        "本源福袋",
        "本源大福袋",
        "精灵福袋",
        "S级精灵福袋",
        "9折日常折扣券",
        "9折通用折扣券",
        "猩红梦魇时装兑换券",
        "S级猩红梦魇宝石兑换",
        "反转抑制剂",
        "主角光环·十香",
        "命运徽章",
        "誓约之证",
        "梦魇徽章",
        "公主徽章",
        "时光弹珠",
        "钻石福袋"
    ],
    "命运徽章": [
        "{ss角色}",
        "{s角色}",
        "{s角色}",
        "{aa角色}",
        "{aa角色}",
        "{aa角色}",
        "{a角色}",
        "{a角色}",
        "{a角色}",
        "{a角色}",
        "{a角色}",
        "{b角色}",
        "{b角色}",
        "{b角色}",
        "{b角色}",
        "{b角色}",
        "{b角色}",
        "{b角色}",
        "{ss角色sp}",
        "{s角色sp}",
        "{s角色sp}",
        "{s角色sp}",
        "{s角色sp}",
        "{s角色sp}",
        "{aa角色sp}",
        "{aa角色sp}",
        "{aa角色sp}",
        "{aa角色sp}",
        "{aa角色sp}",
        "{aa角色sp}",
        "{aa角色sp}",
        "{a角色sp}",
        "{a角色sp}",
        "{a角色sp}",
        "{a角色sp}",
        "{a角色sp}",
        "{a角色sp}",
        "{a角色sp}",
        "{a角色sp}",
        "{a角色sp}",
        "{a角色sp}",
        "{道具}",
        "{道具}",
        "{道具}",
        "{道具}",
        "{道具}",
        "{道具}",
        "{道具}",
        "{道具}",
        "{道具}",
        "{道具}",
        "{道具}",
        "{道具}",
        "{道具}",
        "{道具}",
        "{道具}",
        "{道具}",
        "{道具}",
        "{道具}",
        "{道具}",
        "{道具}",
        "{道具}",
        "{道具}",
        "{道具}",
        "{道具}",
        "{道具}",
        "{道具}",
        "{道具}",
        "{道具}",
        "{道具}",
        "{道具}",
        "{道具}",
        "{道具}",
        "{道具}",
        "{道具}",
        "{道具}",
        "{道具}",
        "{道具}",
        "{道具}",
        "{道具}",
        "{道具}",
        "{道具}",
        "{道具}",
        "{道具}",
        "{道具}",
        "{道具}",
        "{道具}",
        "{道具}",
        "{道具}",
        "{道具}",
        "{道具}",
        "{道具}",
        "{道具}",
        "{道具}",
        "{道具}",
        "{道具}",
        "{道具}",
        "{道具}",
        "{道具}",
        "{道具}"
    ],
    "约战十连": [
        "\n{%命运徽章}\n{%命运徽章}\n{%命运徽章}\n{%命运徽章}\n{%命运徽章}\n{%命运徽章}\n{%命运徽章}\n{%命运徽章}\n{%命运徽章}\n{%命运徽章}"
    ]
}