﻿{
    "5星tz质点": [
        "★★★★★☆ 〔王冠〕魔王·撒旦〔魔王〕",
        "★★★★★☆ 〔智慧〕魔王·别西卜〔魔王〕",
        "★★★★★☆ 〔理解〕魔王·罗弗寇〔魔王〕",
        "★★★★★☆ 〔仁爱〕魔王·亚斯塔洛特〔魔王〕",
        "★★★★★☆ 〔严格〕魔王·阿斯莫德〔魔王〕",
        "★★★★★☆ 〔美丽〕魔王·贝芬格〔魔王〕",
        "★★★★★☆ 〔仁爱〕天神·海奎特〔天神〕",
        "★★★★★☆ 〔美丽〕天神·芙萝拉〔天神〕",
        "★★★★★☆ 〔胜利〕天神·莫伽娜〔天神〕",
        "★★★★★☆ 〔胜利〕战姬·艾尔德斯〔战姬〕",
        "★★★★★☆ 〔基础〕战姬·喀秋莎〔战姬〕",
        "★★★★★☆ 〔王国〕战姬·卡米拉〔战姬〕",
        "★★★★★☆ 〔光辉〕圣灵·赫斯提亚〔圣灵〕",
        "★★★★★☆ 〔基础〕圣灵·姆特〔圣灵〕",
        "★★★★★☆ 〔王国〕圣灵·嘉碧耶〔圣灵〕",
        "★★★★★☆ 〔王冠〕蔷薇·伊丽莎白〔蔷薇〕",
        "★★★★★☆ 〔智慧〕蔷薇·格欧菲茵〔蔷薇〕",
        "★★★★★☆ 〔理解〕蔷薇·爱丽莎〔蔷薇〕",
        "★★★★★☆ 〔智慧〕领袖·艾莉娜〔领袖〕",
        "★★★★★☆ 〔仁爱〕领袖·然德基尔〔领袖〕",
        "★★★★★☆ 〔美丽〕领袖·安托瓦内特〔领袖〕",
        "★★★★★☆ 〔严格〕魅影·英凛之姿〔魅影〕",
        "★★★★★☆ 〔美丽〕魅影·玫瑰武装〔魅影〕",
        "★★★★★☆ 〔光辉〕魅影·黑暗君王〔魅影〕",
        "★★★★★☆ 〔王冠〕审判·流转之境〔审判〕",
        "★★★★★☆ 〔理解〕审判·时光之舞〔审判〕",
        "★★★★★☆ 〔美丽〕审判·轮回之影〔审判〕",
        "★★★★★☆ 〔仁爱〕炽焱·余烬之风〔炽焱〕",
        "★★★★★☆ 〔严格〕炽焱·赤霄之拥〔炽焱〕",
        "★★★★★☆ 〔美丽〕炽焱·破魔之终〔炽焱〕",
        "★★★★★☆ 〔智慧〕裁决·倾心之约〔裁决〕",
        "★★★★★☆ 〔理解〕裁决·破茧之时〔裁决〕",
        "★★★★★☆ 〔美丽〕裁决·惊鸿之羽〔裁决〕",
        "★★★★★☆ 〔王冠〕普利德文·骑士剑〔普利德文〕",
        "★★★★★☆ 〔智慧〕普利德文·荆棘剑〔普利德文〕",
        "★★★★★☆ 〔理解〕普利德文·蔷薇剑〔普利德文〕",
        "★★★★★☆ 〔光辉〕魔术·飞空女巫〔魔术〕",
        "★★★★★☆ 〔基础〕魔术·千面之法〔魔术〕",
        "★★★★★☆ 〔王国〕魔术·作祟密友〔魔术〕",
        "★★★★★☆ 〔严格〕统帅·断罪之斩〔统帅〕",
        "★★★★★☆ 〔美丽〕统帅·羁绊誓约〔统帅〕",
        "★★★★★☆ 〔光辉〕统帅·破阵一击〔统帅〕",
        "★★★★★☆ 〔理解〕冰姬·天冬霜灵〔冰姬〕",
        "★★★★★☆ 〔严格〕冰姬·妖精之舞〔冰姬〕",
        "★★★★★☆ 〔美丽〕冰姬·超寒领域〔冰姬〕",
        "★★★★★☆ 〔理解〕天使·悲悯之舞〔天使〕",
        "★★★★★☆ 〔严格〕天使·圣命战歌〔天使〕",
        "★★★★★☆ 〔美丽〕天使·光明天女〔天使〕",
        "★★★★★☆ 〔光辉〕妖精·阿尔菲丽亚〔妖精〕",
        "★★★★★☆ 〔基础〕妖精·莱克希尔〔妖精〕",
        "★★★★★☆ 〔王国〕妖精·多莉斯〔妖精〕",
        "★★★★★☆ 〔王冠〕万灵·强化武装〔万灵〕",
        "★★★★★☆ 〔智慧〕万灵·智慧双斩〔万灵〕",
        "★★★★★☆ 〔理解〕万灵·战场之花〔万灵〕",
        "★★★★★☆ 〔王冠〕恶魔·灭界睥睨〔恶魔〕",
        "★★★★★☆ 〔理解〕恶魔·真实之暗〔恶魔〕",
        "★★★★★☆ 〔美丽〕恶魔·救世慈悲〔恶魔〕",
        "★★★★★☆ 〔王冠〕女神·绀紫之心〔女神〕",
        "★★★★★☆ 〔智慧〕女神·纯白之心〔女神〕",
        "★★★★★☆ 〔理解〕女神·圣黑之心〔女神〕",
        "★★★★★☆ 〔美丽〕女神·翠绿之心〔女神〕",
        "★★★★★ 〔王冠〕圣诞·鸢一折纸〔圣诞〕",
        "★★★★★ 〔智慧〕圣诞·万由里〔圣诞〕",
        "★★★★★ 〔理解〕圣诞·时崎狂三〔圣诞〕",
        "★★★★★ 〔仁爱〕圣诞·四糸乃〔圣诞〕",
        "★★★★★ 〔严格〕圣诞·五河琴里〔圣诞〕",
        "★★★★★ 〔美丽〕圣诞·五河士织〔圣诞〕",
        "★★★★★ 〔胜利〕圣诞·八舞耶俱矢〔圣诞〕",
        "★★★★★ 〔光辉〕圣诞·八舞夕弦〔圣诞〕",
        "★★★★★ 〔基础〕圣诞·诱宵美九〔圣诞〕",
        "★★★★★ 〔王国〕圣诞·夜刀神十香〔圣诞〕",
        "★★★★★ 〔光辉〕捣蛋·糖果精灵〔捣蛋〕",
        "★★★★★ 〔基础〕捣蛋·扫帚女巫〔捣蛋〕",
        "★★★★★ 〔王国〕捣蛋·南瓜公主〔捣蛋〕",
        "★★★★★ 〔美丽〕福瑞·五河琴里〔春节〕",
        "★★★★★ 〔胜利〕福瑞·诱宵美九〔春节〕",
        "★★★★★ 〔基础〕福瑞·夜刀神十香〔春节〕",
        "★★★★★ 〔美丽〕女仆·鸢一折纸〔女仆〕",
        "★★★★★ 〔胜利〕女仆·时崎狂三〔女仆〕",
        "★★★★★ 〔光辉〕女仆·诱宵美九〔女仆〕",
        "★★★★★ 〔理解〕仲夏·崇宫真那〔仲夏〕",
        "★★★★★ 〔严格〕仲夏·艾伦·马瑟斯〔仲夏〕",
        "★★★★★ 〔美丽〕仲夏·鸢一折纸〔仲夏〕",
        "★★★★★ 〔仁爱〕C小调·梦之和弦〔奏鸣曲〕",
        "★★★★★ 〔美丽〕D大调·酩薰圆舞〔奏鸣曲〕",
        "★★★★★ 〔胜利〕X唱片·泛黄留声〔奏鸣曲〕",
        "★★★★★☆ 〔智慧〕异界旅者·消散之影〔异界旅者〕",
        "★★★★★☆ 〔理解〕异界旅者·永恒之瞬〔异界旅者〕",
        "★★★★★☆ 〔美丽〕异界旅者·不破之域〔异界旅者〕",
        "★★★★★ 〔严格〕冬之礼·围炉暖雪〔冬之礼〕",
        "★★★★★ 〔美丽〕冬之礼·恬静蜜雪〔冬之礼〕",
        "★★★★★ 〔光辉〕冬之礼·纷华舞雪〔冬之礼〕",
        "★★★★★☆ 〔光辉〕风纪委员·执法宣告〔风纪委员〕",
        "★★★★★☆ 〔基础〕风纪委员·战斗进行〔风纪委员〕",
        "★★★★★☆ 〔王国〕风纪委员·传送预备〔风纪委员〕",
        "★★★★★☆ 〔理解〕超电磁炮·跃动电光〔超电磁炮〕",
        "★★★★★☆ 〔严格〕超电磁炮·旋风回踢〔超电磁炮〕",
        "★★★★★☆ 〔美丽〕超电磁炮·装填就绪〔超电磁炮〕",
        "★★★★★ 〔胜利〕福年-阖家团圆〔福年如意〕",
        "★★★★★ 〔光辉〕福年-灯火通明〔福年如意〕",
        "★★★★★ 〔基础〕福年-鞭炮声声〔福年如意〕"
    ],
    "5星质点": [
        "★★★★★ 〔王冠〕阿玛尔塞",
        "★★★★★ 〔智慧〕朱诺",
        "★★★★★ 〔理解〕诺莫斯",
        "★★★★★ 〔仁爱〕拉娜蒂丝",
        "★★★★★ 〔严格〕科黛",
        "★★★★★ 〔美丽〕宇宫加奈",
        "★★★★★ 〔美丽〕茵蒂克丝",
        "★★★★★ 〔胜利〕密涅瓦",
        "★★★★★ 〔光辉〕伊莫拉",
        "★★★★★ 〔基础〕伊邪那美",
        "★★★★★ 〔王国〕安娜科",
        "★★★★★ 〔王国〕点心屋的公主"
    ],
    "4星质点": [
        "★★★★ 〔王冠〕真·卑弥呼",
        "★★★★ 〔智慧〕真·桂妮维尔",
        "★★★★ 〔理解〕真·诺尔",
        "★★★★ 〔仁爱〕真·卢娜",
        "★★★★ 〔严格〕真·希斯卡",
        "★★★★ 〔美丽〕真·瑞丽丝",
        "★★★★ 〔胜利〕真·涅墨西斯",
        "★★★★ 〔光辉〕真·拉斐尔",
        "★★★★ 〔基础〕真·桐壶女御",
        "★★★★ 〔王国〕真·玛格丽特",
        "★★★★ 〔王冠〕萌新·守护之剑〔新手〕",
        "★★★★ 〔智慧〕萌新·呼唤之剑〔新手〕",
        "★★★★ 〔美丽〕萌新·前行之剑〔新手〕"
    ],
    "3星质点": [
        "★★★ 〔王冠〕卑弥呼",
        "★★★ 〔智慧〕桂妮维尔",
        "★★★ 〔理解〕诺尔",
        "★★★ 〔仁爱〕卢娜",
        "★★★ 〔严格〕希斯卡",
        "★★★ 〔美丽〕瑞丽丝",
        "★★★ 〔胜利〕涅墨西斯",
        "★★★ 〔光辉〕拉斐尔",
        "★★★ 〔基础〕桐壶女御",
        "★★★ 〔王国〕玛格丽特"
    ],
    "咕噜": [
        "★ 〔知识〕小咕噜",
        "★ 〔知识〕咕噜侠",
        "★ 〔知识〕咕噜师父",
        "★ 〔知识〕咕噜大佬",
        "★ 〔知识〕咕噜王",
        "★★★★ 〔智慧〕战斗咕噜",
        "★★★★★ 〔知识〕百变咕噜"
    ],
    "道具": [
        "★ 1级金币卡",
        "★★ 2级金币卡",
        "★★★ 3级金币卡",
        "★★★★ 4级金币卡",
        "★★★★★ 5级金币卡",
        "金币福袋",
        "金币大福袋",
        "★ 初级经验芯片",
        "★★ 中级经验芯片",
        "★★★ 高级经验芯片",
        "★★★★ 特级经验芯片",
        "★★★★★ 超级经验芯片",
        "经验福袋",
        "经验大福袋",
        "★ 初级能量液",
        "★★ 中级能量液",
        "★★★ 高级能量液",
        "★★★★ 特级能量液",
        "★★★★★ 超级能量液",
        "★ 灵力残片",
        "★★ 灵力晶体",
        "★★★ 灵能水晶",
        "★★★★ 灵能结晶",
        "★★★★★ 灵能晶源",
        "★ 古代碎片",
        "★★ 古代元件",
        "★★★ 能源三角",
        "★★★★ 魔能立方",
        "★★★★★ 虚数空间",
        "★ 金属装甲",
        "★★ 合金护盾",
        "★★★ 高斯枪管",
        "★★★★ 次元护盾",
        "★★★★★ 多维剑刃",
        "★ 喷气加速器",
        "★★ 涡轮增压器",
        "★★★ 电子脉冲器",
        "★★★★ 核能推进器",
        "★★★★★ 量子动能器",
        "★ 初级灵力石",
        "★★ 中级灵力石",
        "★★★ 高级灵力石",
        "★★★★ 特级灵力石",
        "★★★★★ 超级灵力石",
        "★ 灵之玉",
        "★★ 苍之玉",
        "★★★ 星之玉",
        "★★★★ 月之玉",
        "★★★★★ 日之玉",
        "★ 集成芯片",
        "★★ 超级芯片",
        "★★★ 纳米芯片",
        "★★★★ 智能芯片",
        "★★★★★ 质子芯片",
        "1星突破自选箱",
        "2星突破自选箱",
        "3星突破自选箱",
        "4星突破自选箱",
        "5星突破自选箱",
        "3星突破材料箱",
        "4星突破材料箱",
        "5星突破材料箱",
        "突破补给箱",
        "突破自选箱",
        "撒旦徽记",
        "别西卜徽记",
        "罗弗寇徽记",
        "亚斯塔洛特徽记",
        "卡巴拉徽记",
        "生命精华",
        "轮回之石",
        "王冠祈愿书",
        "智慧祈愿书",
        "理解祈愿书",
        "仁爱祈愿书",
        "严格祈愿书",
        "美丽祈愿书",
        "胜利祈愿书",
        "光辉祈愿书",
        "基础祈愿书",
        "王国祈愿书",
        "王冠祈愿书",
        "祈愿材料包",
        "祈愿自选礼盒",
        "祈愿福袋",
        "虚空之匙",
        "质点精华",
        "虚空结晶",
        "初级改造模块",
        "中级改造模块",
        "高级改造模块",
        "特级改造模块",
        "超级改造模块",
        "改造自选礼盒",
        "无尽碎片",
        "无尽宝石",
        "王冠精华",
        "智慧精华",
        "理解精华",
        "仁爱精华",
        "严格精华",
        "美丽精华",
        "胜利精华",
        "光辉精华",
        "基础精华",
        "王国精华",
        "魔术师精华",
        "卡巴拉精华",
        "次元精华",
        "梦魇精华",
        "逆·王冠精华",
        "逆·王国精华",
        "精华礼盒",
        "精华自选礼盒",
        "质点精华福袋",
        "质点精华大福袋",
        "灵波聚合体",
        "精灵本源",
        "本源福袋",
        "本源大福袋",
        "精灵福袋",
        "S级精灵福袋",
        "9折日常折扣券",
        "9折通用折扣券",
        "猩红梦魇时装兑换券",
        "S级猩红梦魇宝石兑换",
        "反转抑制剂",
        "主角光环·十香",
        "命运徽章",
        "誓约之证",
        "梦魇徽章",
        "公主徽章",
        "时光弹珠",
        "钻石福袋"
    ],
    "命运誓约": [
        "{5星tz质点}",
        "{5星tz质点}",
        "{5星tz质点}",
        "{5星tz质点}",
        "{5星质点}",
        "{5星质点}",
        "{5星质点}",
        "{5星质点}",
        "{5星质点}",
        "{5星质点}",
        "{5星质点}",
        "{5星质点}",
        "{5星质点}",
        "{4星质点}",
        "{4星质点}",
        "{4星质点}",
        "{4星质点}",
        "{4星质点}",
        "{4星质点}",
        "{4星质点}",
        "{4星质点}",
        "{4星质点}",
        "{4星质点}",
        "{4星质点}",
        "{4星质点}",
        "{3星质点}",
        "{3星质点}",
        "{3星质点}",
        "{3星质点}",
        "{3星质点}",
        "{3星质点}",
        "{3星质点}",
        "{3星质点}",
        "{3星质点}",
        "{3星质点}",
        "{3星质点}",
        "{3星质点}",
        "{3星质点}",
        "{3星质点}",
        "{3星质点}",
        "{咕噜}",
        "{咕噜}",
        "{咕噜}",
        "{咕噜}",
        "{咕噜}",
        "{咕噜}",
        "{咕噜}",
        "{咕噜}",
        "{咕噜}",
        "{咕噜}",
        "{咕噜}",
        "{咕噜}",
        "{咕噜}",
        "{咕噜}",
        "{咕噜}",
        "{咕噜}",
        "{咕噜}",
        "{咕噜}",
        "{咕噜}",
        "{咕噜}",
        "{道具}",
        "{道具}",
        "{道具}",
        "{道具}",
        "{道具}",
        "{道具}",
        "{道具}",
        "{道具}",
        "{道具}",
        "{道具}",
        "{道具}",
        "{道具}",
        "{道具}",
        "{道具}",
        "{道具}",
        "{道具}",
        "{道具}",
        "{道具}",
        "{道具}",
        "{道具}",
        "{道具}",
        "{道具}",
        "{道具}",
        "{道具}",
        "{道具}",
        "{道具}",
        "{道具}",
        "{道具}",
        "{道具}",
        "{道具}",
        "{道具}",
        "{道具}",
        "{道具}",
        "{道具}",
        "{道具}",
        "{道具}",
        "{道具}",
        "{道具}",
        "{道具}",
        "{道具}"
    ],
    "质点十连": [
        "\n{%命运誓约}\n{%命运誓约}\n{%命运誓约}\n{%命运誓约}\n{%命运誓约}\n{%命运誓约}\n{%命运誓约}\n{%命运誓约}\n{%命运誓约}\n{%命运誓约}"
    ]
}