﻿{
  "_title": [ "六版怪物之锤抽取" ],
  "_author": [ "于言诺" ],
  "_date": [ "2022/5/18" ],
  "_version": [ "1.0.1" ],
  "_updateDate": [ "2022/8/16" ],
  "_brief": [ "其实没什么大用，你们最后还是得去查怪锤才知道这玩意能干啥，只是提供一点灵感罢了（；8.16更新：添加了了_keys字段" ],
  "_keys": [ "六版神话生物", "六版神祗" ],
  "六版神话生物内部": [
    "阿布霍斯之眷属",
    "埃杜布拉里",
    "爱伊海伊人 ",
    "阿尔斯卡里",
    "阿尼米丘利",
    "阿特拉克-纳查之女",
    "拜亚基",
    "查寇塔",
    "夏乌戈纳尔·法格恩的弟兄",
    "风之子",
    "钻地魔虫",
    "寒冷者",
    "星之彩",
    "爬行者",
    "梦境结晶器守护者",
    "克苏鲁星之眷族",
    "克苏鲁之仆役",
    "漆黑者",
    "黯藻",
    "深潜者",
    "混血深潜者",
    "空鱼",
    "巨噬蠕虫",
    "空鬼",
    "尘人",
    "深渊之民",
    "艾霍特寄生体",
    "远古者",
    "炎之精",
    "星海钓客",
    "飞天水螅",
    "古异子嗣",
    "邪恶真菌",
    "妖鬼",
    "食尸鬼",
    "格拉基之仆从",
    "格尼查特·泰阿查特",
    "诺弗•刻",
    "羊木镇侏儒",
    "戈弗恩·胡帕德戈·莎布·尼古拉斯",
    "绿渊眷族",
    "绿神子嗣",
    "古革巨人",
    "盖艾·幽嘶",
    "哈斯塔之眷族",
    "地狱植物",
    "无形之骏马",
    "奈亚拉托提普的恐怖猎手",
    "终北之地住民",
    "伊伯生物与伊伯幽灵",
    "昆扬人",
    "冷族人",
    "冷蛛",
    "勒杰赫斯住民",
    "罗伊格尔",
    "流明",
    "玛尔滕斯一族",
    "火星人",
    "米·戈",
    "百万蒙宠者",
    "精神寄生虫",
    "米里·尼格利",
    "月兽",
    "夏尼先生",
    "纳伽埃",
    "夜魇",
    "奈欧斯·克欧格亥",
    "奈汉·格瑞",
    "尼约格达的眷属",
    "奥图姆的奴仆",
    "欧图伊格的眷族",
    "外神之仆役",
    "苍白舞者",
    "皮特索奇",
    "鼠人",
    "人面鼠",
    "爬虫人",
    "潜砂怪",
    "搜寻者",
    "蛇人",
    "斯格霍居民",
    "夏盖",
    "夏盖虫族",
    "夏塔克鸟",
    "修格斯",
    "修格斯领主",
    "原初修格斯 ",
    "黑山羊幼仔",
    "肖格阮",
    "空间食魔",
    "风之眷属",
    "灵体猎手",
    "斯芬克斯的孩子",
    "星池潜伏者",
    "星之精",
    "猪人",
    "丘丘人",
    "外域恐怖",
    "“物体”",
    "廷达罗斯猎犬",
    "廷达罗斯领主",
    "廷达罗斯混血种",
    "坟兽",
    "“旅行者”",
    "姆巴瓦树人",
    "三尖树",
    "巨魔",
    "撒托古亚的无形之子",
    "撒托古亚的子孙",
    "地底掘进者",
    "堤丰之兽",
    "乌波·萨丝拉的血裔",
    "不可名状的支配者",
    "沃米人",
    "沃尔人",
    "看守者",
    "雪怪",
    "蠕虫行者",
    "地上蠕虫",
    "塞克洛托尔星怪",
    "塞克洛托尔星的死之蔓藤",
    "柔透·米戈",
    "亚狄斯住民",
    "耶库伯居民",
    "伊戈隆纳克的仆从",
    "伊格的子孙",
    "伊斯之伟大种族",
    "新伟大种族",
    "尤格·索托斯之子",
    "于格",
    "扎尔",
    "祖格"
  ],
  "六版神祗内部": [
    "阿布霍斯",
    "上古者",
    "阿弗姆·扎",
    "阿里尔",
    "阿尔瓦萨",
    "阿特拉克·纳查",
    "阿撒托斯",
    "撒达·赫格拉",
    "鲍特·祖卡莫格",
    "巴斯特 ",
    "来自群星的黑暗",
    "波库鲁格",
    "巴格·沙斯",
    "比亚提斯",
    "夏乌戈纳尔.法格恩",
    "似云之物",
    "克图格亚",
    "最深黑暗的活火焰",
    "克苏鲁 ",
    "比蒙",
    "克拉辛",
    "群鲨之父，克苏鲁的化身 ",
    "克希拉",
    "克赛克修克鲁斯",
    "赛伊格亚 ",
    "赛诺索格里斯",
    "达贡&许德拉",
    "道罗斯",
    "神圣之光",
    "多伊之眷属",
    "艾霍特 ",
    "下级旧神 ",
    "弗塔古亚",
    "加达蒙",
    "加塔诺托亚",
    "基兹古斯",
    "格罗斯 ",
    "格拉基 ",
    "格鲁恩",
    "诺弗刻斯",
    "高格·霍尔",
    "戈尔·格罗斯",
    "绿神",
    "格罗斯·高卡",
    "哈格阿格·莱昂尼斯",
    "汉",
    "哈斯陶吕克",
    "不可名状者哈斯塔 ",
    "远方饕噬者 ",
    "翡翠喇嘛",
    "黄衣之王 ",
    "海德拉",
    "修浦诺斯 ",
    "赫祖尔夸伊耿扎",
    "伊德·雅",
    "伊欧德",
    "伊西斯",
    "伊塔库亚 ",
    "死亡行者",
    "雪之怪",
    "朱克·夏博 ",
    "卡拉卡尔 ",
    "卡索格萨 ",
    "克塔尼德 ",
    "库潘格亚",
    "雷姆",
    "莉莉丝",
    "洛本",
    "伟大之不可言及者",
    "姆西斯哈",
    "姆纳加拉",
    "诺姆夸",
    "莫尔迪基安",
    "脓汁之母",
    "纳斯·霍萨斯",
    "恩克托萨&恩克托鲁 ",
    "诺登斯",
    "纳茜·卡姆波尔",
    "努格&耶布 ",
    "奈亚拉托提普",
    "阿图 ",
    "惡心影",
    "萨麦迪男爵",
    "野兽",
    "黑公牛 ",
    "黑色恶魔 ",
    "黑狮子 ",
    "黑色之人",
    "黑法老",
    "黑风 ",
    "肿胀之女",
    "血舌 ",
    "伏行之雾 ",
    "暗之恶魔 ",
    "暗之住民 ",
    "憎恨雕像 ",
    "无貌之神 ",
    "憎恨雕像 ",
    "漂浮的恐怖",
    "绿男",
    "夜魔",
    "不能描述的大祭司",
    "寄主",
    "人类形态",
    "杰克南瓜灯",
    "可可佩利",
    "勒若格基",
    "远古者们的信使",
    "奈亚拉托菲斯",
    "帕祖祖",
    "暗影之池",
    "红衣女皇",
    "塞特",
    "肖格阮",
    "髑髅恐惧",
    "无皮者",
    "微小爬行者",
    "托特",
    "嘀嗒人",
    "恸哭蠕动者",
    "柳条人",
    "尼约格达 ",
    "伊德海拉",
    "易小姐",
    "依托格萨",
    "佐斯·奥摩格",
    "乌恩",
    "欧萨达格瓦",
    "外神之幼体",
    "下级外神",
    "奥图姆",
    "欧图伊格",
    "我们的悲伤女士",
    "法罗尔",
    "奎斯-阿兹",
    "红流之神",
    "日利姆·夏科洛斯",
    "罗毕格乌斯",
    "萨提",
    "塞贝克",
    "沙比斯-卡",
    "星辰之母",
    "萨曼乌斯",
    "塔马什",
    "乌博",
    "乌特乌尔斯-赫尔埃尔",
    "维布尔",
    "沃瓦道斯",
    "乌素姆",
    "雅多-塔达格",
    "伊坎尼格斯兹",
    "耶格-哈",
    "犹格-索托斯",
    "尤马格尼托",
    "扎索格",
    "佐-卡拉尔",
    "索斯·塞拉",
    "茨泰尔贞格米"
  ],
  "六版神话生物": [ "[$t玩家]抽出了：{%六版神话生物内部}。" ],
  "六版神祗": [ "[$t玩家]抽出了：{%六版神祗内部}。" ]
}