﻿{
  "_title": [ "V家P主" ],
  "_author": [ "于言诺（3406451799）" ],
  "_date": [ "2022/8/10" ],
  "_version": [ "1.0.1" ],
  "_updateDate": [ "2022/8/16" ],
  "_brief": [ "本牌堆适配的是豹骰的版本，请其他骰系骰主使用时自行修改其中关键词防止keys长度爆炸；我的牌堆都可以在保留署名的前提下二改二传；本牌堆数据来源为2022.8.10的萌娘百科的P主列表。是说，有错误不关我事请去找萌百的意思。8.16更新：添加了_keys字段。" ],
  "_keys": ["V家P主"],
  "V家P主内部": [
    "A-39 ",
    "Ace丨Zero ",
    "Adam_K ",
    "AfterLight余晖 ",
    "ANK ",
    "AnnyJuly ",
    "A叔 ",
    "阿碇司令 ",
    "阿良良木健 ",
    "阿妍Ayan ",
    "阿原Adam ",
    "安陵影钦 ",
    "暗猫の祝福 ",
    "BK小鹿 ",
    "Boxstar ",
    "崩坏Sovietsy ",
    "白夜ビャクヤ ",
    "半只金蓝 ",
    "CARDINAL星海 ",
    "cnsouka ",
    "Cokoon ",
    "COP ",
    "Creuzer ",
    "湌謔 ",
    "沧弦落尘 ",
    "茶茶P ",
    "蝉c ",
    "晨鹊 ",
    "樗儿(つろP) ",
    "初繁言 ",
    "纯白 ",
    "磁带君 ",
    "DBRT ",
    "Ddickky ",
    "Dec顾令 ",
    "DELA ",
    "Digger ",
    "DOS:Error# ",
    "Dsound ",
    "大♂古 ",
    "大九_LN ",
    "敌门 ",
    "电鱼 ",
    "动点P ",
    "豆腐P ",
    "度娘你要闹哪样 ",
    "ediq ",
    "饭団子P ",
    "风守miNado ",
    "枫音Atsuko ",
    "gfcjyb ",
    "GhostFinal ",
    "G.K ",
    "Grid格子君 ",
    "钢铁信徒 ",
    "公兔 ",
    "卦者灵风 ",
    "果汁涼菜 ",
    "Haru.jpg ",
    "H.K.君 ",
    "哈士奇P ",
    "海格P ",
    "海仔儿 ",
    "海鲜面 ",
    "皓月 ",
    "黒白P ",
    "黑方Serge ",
    "黑猫非猫 ",
    "泓 ",
    "宏宇 ",
    "花儿不哭 ",
    "花之祭P ",
    "夥星P ",
    "虎皮猫P ",
    "iKz ",
    "ilem ",
    "JINX什仲 ",
    "JUSF周存 ",
    "纪远 ",
    "绛舞乱丸 ",
    "举烛 ",
    "倔强的苦力怕 ",
    "Karane ",
    "教科书之敌P ",
    "KBShinya(塔库) ",
    "Kevinz ",
    "KoiNs ",
    "Kolaa ",
    "KyuRu ",
    "考拉姬 ",
    "葵花fa ",
    "空气凝Klean ",
    "Lanber ",
    "Lemon夹子 ",
    "licis ",
    "litterzy ",
    "Li Zong ",
    "lizzz ",
    "LJC ",
    "LS ",
    "Lthis ",
    "LunaSafari ",
    "烂兔子P ",
    "狼姬 ",
    "理科生天依酱 ",
    "林墨白 ",
    "泠鸢yousa ",
    "流绪 ",
    "柳延之 ",
    "胧 ",
    "泷arisa ",
    "乱心 ",
    "洛微 ",
    "MACHWOLF ",
    "Mimi Neko ",
    "麦当叔劳劳 ",
    "猫腿子P ",
    "毛毛虫P ",
    "萌蛇 ",
    "米库喵 ",
    "汨罗河童 ",
    "棉花P ",
    "冥凰 ",
    "苗库里Owo ",
    "墨白茜兔 ",
    "墨蓝酱油 ",
    "墨雨清秋 ",
    "木变石 ",
    "なななななに ",
    "Nekock·LK ",
    "拿破仑白克 ",
    "纳兰寻风 ",
    "南语 ",
    "闹闹 ",
    "鸟爷ToriSama ",
    "浓缩排骨 ",
    "OQQ ",
    "PoKeR ",
    "PTX ",
    "迁梦狸 ",
    "铅笔 ",
    "潜移默化P ",
    "芹菜猪肉大馄饨 ",
    "溱绫西陌 ",
    "清风疾行 ",
    "清风之恋 ",
    "情侶の敵p ",
    "Ryuu ",
    "人形兎 ",
    "46",
    "Siren ",
    "Snoi ",
    "SolPie ",
    "St ",
    "st.k4n3 ",
    "Sya ",
    "叁咉 ",
    "桑葚上的猴子 ",
    "杉田朗 ",
    "神曦_LunA ",
    "失明少女 ",
    "舒自均 ",
    "水琹P ",
    "水螅-Hydra ",
    "四维空间中的二维生物 ",
    "逝羽 ",
    "溯回 ",
    "T2o ",
    "Tamlite ",
    "teac ",
    "Tino.S3 ",
    "ToToo ",
    "Tuno桐音 ",
    "他城P ",
    "湯ん ",
    "唐乐林 ",
    "天儿 ",
    "天然衰 ",
    "跳蝻 ",
    "桐叶_tongye ",
    "瞳荧 ",
    "U0__ ",
    "UtaeP ",
    "Wing翼 ",
    "WL ",
    "王朝 ",
    "薇采之依 ",
    "味素 ",
    "乌龟Sui ",
    "无刃妖影 ",
    "西涼若若 ",
    "西门振 ",
    "希望索任合资 ",
    "枭目moku ",
    "小荳 ",
    "小新Xin-Kun ",
    "小野道 ",
    "小熠IVAC ",
    "小宇Cosmos ",
    "邪叫教主 ",
    "星辉 ",
    "星葵 ",
    "星璇 ",
    "杏花包子 ",
    "YGY ",
    "ykykyukai ",
    "野良犬P ",
    "一碗热汤 ",
    "伊水_Uryan ",
    "伊野奏 ",
    "依溪禾 ",
    "萤失Hinano ",
    "影随龙风 ",
    "御江 ",
    "雨狸 ",
    "雨霖仙 ",
    "裕剑流 ",
    "媛天徵 ",
    "原野婆婆纳 ",
    "幽寂 ",
    "运佳BlackberryP ",
    "壹零1-Zero ",
    "月时学怍 ",
    "Zeno ",
    "Z新豪 ",
    "战场原妖精 ",
    "折v ",
    "郑射虎 ",
    "正弦函数P ",
    "正义铃 ",
    "著小生 ",
    "砖厂浪人 ",
    "紫P ",
    "紫荆7x ",
    "籽三 ",
    "ZOMiG ",
    "瞾天p ",
    "坐标P",
    "半木生工作室 ",
    "彼方人偶 ",
    "不动声社 ",
    "不羁阁 ",
    "初灵社 ",
    "COIN原创音乐工作室 ",
    "ChiliChill ",
    "大手组 ",
    "Days幻梦年华乐团 ",
    "贰茶社 ",
    "覆域原创音乐工作室 ",
    "GMN公会 ",
    "瓜果瓜秧电视台 ",
    "幻茶会(已解散) ",
    "幻月音乐团 ",
    "静夜社 ",
    "空色幻奏 ",
    "灵寰社 ",
    "离时社 ",
    "LittleMusic Studio ",
    "龙皇漫音社 ",
    "陌云阁 ",
    "奶牛组 ",
    "凝曙轩 ",
    "奇音社 ",
    "清文社(已解散) ",
    "上京急电RECORDS ",
    "Signal-E ",
    "Sodatune ",
    "踏云社 ",
    "vanguard sound ",
    "V音研 ",
    "无名社 ",
    "捂脸社 ",
    "Xylose木糖醇 ",
    "汐音社 ",
    "音喵工场 ",
    "银渊社 ",
    "咏吟轩",
    "DJ Ninja ",
    "Hydra ",
    "火蜥 ",
    "玖玲P ",
    "Karma ",
    "林檎desu ",
    "MAT ",
    "Mini ",
    "Project Winehouse ",
    "SEleA ",
    "Sky Flight & Kright Wing ",
    "S2 ",
    "YIN",
    "H.K.V.I.P ",
    "VelecTi",
    "Hoskey ",
    "yoyo幫尼 ",
    "鳴櫻 ",
    "茶米dav ",
    "XL ",
    "BTM ",
    "阿六軒(A6S) ",
    "惟(ゆい) ",
    "雪楓Yuki ",
    "天琴魅歌 ",
    "神隱楓P ",
    "檸檬酸P ",
    "月犬P",
    "VSPOT ",
    "閒雜人等 ",
    "BE pharma. ",
    "K楓悅 ",
    "晴空和音 ",
    "天雨路滑製作委員會 ",
    "LMSP",
    "悪ノP ",
    "青栗鼠 (うわごと。/全てあなたの為です。) ",
    "青谷 ",
    "赤髪 ",
    "あ子 ",
    "アゴアニキP ",
    "亜沙 ",
    "あじみ ",
    "天月-あまつき- ",
    "アボガド6 ",
    "歩く人 ",
    "暗黒童話P ",
    "家の裏でマンボウが死んでるP ",
    "井荷麻奈実(全てあなたの所以です。) ",
    "伊東歌詞太郎(ふわもこP) ",
    "衣装P ",
    "稲葉曇(視長P) ",
    "いるかアイス ",
    "うたたP ",
    "鬱P ",
    "卯花ロク ",
    "梅とら ",
    "おあ ",
    "大沼パセリ ",
    "お菊 ",
    "乙P ",
    "おればななP ",
    "オワタP ",
    "かいりきベア ",
    "かぐらP ",
    "傘村トータ ",
    "香椎モイミ ",
    "片井雨司 ",
    "奏音69 ",
    "鹿乃 ",
    "かめりあ(Camellia) ",
    "かややＰ ",
    "カラスヤサボウ ",
    "カンザキイオリ(黒柿) ",
    "神崎广(鼻そうめんP) ",
    "神無月P(Ciel) ",
    "ギガP ",
    "キタニタツヤ(こんにちは谷田さん) ",
    "きくお ",
    "きさら ",
    "キノシタ ",
    "ぎぶそん(三矢禅晃) ",
    "木村わいP ",
    "キラ星ひかる ",
    "銀河方面P(神野貴志) ",
    "くちばしP ",
    "くらげP(和田たけあき/水母P) ",
    "栗山夕璃(蜂屋ななし) ",
    "くるりんご ",
    "黒うさP ",
    "黒澤まどか ",
    "クワガタP(鍬形蟲P) ",
    "口南P ",
    "ぐちり ",
    "ぐいあの ",
    "骨盤P ",
    "こなたP(KonataP) ",
    "ころんば ",
    "ささくれP(sasakure.UK) ",
    "さささP ",
    "さつき が てんこもり ",
    "残响P ",
    "椎名Mota(ぽわぽわP) ",
    "椎乃味醂 ",
    "Dios/シグナルP ",
    "仕事してP ",
    "獅子志司 ",
    "シャノン ",
    "ジミーサムP(JimmyThumbP) ",
    "じーざすP ",
    "じん(自然の敵P) ",
    "杉下トキヤ(Last Note.T) ",
    "すこっぷ ",
    "スズム ",
    "全てあなたの所為です。(ロン毛) ",
    "全て言の葉の所為です。(堇) ",
    "全て只の模倣です。(餅) ",
    "すりぃ ",
    "瀬名航 ",
    "そらる ",
    "そして悔いを改めるのでしょう。 ",
    "ただのCo ",
    "大丈夫P ",
    "蝶々P(papiyon) ",
    "ツミキ(积木P) ",
    "釣り師P ",
    "ていくる ",
    "低所得P ",
    "デッドボールP(槇タケポン＠デP) ",
    "電ポルP(koyori) ",
    "とあ ",
    "とく ",
    "ともP(TomoP) ",
    "トラボルタP ",
    "トーマ ",
    "梨本P(梨本うい) ",
    "夏毛(島/全て此の世の所為です。) ",
    "夏代孝明 ",
    "ナナホシ管弦楽団/岩見 陸 ",
    "斜め上P ",
    "ナブナ(n-buna) ",
    "ナユタン星人 ",
    "ナノウ(ほえほえp) ",
    "西沢さんP(TOKOTOKO) ",
    "虹原ぺぺろん ",
    "煮ル果実 ",
    "西島尊大 ",
    "ぬゆり(nulut/nuyuri) ",
    "ねこぼーろ(ササノマリイ) ",
    "猫虫P ",
    "ねじ式 ",
    "ネジマキ(全てみんなの所為です。) ",
    "のぼる↑P ",
    "のりP ",
    "秦野P ",
    "ハチ ",
    "八王子P(P*Light) ",
    "花束P ",
    "羽生まゐご ",
    "春野 ",
    "はるまきごはん ",
    "バルーン ",
    "柊キライ ",
    "柊マグネタイト ",
    "光収容 ",
    "卑屈P ",
    "ぴああP ",
    "ヒゲドライバー ",
    "ピコン ",
    "ひとしずくP ",
    "日向電工 ",
    "びにゅP(りゅーりゅー) ",
    "ピノキオP(匹诺曹P) ",
    "一二三 ",
    "譜案 (全て事象の所為です。/ファミファロ) ",
    "ふぇーる (全て希望の所為です。) ",
    "ぷく（Puku） ",
    "不定積分 (全て幽霊の所為です。) ",
    "ぷす(じっぷす/zips/pusu) ",
    "古川P ",
    "ヘブンズP(Heavenz) ",
    "ぺぽよ(Pepoyo) ",
    "ぼーかりおどP(noa) ",
    "ぽて ",
    "ほぼ日P ",
    "ポリスピカデリー(Police Piccadilly) ",
    "ぼか主 ",
    "マイキP ",
    "まだ仔 ",
    "末代雨季 ",
    "まふまふ(鏡見て失神P) ",
    "まらしぃ(Marasy) ",
    "みきとP ",
    "ミクとお茶を ",
    "宮下遊 ",
    "宮比のん ",
    "水野あつ ",
    "村人P ",
    "無力P ",
    "めざめP ",
    "メジロケ ",
    "メリッサ ",
    "椛 (全て虞美の所為です。/音嫋) ",
    "水雲 ",
    "水那月詩音 ",
    "ヤスオP ",
    "有機酸 ",
    "雄之助 ",
    "ゆうゆ/篠螺悠那 ",
    "雪乃トケル ",
    "ユジー ",
    "ゆずひこ ",
    "ゆちゃP ",
    "ゆよゆっぺ ",
    "ユリイ・カノン ",
    "◈*ゆくえわっと ",
    "ラヴリーP ",
    "ラスノ(Lasno) ",
    "ラマーズP ",
    "リスミー ",
    "流星P(minato) ",
    "遼遼 ",
    "立秋 ",
    "れるりり(当社比P) ",
    "廉 ",
    "ゐろは苹果 ",
    "ンチャP ",
    "Akali(朱丽/赤い林檎/RINGO/M.丸喜怒/いしす/octo) ",
    "ATOLS ",
    "Appy ",
    "Aqu3ra ",
    "AVTechNO! ",
    "Ayase ",
    "Azari ",
    "azuma(ボクP) ",
    "baker ",
    "buzzG ",
    "Chinozo ",
    "CielP ",
    "cl1 ",
    "cosMo@暴走P ",
    "daniwellP ",
    "DATEKEN ",
    "DECO*27 ",
    "DIVELA ",
    "Dixie Flatline ",
    "doriko ",
    "EasyPop ",
    "emon(Tes.) ",
    "Eve ",
    "EZFG ",
    "Fty ",
    "GYARI(ココアシガレットP) ",
    "halyosy ",
    "Haniwa ",
    "ika ",
    "imoutoid ",
    "Junky ",
    "Kanaria ",
    "Kaoling ",
    "keeno ",
    "kemu(中村イネ) ",
    "kz(livetune) ",
    "laughter ",
    "Lemm ",
    "manika ",
    "MARETU(極悪P) ",
    "MIMI ",
    "Mitchie M ",
    "Mizu ",
    "Namu ",
    "Nanashigirls ",
    "NatsuP ",
    "Neru(押入れP) ",
    "niki ",
    "No.D ",
    "nogi ",
    "Orangestar ",
    "OSTER project ",
    "Otomania(前日予約P) ",
    "OZON ",
    "ryo ",
    "Riel ",
    "r-906 ",
    "Samfree ",
    "SHIKI ",
    "sippotan ",
    "SLAVE.V-V-R(アキバヲタP) ",
    "SOOOO ",
    "syudou ",
    "takamatt ",
    "Tatsh ",
    "Tilt-six ",
    "Toru ",
    "T-POCKET ",
    "Wald ",
    "wotaku ",
    "wowaka(現実逃避P) ",
    "x0o0x_ ",
    "Xeltica (全てわたしの所為です。) ",
    "x髥莏 ",
    "Yasu ",
    "Yasuha. ",
    "YM ",
    "youまん ",
    "yuukiss ",
    "zakooon ",
    "150P ",
    "164",
    "19's Sound Factory ",
    "40mP ",
    "△○□×",
    "ave;new ",
    "青木月光 ",
    "MOER ",
    "Diarays(已解散) ",
    "南方研究所 ",
    "ショコラビット(已解散) ",
    "ワンダフル☆オポチュニティ！ ",
    "HoneyWorks ",
    "KEMU VOXX ",
    "QUADROPHENIA ",
    "Last Note.(已解散)(注) ",
    "Evergreen Leland Studio ",
    "*Luna ",
    "SCL project ",
    "犬丸芝居小屋(已解散) ",
    "Omoi ",
    "Overidea",
    "Dr.Yun ",
    "하이량(HiRyang) ",
    "ichigo ",
    "상록수 ",
    "피로zzZ(まくらP) ",
    "WyvernP ",
    "또준이 ",
    "초롱아귀 ",
    "天梦SkyDream ",
    "Rilakmikuリミ ",
    "50mang",
    "Black Shock Box ",
    "Team PCP",
    "天水香(马来西亚)",
    "Crusher-P(美国) ",
    "cillia(美国) ",
    "Circus-P(美国) ",
    "KIRA(德国) ",
    "Porter Robinson(美国)"
  ],
  "V家P主": [ "[$t玩家]今天可以尝试听听 {%V家P主内部} 的音乐。" ]
}