﻿{
  "_title": [ "毛茸茸Fluffy!" ],
  "_author": [ "于言诺" ],
  "_date": [ "2022/5/19" ],
  "_version": [ "1.0.1" ],
  "_updateDate": [ "2022/8/16" ],
  "_brief": [ "笑死，有人跟我说要抽小动物，我说那你给我写库，她真的写了。8.16更新：添加了_keys字段。" ],
  "_keys": ["毛茸茸"],
  "毛茸茸内部": [
    "[核心:骰子名字]将魔术帽倒扣在桌上，一只乖巧的泰迪熊顶起帽子，一脸好奇地看着你。",
    "[核心:骰子名字]伸手一指天空“看，飞碟！”等你转回头来，面前有一只国宝大熊猫在抱着头咕噜噜打滚儿玩儿。",
    "[核心:骰子名字]打了个响指，只见[核心:骰子名字]胸口的衣兜里钻出来一只仓鼠，腮帮子鼓鼓的，不知藏了些什么好吃的。",
    "[核心:骰子名字]微微一忖，从身后抱出一只美短放到桌上。小家伙伸长身体打了个哈欠，又蜷成一个猫团在桌上继续睡了。",
    "[核心:骰子名字]轻声道“稍等”，不久快步走回，怀中的箱子是一窝刚睁眼不久的猫崽崽。[核心:骰子名字]将箱子朝桌上一倾，猫猫们叽里咕噜滚了出来，有一只还咬着前面那只的尾巴。",
    "[核心:骰子名字]左右手一合，再次张开时手心上站了一只咕咕叫的鸽子。羽翼丰满，体态丰腴，那鸽子偏头看着你，似乎看上了你面前的零食。",
    "[核心:骰子名字]揉着眉心，良久才道“我知道了，稍等”。不久，便见他快步奔回，身后跟的是阿拉斯加雪橇犬、哈士奇、金毛犬…还有一只撵在后面的藏獒",
    "[核心:骰子名字]会意地点头，旋即抱出一只大橘放在桌上，伸手像你示意。橘猫望了你一眼，翻身躺倒，露出洁白的肚皮。",
    "[核心:骰子名字]笑着望了你一眼，握着你的手快步走到隔壁的水族馆。不多时，水面荡漾，有两只水獭嬉戏着游出。[核心:骰子名字]手中小鱼一抛，有只水獭机敏地接住吞下，另一只翻着水花游过来，眼巴巴地看着你。",
    "[核心:骰子名字]摘下头顶的魔术礼帽，示意你向内看。只见一只毛茸茸的布偶从中探出头，俨然是那张“这就是强者的世界吗”表情包。",
    "[核心:骰子名字]笑吟吟地摸出一张手帕，盖到你手上。你来不及疑惑，手帕便被揭开，你手上出现了一片圆生菜。未待你发问，你身后便探出一只毛绒绒的小羊羔，将生菜叼走了。你只觉手中触感湿润，羔羊在叼走菜叶时还舔了你一下。",
    "[核心:骰子名字]塞给你一把烘干草叶，又揭开桌上魔术箱的盖子，魔术箱里倏地跳出一只长毛垂耳兔。它像是嗅到了你手中的草香，小心地凑过来扯走了一根，叼到不远处开心地咔咔咔吃下肚去。",
    "[核心:骰子名字]将魔术箱放到地上打开，从里面钻出十数只短毛侏儒兔来。有的绕着你开心地跑圈，有的在你不远处趴下，还有的在你裤管蹭来蹭去，试图舔你jio。",
    "[核心:骰子名字]吹一声口哨，从墙上的窗户中窜出一只柴犬。阿柴摇着尾巴到你面前伸了个懒腰，时不时后腿站起试图讨些零食。",
    "[核心:骰子名字]拉开房门，门外传来有节奏的铃铛声。不多时跑进来几只戴着铃铛的约克夏和吉娃娃，甩着小尾巴绕着你转圈。",
    "[核心:骰子名字]向你身后招手，伴随着呼哧呼哧的喘气声，一只肥肥的松狮犬跑到你身边。它抖了抖毛，像是在抖动一身金色的缎子。",
    "[核心:骰子名字]向你手里塞了一条肉干，不知何时闻到肉香的柯基犬已经恭候多时，趁你不备跳起来咬住肉干就是一扯。[核心:骰子名字]气得一拍那柯基屁股，它肥硕的犬躯竟是被拍出一道波纹来。"
  ],
  "毛茸茸": [ "今日为[$t玩家]带来了：\n{%毛茸茸}内部" ]
}