﻿{
  "_title": [ "猫和老鼠旧版集数" ],
  "_author": [ "于言诺（3406451799）" ],
  "_date": [ "2022/7/11" ],
  "_version": [ "1.0.1" ],
  "_updateDate": [ "2022/8/16" ],
  "_brief": [ "我在23：45开始做的这玩意。嗯。有文件夹拉查询就是快。想要猫和老鼠资源可以找我，有旧版全集和剧场版全集。8.16更新：添加了_keys字段。" ],
  "_keys": ["猫和老鼠"],
  "猫和老鼠内部": [
    "001 Puss Gets the Boot",
    "002 The Midnight Snack",
    "003 The Night Before Christmas",
    "004 Fraidy Cat",
    "005 Dog Trouble",
    "006 Puss 'n' Toots",
    "007 The Bowling-Alley Cat",
    "008 Fine Feathered Friend",
    "009 Sufferin' Cats",
    "010 The Lonesome Mouse",
    "011 The Yankee Doodle Mouse",
    "012 Baby Puss",
    "013 The Zoot Cat",
    "014 The Million Dollar Cat",
    "015 The Bodyguard",
    "016 Puttin' On the Dog",
    "017 Mouse Trouble",
    "018 The Mouse Comes to Dinner",
    "019 Mouse in Manhattan",
    "020 Tee For Two",
    "021 Flirty Birdy",
    "022 Quiet Please",
    "023 Springtime for Thomas",
    "024 The Milky Waif",
    "025 Trap Happy",
    "026 Solid Serenade",
    "027 Cat Fishin'",
    "028 Part Time Pal",
    "029 The Cat Concerto",
    "030 Dr. Jekyll and Mr. Mouse",
    "031 Salt Water Tabby",
    "032 A Mouse in the House",
    "033 The Invisible Mouse",
    "034 Kitty Foiled",
    "035 The Truce Hurts",
    "036 Old Rockin' Chair Tom",
    "037 Professor Tom",
    "038 Mouse Cleaning",
    "039 Polka Dot Puss",
    "040 The Little Orphan",
    "041 Hatch Up Your Troubles",
    "042 Heavenly Puss",
    "043 The Cat and The Mermouse",
    "044 Love that Pup",
    "045 Jerry's Diary",
    "046 Tennis Chumps",
    "047 Little Quacker",
    "048 Saturday Evening Puss",
    "049 Jerry and the Lion",
    "050 Safety Second",
    "051 Tom and Jerry in the Hollywood Bowl",
    "052 The Framed Cat",
    "053 Cue Ball Cat",
    "054 Texas Tom",
    "055 Casanova Cat",
    "056 Jerry and the Goldfish",
    "057 Jerry's Cousin",
    "058 Sleepy-Time Tom",
    "059 His Mouse Friday",
    "060 Slicked-up Pup",
    "061 Nit-witty Kitty",
    "062 Cat Napping",
    "063 The Flying Cat",
    "064 The Duck Doctor",
    "065 The Two Mouseketeers",
    "066 Smitten Kitten",
    "067 Triplet Touble",
    "068 Little Runaway",
    "069 Fit to be Tied",
    "070 Push-Button Kitty",
    "071 Cruise Cat",
    "072 The Dog House",
    "073 The Missing Mouse",
    "074 Jerry and Jumbo",
    "075 Johann Mouse",
    "076 That's My Pup",
    "077 Just Ducky",
    "078 Two Little Indians",
    "079 Life with Tom",
    "080 Puppy Tale",
    "081 Posse Cat",
    "082 Hic-cup Pup",
    "083 Little School Mouse",
    "084 Baby Butch",
    "085 Mice Follies",
    "086 Neapolitan Mouse",
    "087 Downhearted Duckling",
    "088 Pet Peeve",
    "089 Touche Pussy Cat",
    "090 Southbound Duckling",
    "091 Pup On A Picnic",
    "092 Mouse For Sale",
    "093 Designs On Jerry",
    "094 Tom And Cherie",
    "095 Smarty Cat",
    "096 Pecos Pest",
    "097 That's My Mommy",
    "098 The Flying Sorceress",
    "099 The Egg and Jerry",
    "100 Busy Buddies",
    "101 Muscle Beach Tom",
    "102 Downbeat Bear",
    "103 Blue Cat Blues",
    "104 Barbecue Brawl",
    "105 Tops with Pops",
    "106 Timid Tabby",
    "107 Feedin' the Kiddie",
    "108 Mucho Mouse",
    "109 Tom's Photo Finish",
    "110 Happy Go Ducky",
    "111 Royal Cat Nap",
    "112 The Vanishing Duck",
    "113 Robin Hoodwinked",
    "114 Tot Watchers",
    "128 Pent-house Mouse",
    "129 The Cat Above and The Mouse Below",
    "130 Is There A Doctor In The Mouse",
    "131 Much Ado About Mousing",
    "132 Snowbody Loves Me",
    "133 The Unshrinkable Jerry Mouse",
    "134 Ah Sweet Mouse-Story of Life",
    "135 Tom-ic Energy",
    "136 Bad Day At Cat Rock",
    "137 The Brothers Carry-Mouse-Off",
    "138 Haunted Mouse",
    "139 I'm Just Wild about Jerry",
    "140 Of Feline Bondage",
    "141 The Year of the Mouse",
    "142 The Cat's Me-ouch",
    "143 Duel Personality",
    "144 Jerry, Jerry Quite Contrary",
    "145 Jerry Go-Round",
    "146 Love Me, Love My Mouse",
    "147 Puss 'N' Boats",
    "148 Matinee Mouse",
    "149 Filet Meow",
    "150 The A-Tom-Inable Snowman",
    "151 Catty Cornered",
    "152 Cat and Dupli-Cat",
    "153 O-Solar Meow",
    "154 Guided Mouse-Ille",
    "155 Rock 'N' Rodent",
    "156 Cannery Rodent",
    "157 The Mouse from H.U.N.G.E.R.",
    "158 Surf-Bored Cat",
    "159 Shutter Bugged Cat",
    "160 Advance And Be Mechanized",
    "161 Purr-Chance To Dream"
  ],
  "猫和老鼠": [ "[$t玩家]抽出了：\n{%猫和老鼠内部}" ]
}