﻿{
  "_title": [ "猫品种" ],
  "_author": [ "于言诺" ],
  "_date": [ "2022/5/27" ],
  "_version": [ "1.0.1" ],
  "_updateDate": [ "2022/8/16" ],
  "_brief": [ "我本来想把书里的简介整上来的，然后望而却步，所以麻烦大噶自己下载康康，康完了把牌堆里链接删了也ok的。本书资料来自于《猫》（大卫·奥尔德顿著，马克·亨利摄影，猫头鹰出版社译，中国友谊出版公司出版）。8.16更新：添加了_keys字段。" ],
  "_keys": ["猫品种"],
  "_猫品种": [
    "链接：https://pan.baidu.com/s/1II3h8t6m_9e7Ucsnw1XqLQ?pwd=cats 我是说，为什么不自己下下看呢？当然，还是建议骰主们自己保存一下，方便这个失效了赶紧补。",
    "波斯长毛猫\n个性 温和",
    "重点色长毛猫\n个性 温和",
    "伯曼猫\n个性 聪明、温柔",
    "土耳其安哥拉猫\n个性 顽皮而友善",
    "土耳其梵猫\n个性 活泼，喜欢水",
    "安哥拉猫\n个性 顽皮而友善",
    "爪哇猫\n个性 感情丰富",
    "缅因猫\n个性 独立",
    "挪威森林猫\n个性 爱冒险",
    "西伯利亚森林猫\n个性 机灵而活跃",
    "布偶猫\n个性 温顺而恬静",
    "索马里猫\n个性 外向",
    "巴厘猫\n个性 活泼",
    "蒂法尼猫\n个性 好奇",
    "威尔斯猫\n个性 聪明",
    "苏格兰折耳猫\n个性 温和",
    "美国卷耳猫\n个性 温柔",
    "非纯种长毛猫\n个性 友善",
    "英国短毛猫\n个性 和平而友善",
    "重点色英国短毛猫\n个性 感情丰富",
    "外来种短毛猫\n个性 顽皮而感情丰富",
    "马恩岛猫\n个性 聪明",
    "日本截尾猫\n个性 感情丰富",
    "苏格兰折耳猫\n个性 安静",
    "雪鞋猫\n个性 活泼",
    "美国短毛猫\n个性 独立",
    "美国硬毛猫\n个性 顽皮而活泼",
    "美国卷耳猫\n个性 温柔",
    "欧洲短毛猫\n个性 敏感",
    "欧洲重点色短毛猫\n个性 敏感",
    "沙特尔猫\n个性 友善",
    "柯尼斯卷毛猫\n个性 顽皮",
    "德文卷毛猫\n个性 顽皮",
    "加拿大无毛猫\n个性 感情丰富",
    "塞尔凯克卷毛猫\n个性 友善",
    "俄国短毛猫\n个性 感情丰富而温顺",
    "呵叻猫\n个性 顽皮",
    "暹罗猫\n个性 感情丰富",
    "缅甸猫\n个性 顽皮",
    "东奇尼猫\n个性 活泼，感情丰富",
    "波米拉猫\n个性 活泼而友善",
    "亚洲猫\n个性 活泼而友善",
    "孟买猫\n个性 果敢",
    "新加坡猫\n个性 好奇",
    "东方短毛猫\n个性 活泼",
    "埃及猫\n个性 活泼、敏感",
    "阿比西尼亚猫\n个性 适应性强",
    "阿比西尼亚野猫\n个性 独立、友善",
    "奥西猫\n个性 友善而机警",
    "加州闪亮猫\n个性 活泼，喜与人亲近",
    "孟加拉猫\n个性 友善而温柔",
    "非纯种猫\n个性 友善"
  ],
  "猫品种": [ "[$t玩家]抽出了：\n{%_猫品种}" ]
}