﻿{
  "_title": [ "蜜雪冰城甜蜜蜜" ],
  "_author": [ "于言诺" ],
  "_date": [ "2022/7/1" ],
  "_version": [ "2.0.1" ],
  "_updateDate": [ "2022/8/16" ],
  "_brief": [ "本人封上海了，所以1.0.0版本如果有啥问题，可以等我暑假能点到蜜雪冰城了一天炫三杯然后出个2.0.0，反正现在改了也没用（。\n2.0.0更新：出隔离之后摸了一个月，把这个堆修了一遍，但是我发现好像每家店每个饮品的甜度啥的可选的好像不太一样，所以仅供参考。" ],
  "_keys": ["来杯蜜雪冰城"],
  "_甜度1": [
    "正常糖",
    "少糖"
  ],
  "_甜度2": [
    "正常糖",
    "少糖",
    "不额外加糖"
  ],
  "_温度1": [
    "正常冰",
    "少冰",
    "常温"
  ],
  "_温度2": [
    "热",
    "正常冰",
    "少冰",
    "常温"
  ],
  "_温度3": [
    "正常冰",
    "少冰"
  ],
  "_温度4": [
    "正常冰",
    "少冰",
    "热"
  ],
  "_温度5": [
    "正常冰",
    "常温",
    "热"
  ],
  "_加料圣代": [
    "::1::加的料是芋圆，2r。",
    "::1::加的料是珍珠，1r。",
    "::1::加的料是椰果，1r。",
    "::1::加的料是脆啵啵，1r。",
    "::1::加的料是玫果冻，1r。",
    "::1::加的料是西柚粒，2r。",
    "::1::加的料是奥利奥饼干碎，1r。",
    "::7::"
  ],
  "_加料果茶1": [
    "::1::加的料是芋圆，2r。",
    "::1::加的料是珍珠，1r。",
    "::1::加的料是椰果，1r。",
    "::1::加的料是脆啵啵，1r。",
    "::1::加的料是玫果冻，1r。",
    "::1::加的料是西柚粒，2r。",
    "::6::"
  ],
  "_加料果茶2": [
    "::1::加的料是珍珠，1r。",
    "::1::加的料是椰果，1r。",
    "::1::加的料是脆啵啵，1r。",
    "::1::加的料是玫果冻，1r。",
    "::1::加的料是西柚粒，2r。",
    "::5::"
  ],
  "_加料奶茶1": [
    "::1::加的料是芋圆，2r。",
    "::1::加的料是珍珠，1r。",
    "::1::加的料是椰果，1r。",
    "::1::加的料是仙草冻，1r。",
    "::4::"
  ],
  "_加料奶茶2": [
    "::1::加的料是仙草冻，1r。",
    "::1::加的料是椰果，1r。",
    "::1::加的料是珍珠，1r。",
    "::3::"
  ],
  "_加料纯茶奶盖": [
    "::1::加的料是玫果冻，1r。",
    "::1::加的料是珍珠，1r。",
    "::1::加的料是椰果，1r。",
    "::3::"
  ],
  "蜜雪冰城内部": [
    "草莓摇摇奶昔，6r。",
    "桃桃摇摇奶昔，6r。",
    "魔天脆脆冰淇淋，3r。",
    "雪王雪顶咖啡，6r。",
    "摩卡摇摇奶昔，6r。",
    "雪王大圣代黑糖珍珠味，6r。{%_加料圣代}",
    "雪王大圣代草莓味，6r。{%_加料圣代}",
    "雪王大圣代奥利奥饼干风味，6r。{%_加料圣代}",
    "雪王大圣代芒果味，6r。{%_加料圣代}",
    "{%_温度1}{%_甜度1}的芋圆葡萄，8r。{%_加料果茶1}",
    "{%_温度1}{%_甜度1}的港式杨枝甘露，10r。{%_加料果茶1}",
    "{%_温度1}{%_甜度1}的森林玫果，5r。{%_加料果茶2}",
    "{%_温度1}{%_甜度1}的黄桃果霸，6r。{%_加料果茶2}",
    "{%_温度1}{%_甜度1}的蜜桃四季春，6r。{%_加料果茶2}",
    "{%_温度2}满杯百香果，7r。{%_加料果茶2}",
    "{%_温度2}{%_甜度1}的港式杨枝甘露，10r。{%_加料果茶2}",
    "{%_温度3}{%_甜度1}的草莓奶露，9r。{%_加料果茶1}",
    "{%_温度4}{%_甜度1}的芋圆奶茶，8r。{%_加料奶茶1}",
    "{%_温度4}{%_甜度1}的珍珠奶茶中杯，6r。{%_加料奶茶2}",
    "{%_温度4}{%_甜度1}的珍珠奶茶大杯，8r。{%_加料奶茶2}",
    "{%_温度4}{%_甜度1}的黑糖珍珠奶茶，7r。{%_加料奶茶2}",
    "{%_温度4}{%_甜度1}的椰果奶茶中杯，7r。{%_加料奶茶2}",
    "{%_温度4}{%_甜度1}的椰果奶茶大杯，8r。{%_加料奶茶2}",
    "{%_温度4}{%_甜度1}的三拼霸霸奶茶，8r。{%_加料奶茶2}",
    "双拼奶茶中杯，7r。{%_加料奶茶2}",
    "双拼奶茶大杯，8r。{%_加料奶茶2}",
    "{%_温度4}{%_甜度2}的美式咖啡，4r。",
    "{%_温度4}{%_甜度2}的拿铁咖啡，6r。",
    "{%_温度2}{%_甜度2}的高山四季春茶，4r。{%_加料纯茶奶盖}",
    "{%_温度2}{%_甜度2}的伯爵红茶，4r。{%_加料纯茶奶盖}",
    "{%_温度2}{%_甜度2}的茉莉绿茶，4r。{%_加料纯茶奶盖}",
    "蜂蜜黄油味薯条，2r。",
    "水蜜桃味瓜子，1r。",
    "{%_温度3}{%_甜度1}的芝士奶盖莓莓中杯，10r。{%_加料果茶1}",
    "{%_温度3}{%_甜度1}的芝士奶盖莓莓大杯，12r。{%_加料果茶1}",
    "{%_温度1}{%_甜度1}的桑葚莓莓，8r。{%_加料果茶1}",
    "{%_温度3}{%_甜度1}的芝芝桑葚，10r。{%_加料果茶1}",
    "{%_温度1}{%_甜度1}的荔枝啵啵，7r。{%_加料果茶1}",
    "{%_温度5}{%_甜度1}的芝士奶盖四季春中杯，8r。{%_加料纯茶奶盖}",
    "{%_温度5}{%_甜度1}的芝士奶盖四季春大杯，10r。{%_加料纯茶奶盖}",
    "{%_温度5}{%_甜度1}的芝士奶盖红茶中杯，8r。{%_加料纯茶奶盖}",
    "{%_温度5}{%_甜度1}的芝士奶盖红茶大杯，10r。{%_加料纯茶奶盖}",
    "{%_温度5}{%_甜度1}的芝士奶盖绿茶中杯，8r。{%_加料纯茶奶盖}",
    "{%_温度5}{%_甜度1}的芝士奶盖绿茶大杯，10r。{%_加料纯茶奶盖}",
    "{%_温度2}{%_甜度1}的草莓啵啵，9r。{%_加料果茶1}",
    "{%_温度2}{%_甜度1}的棒打鲜橙，6r。{%_加料果茶2}",
    "{%_温度3}{%_甜度1}的鲜橙益菌多，8r。{%_加料果茶2}",
    "葡萄味果冻，3r。"
  ],
  "来杯蜜雪冰城": [
    "[$t玩家]来到蜜雪冰城，看了一会菜单，购买了一份{%蜜雪冰城内部}",
    "[$t玩家]打开蜜雪冰城小程序看了一会，购买了一份{%蜜雪冰城内部}"
  ]
}