﻿{
  "_title": [ "诺弗兰物语" ],
  "_author": [ "于言诺（3406451799），太初" ],
  "_date": [ "2022/5/31" ],
  "_version": [ "1.0.1" ],
  "_updateDate": [ "2022/8/16" ],
  "_brief": [ "据太初说之后还会有别的更新，但管他呢先写了这部分再说。错字和我们无关，只和诺弗兰物语有关。数据源是太初理的，做成json是我做的。8.16更新：添加了_keys字段。" ],
  "_keys": ["诺弗兰炼金"],
  "_任意妖精": [
    "奥克索",
    "乔尼亚斯",
    "海伦",
    "姜尚",
    "拉结尔",
    "珀耳塞拉",
    "希",
    "阿拉汀",
    "刻刻",
    "阿波罗",
    "沙音",
    "阿萨莫斯"
  ],
  "_草原": [
    "奥克索",
    "乔尼亚斯",
    "海伦"
  ],
  "_湖泊": [
    "姜尚",
    "拉结尔",
    "珀耳塞拉"
  ],
  "_山地": [
    "希",
    "阿拉汀",
    "刻刻"
  ],
  "_火山": [
    "阿波罗",
    "沙音",
    "阿萨莫斯"
  ],
  "_炼金配方": [
    "::10::在妖精{%_任意妖精}的帮助下，露西姆将甜味黏土［少量］放入坩埚，炼制出了【植物生长剂】\n能够加速植物生长的粘稠药剂，注意：头发≠植物！",
    "::10::在妖精{%_任意妖精}的帮助下，露西姆将甜味黏土［少量］、魔法亓草［少量］放入坩埚，炼制出了【弹力凝胶】\n淡蓝色的甜味凝胶，具有一定的消炎止痛作用，但正常人不会直接食用…吧？",
    "::10::在妖精{%_任意妖精}的帮助下，露西姆将甜味黏土［少量］、魔法亓草［大量］放入坩埚，炼制出了【超Q弹果冻】\n淡粉色的果冻，拥有超乎想象的弹力，经常会因为掉落在地上而飞的找不到踪影…",
    "::10::在妖精{%_山地}的帮助下，露西姆将甜味黏土［大量］、血浆果［少量］放入坩埚，炼制出了【番茄酱】\n用血浆果熬成的酱，是非常方便的食品调料，能跟很多料理结合在一起组成美食。",
    "::10::在妖精{%_湖泊}的帮助下，露西姆将甜味黏土［少量］、魔法冰泉［少量］放入坩埚，炼制出了【冰沙】\n冰冰凉凉的冰沙是夏日消暑的首选，甜甜的黏土和凉爽的冰泉组合在一起带给人不一样的冰爽体验。",
    "::10::在妖精{%_湖泊}的帮助下，露西姆将魔法冰泉［少量］、魔法亓草［少量］放入坩埚，炼制出了【轻灵药】\n辅助行动的药剂，会消除疲劳一身轻松，一口气上五楼都不累。",
    "::10::在妖精{%_湖泊}的帮助下，露西姆将魔法冰泉［大量］、血浆果［少量］放入坩埚，炼制出了【番茄汤】\n十分好喝的家常料理，没有人能拒绝美味的番茄汤，如果有，那就再来一碗。",
    "::10::在妖精{%_火山}的帮助下，露西姆将血浆果［少量］、坚硬荆棘［少量］放入坩埚，炼制出了【血腥玛丽】\n果酒。类酒精的口感来自于坚硬荆棘，干涩让人迷醉。",
    "::10::在妖精{%_火山}的帮助下，露西姆将甜味黏土［少量］、火结晶［少量］、魔法亓草［少量］放入坩埚，炼制出了【隔热凝胶】\n淡红色的透明凝胶，能够大量吸收热量而不产生有效形变，是任何情景下都能用到的物品。",
    "::10::在妖精{%_山地}的帮助下，露西姆将甜味黏土［少量］、火结晶［少量］、黄金小麦［少量］放入坩埚，炼制出了【面包】\n金黄色的麦粒面包，有些难啃但是味道独特，用于驱赶野兽也是一把好手。",
    "::10::在妖精{%_山地}的帮助下，露西姆将甜味黏土［大量］、火结晶［少量］、黄金小麦［少量］、血浆果［少量］放入坩埚，炼制出了【番茄面包】\n有着血浆果切片的可口面包，能在吃面包的同时尝到番茄的滋味。据说这是莫西最喜欢吃的面包，送她这个准没错。",
    "::10::在妖精{%_火山}的帮助下，露西姆将火结晶［少量］、魔法亓草［少量］放入坩埚，炼制出了【魔力火苗】\n燃烧着某些草药而出现的魔法火苗，有着最纯粹的自然魔力，就算是交给孩子把玩也不用担心造成火灾。",
    "::10::在妖精{%_湖泊}的帮助下，露西姆将魔法冰泉［少量］、喷射孢子［少量］放入坩埚，炼制出了【冰霜蘑菇】\n冰冰凉凉的冰霜蘑菇是做药剂的好素材，就是不知道能不能直接吃呢？",
    "::10::在妖精{%_火山}的帮助下，露西姆将火结晶［少量］、喷射孢子［少量］放入坩埚，炼制出了【燃火蘑菇】\n小火苗包裹着的蘑菇，跟冰霜蘑菇有着相似之处但属性完全不同。同样也是不能直接用手接触的。",
    "::10::在妖精{%_任意妖精}的帮助下，露西姆将血浆果［少量］、喷射孢子［少量］、坚硬荆棘［少量］放入坩埚，炼制出了【玛丽的恶作剧】\n血腥玛丽的新潮配方，让人口齿留香不能自拔。",
    "::10::在妖精{%_湖泊}的帮助下，露西姆将魔法冰泉［少量］、火结晶［少量］、微风粉尘［少量］放入坩埚，炼制出了【魔力蒸汽】\n将带有魔法的液体使用魔法火焰蒸发得到的纯粹蒸汽，可用于任何魔法物品的合成与制作。警告！不能直接吸取！",
    "::10::在妖精{%_山地}的帮助下，露西姆将火结晶［少量］、微风粉尘［少量］放入坩埚，炼制出了【灰烬】\n被火焰灼烧的风元素粉尘，惨不忍睹一股焦味…",
    "::10::在妖精{%_草原}的帮助下，露西姆将微风粉尘［少量］、魔法亓草［少量］放入坩埚，炼制出了【自然精华】\n采用最为自然澄澈的物质炼制而成的精华膏，能够让牙齿回归闪亮的的牙齿清洁药品。",
    "::10::在妖精{%_湖泊}的帮助下，露西姆将魔法冰泉［大量］、矿盐［少量］、血浆果［少量］放入坩埚，炼制出了【红色墨水】\n不同于常见的黑色墨水，红色墨水通常用来完成一些禁忌的法阵，所以红色墨水的炼制从另一种角度上来看也是禁忌。",
    "::10::在妖精{%_湖泊}的帮助下，露西姆将魔法冰泉［大量］、黄金小麦［少量］、丛云果［少量］放入坩埚，炼制出了【营养燕麦】\n自热小麦完全激活了魔法冰泉中的魔力，成为了一锅十分具有营养价值的燕麦粥。",
    "::10::在妖精{%_山地}的帮助下，露西姆将坚硬的喙［少量］、魔法亓草［大量］、坚硬荆棘［少量］放入坩埚，炼制出了【猎人陷阱】\n猎人的智慧结晶，能够有效地限制动物的活动区域。人类也是动物！",
    "::10::在妖精{%_山地}的帮助下，露西姆将坚硬的喙［大量］、坚硬荆棘［少量］放入坩埚，炼制出了【拐杖】\n奢华的拐杖，属于绅士阶级。绅士也算一个阶级吗？那淑女呢？是个疑问。",
    "::10::在妖精{%_湖泊}的帮助下，露西姆将魔法冰泉［大量］、降雨水仙［少量］、丛云果［少量］放入坩埚，炼制出了【云雨精华】\n以丛云果与降雨水仙辅助提炼而出的充满云间之美的香料精华，是所有心境淡雅之人最爱的香料之一。",
    "::10::在妖精{%_草原}的帮助下，露西姆将微风粉尘［大量］、坚硬的喙［少量］、降雨水仙［少量］放入坩埚，炼制出了【回魔药粉】\n能适当回复魔法的常用药粉，尽管很好用但每天都有使用次数上限，使用过度会产生头疼等问题。",
    "::10::在妖精{%_草原}的帮助下，露西姆将微风粉尘［大量］、降雨水仙［少量］、丛云果［少量］放入坩埚，炼制出了【降雨云朵】\n能够悬浮在空中的实体雨云，通常在花农的温室中使用于为花朵灌溉。",
    "::10::在妖精{%_湖泊}的帮助下，露西姆将矿盐［大量］、岩蛭［少量］放入坩埚，炼制出了【精盐】\n一般用来加工各种手工艺品，属于工业用盐，严禁食用，家里有小朋友的特别需要注意",
    "::10::在妖精{%_火山}的帮助下，露西姆将矿盐［少量］、折光兰［少量］放入坩埚，炼制出了【清洗剂】\n透明色的清洁颗粒，通过和织物摩擦可以让织物原本的颜色，如果清洗过度的话可能会导致织物变得十分透明。",
    "::10::在妖精{%_草原}的帮助下，露西姆将折光兰［少量］、喷射孢子［少量］放入坩埚，炼制出了【折光蘑菇】\n有着折光兰颜色的蘑菇，能起到反射光线的作用。",
    "::10::在妖精{%_火山}的帮助下，露西姆将火结晶［少量］、闪亮红砂［少量］、坚硬的喙［少量］放入坩埚，炼制出了【易燃粉】\n十分危险的粉末，只要有一点点火花马上就会燃起熊熊烈火，很容易引发森林大火。",
    "::10::在妖精{%_火山}的帮助下，露西姆将火结晶［少量］、闪亮红砂［少量］、岩蛭［少量］放入坩埚，炼制出了【提纯火元素】\n利用岩蛭腐蚀吞噬的作用，将火结晶中的元素提纯使用。",
    "::10::在妖精{%_火山}的帮助下，露西姆将火结晶［大量］、闪亮红砂［少量］、蜂蜡［少量］放入坩埚，炼制出了【蜡烛】\n用火结晶凝固而成的蜡烛，比市面上的要耐烧一点点？",
    "::10::在妖精{%_火山}的帮助下，露西姆将闪亮红砂［少量］、珍珠果［少量］放入坩埚，炼制出了【抛光粉】\n淡红色的颗粒状物质，有着极高的初始温度和适中的硬度，适合将金属制品打磨抛光至异常耀眼。",
    "::10::在妖精{%_山地}的帮助下，露西姆将甜味黏土［大量］、火结晶［少量］、黄金小麦［少量］、幻梦菇［少量］放入坩埚，炼制出了【昏睡面包】\n吃下后就昏昏欲睡的面包，一定程度上能帮助失眠人士安然入睡。",
    "::10::在妖精{%_草原}的帮助下，露西姆将微风粉尘［少量］、坚硬的喙［少量］、幻梦菇［少量］放入坩埚，炼制出了【昏睡药粉】\n吸入后就昏昏欲睡的高效药粉，通常用来帮助治疗失眠患者。",
    "::10::在妖精{%_草原}的帮助下，露西姆将黄金小麦［少量］、幻梦菇［少量］放入坩埚，炼制出了【顶级麦酒】\n酒市上价位最高的麦酒，同一批麦酒被分装进不同的包装而拥有了不同的酿造时间…",
    "::10::在妖精{%_火山}的帮助下，露西姆将火结晶［少量］、彩虹羽翼［少量］、喷射孢子［少量］放入坩埚，炼制出了【节日烟花】\n七彩的节日烟花，因为添加了一些奇妙的羽翼，拥有了更加奇妙绚丽的颜色。",
    "::10::在妖精{%_山地}的帮助下，露西姆将矿石碎片［大量］、闪亮红砂［大量］放入坩埚，炼制出了【精致红宝石】\n用破碎矿石精细打磨而成的闪亮宝石，在冬夜中也能散发出一丝丝舒适的温暖。",
    "::10::在妖精{%_火山}的帮助下，露西姆将炽热蚯蚓［少量］、丛云果［少量］放入坩埚，炼制出了【云果虫】\n长相奇特的虫子，似乎能用来加工金属。",
    "::10::在妖精{%_山地}的帮助下，露西姆将甜味黏土［少量］、火结晶［少量］、蜂蜡［少量］、黄金小麦［少量］、蜜虫［少量］放入坩埚，炼制出了【蜜汁面包】\n蓬松的面包浇上金灿灿的蜂蜜汁，有着甜甜的口感的面包是女生们最喜欢的面包款式。",
    "::10::在妖精{%_草原}的帮助下，露西姆将蜂蜡［少量］、黄金小麦［少量］、蜜虫［少量］放入坩埚，炼制出了【蜜饯】\n甜品，吃多了会有蛀牙。这仿佛是所有食物都会有的副作用吧？",
    "::10::在妖精{%_草原}的帮助下，露西姆将蜂蜡［少量］、蜜虫［少量］放入坩埚，炼制出了【蜜酱】\n非常非常非常甜腻的配料，根据地区的不同口味也有少许的差别。",
    "::10::在妖精{%_山地}的帮助下，露西姆将黄金小麦［少量］、蜜虫［少量］放入坩埚，炼制出了【甜蜜麦粉】\n金黄色的小麦粉，有着清甜的口感与浓郁的香味，对于视力不好的人来说，很容易当成金粉购入。",
    "::10::在妖精{%_草原}的帮助下，露西姆将微风粉尘［大量］、坚硬的喙［大量］、长明草［少量］放入坩埚，炼制出了【微光药粉】\n能散发出微弱光芒的药粉,曾经有人吃下很多想试试自己能不能发光，直到自己眼冒金星还以为自己真的发光了。",
    "::10::在妖精{%_山地}的帮助下，露西姆将矿石碎片［少量］、坚硬荆棘［少量］、长明草［少量］放入坩埚，炼制出了【营火】\n能随时生火灭火，本身体积也不大能随身携带，方便实用，是外出探险必备道具。",
    "::10::在妖精{%_草原}的帮助下，露西姆将坚硬的喙［少量］、折光兰［少量］、长明草［少量］放入坩埚，炼制出了【荧光粉】\n闪闪发光的细粉，泼洒在沙滩上一定非常好看。就是容易被浪冲走。",
    "::10::在妖精{%_火山}的帮助下，露西姆将坚硬荆棘［少量］、长明草［少量］放入坩埚，炼制出了【光亮魔杖】\n魔杖尖端能够发出微弱的光亮，点亮一个小房间不成问题，但如果要依靠这东西探险丛林…希望你能活着回来告诫后人。",
    "::10::在妖精{%_草原}的帮助下，露西姆将彩虹羽翼［大量］、棉雾气团［少量］放入坩埚，炼制出了【七彩棉花】\n七彩棉花是琉璃岛上的特色产品，大陆上的贵族又十分青睐这种棉花。因此棉花的出口经常供不应求。",
    "::10::在妖精{%_草原}的帮助下，露西姆将彩虹羽翼［大量］、棉雾气团［少量］、魔法亓草［大量］放入坩埚，炼制出了【异域绒布】\n五彩斑斓的绒布，几乎没有重量，最适合成为制作舞裙的材料之一。",
    "::10::在妖精{%_草原}的帮助下，露西姆将彩虹羽翼［少量］、棉雾气团［少量］、丛云果［少量］放入坩埚，炼制出了【翼根果】\n附着更大漂浮魔力的果实，吃下去的人在短时间内可以拥有自由飞行的能力。",
    "::10::在妖精{%_火山}的帮助下，露西姆将棉雾气团［少量］、魔法亓草［少量］、坚硬荆棘［少量］放入坩埚，炼制出了【钓鱼竿】\n不管多重的鱼都能吊起来的神奇鱼竿，有时候也会钓上来一些奇奇怪怪的东西。",
    "::10::在妖精{%_湖泊}的帮助下，露西姆将棉雾气团［少量］、折光兰［少量］、幻梦菇［少量］放入坩埚，炼制出了【美梦香薰】\n能帮助入睡的人做个好梦，至于到底是心理作用还是真的有效果，这件事一直存在争议。",
    "::10::在妖精{%_山地}的帮助下，露西姆将棉雾气团［少量］、喷射孢子［少量］、降雨水仙［少量］放入坩埚，炼制出了【植物催生云】\n通过强行提供养分让植物快速生长的魔法道具。曾经有人放在头上使用导致长了无数扭曲蘑菇。",
    "::10::在妖精{%_草原}的帮助下，露西姆将棉雾气团［少量］、幻梦菇［少量］放入坩埚，炼制出了【迷幻香薰】\n能够影响大范围区域的熏香，即便扩散开来也不会影响味道的浓度，但不知为何会吸引一些怪异的飞虫。",
    "::10::在妖精{%_草原}的帮助下，露西姆将棉雾气团［少量］、幻梦菇［少量］、降雨水仙［少量］放入坩埚，炼制出了【蓝调香薰】\n幽邃而典雅的香薰，有着安神的功效，适合独自一人使用思考问题。",
    "::10::在妖精{%_草原}的帮助下，露西姆将微风粉尘［少量］、坚硬的喙［少量］、厄运蘑菇［少量］放入坩埚，炼制出了【厄运药粉】\n撒在人身上就能让他沾染霉运的药粉，黑市里面的畅销商品。",
    "::10::在妖精{%_草原}的帮助下，露西姆将棉雾气团［少量］、幻梦菇［少量］、厄运蘑菇［少量］放入坩埚，炼制出了【厄运香薰】\n听说一些邪恶的仪式会用上厄运香薰，也会有邪恶炼金术士把它卖给商人用来诅咒别人。",
    "::10::在妖精{%_湖泊}的帮助下，露西姆将甲贝［大量］、珍珠果［少量］放入坩埚，炼制出了【珍珠粉】\n高贵又洁白的珍珠粉，有着护肤美白的功效，也能直接吃葆春延衰。",
    "::10::在妖精{%_湖泊}的帮助下，露西姆将魔法冰泉［少量］、矿盐［少量］、黑炭［少量］放入坩埚，炼制出了【黑色墨水】\n非常常见的工具，基本家家户户都备着一瓶用来写字。",
    "::10::在妖精{%_火山}的帮助下，露西姆将矿石碎片［少量］、黑炭［少量］、坚硬荆棘［少量］放入坩埚，炼制出了【焦炭树枝】\n十分克制水元素的魔力炼成品，仅仅是插在地面上就能造成小范围的干旱。",
    "::10::在妖精{%_火山}的帮助下，露西姆将黑炭［少量］、火溶虫［少量］放入坩埚，炼制出了【焦炭虫】\n如同焦炭一般漆黑的虫子，自身有着非常高的温度，千万不能用手直接拿，会造成严重的烫伤。",
    "::10::在妖精{%_湖泊}的帮助下，露西姆将星辰珊瑚［少量］、炽热蚯蚓［少量］、坚硬荆棘［少量］放入坩埚，炼制出了【鸟笼】\n精致的鸟笼，能存放心仪的小鸟。",
    "::10::在妖精{%_湖泊}的帮助下，露西姆将星辰珊瑚［少量］、岩蛭［少量］放入坩埚，炼制出了【星空粉】\n星空一般瑰丽的粉尘，可以用作料理装饰或者更多艺术畅想之中。",
    "::10::在妖精{%_山地}的帮助下，露西姆将甜味黏土［少量］、火结晶［少量］、黄金小麦［少量］、辛辣辣椒［少量］放入坩埚，炼制出了【火爆面包】\n又辣又噎人的火爆面包，一般只有糙汉子才咽的下这种面包。",
    "::10::在妖精{%_火山}的帮助下，露西姆将火结晶［少量］、坚硬荆棘［少量］、辛辣辣椒［少量］、蜜虫［少量］放入坩埚，炼制出了【火锅底料】\n根据地区不同，配方不同，口味也不同的配料。谨记，肠胃不好不要在西南地区购买该产品。",
    "::10::在妖精{%_草原}的帮助下，露西姆将微风粉尘［少量］、坚硬的喙［少量］、辛辣辣椒［少量］放入坩埚，炼制出了【火爆药粉】\n爆炸辣的药粉，几乎不能直接吃，但总有勇士会去尝试，这甚至演变出了一种试胆大会。",
    "::10::在妖精{%_火山}的帮助下，露西姆将矿盐［少量］、辛辣辣椒［少量］放入坩埚，炼制出了【辣椒盐】\n洒在食物上的调味品，根据每个炼金术师的习惯口味也会有不同的改变。尤其是某西南城镇的辣椒盐，千万别买！",
    "::10::在妖精{%_火山}的帮助下，露西姆将血浆果［少量］、辛辣辣椒［少量］、蜜虫［少量］放入坩埚，炼制出了【甜辣酱】\n畅销调味剂，根据地区不同口味会有略微差别，请以实物为准。",
    "::10::在妖精{%_火山}的帮助下，露西姆将炽热蚯蚓［少量］、辛辣辣椒［少量］放入坩埚，炼制出了【火辣蚯蚓】\n十分香辣的蚯蚓干，貌似比甜味蚯蚓干还要畅销。",
    "::10::在妖精{%_山地}的帮助下，露西姆将甜味黏土［少量］、息土［大量］放入坩埚，炼制出了【百变黏土】\n能随意改变自身形状的神奇黏土，很受小孩子喜欢，同时这种黏土在各种制造方面也经常派上用处。",
    "::10::在妖精{%_草原}的帮助下，露西姆将蜂蜡［少量］、息土［少量］、蜜虫［少量］放入坩埚，炼制出了【蜜罐】\n用陶土罐子装着的甜蜜蜂蜜，吃完一罐还想再吃一罐。",
    "::10::在妖精{%_火山}的帮助下，露西姆将龙卷斑蝶［少量］、长明草［少量］放入坩埚，炼制出了【长明灯】\n能持续不断燃烧很久的灯，靠近它还能感受到微风吹拂脸颊。",
    "::10::在妖精{%_山地}的帮助下，露西姆将甲贝［少量］、涤辰砂［大量］放入坩埚，炼制出了【贝壳粉】\n由甲贝捣碎而成的粉末，不论是价格还是质量都不如珍珠粉，但它亲民的价格使它还是受到很多人的喜爱。",
    "::10::在妖精{%_火山}的帮助下，露西姆将涤辰砂［少量］、折光兰［少量］放入坩埚，炼制出了【研磨粉】\n青色的颗粒状物质，能够用来辅助金属器具的研磨，由于能够将器具打磨到透明，是许多工匠的青睐之物。",
    "::10::在妖精{%_湖泊}的帮助下，露西姆将涤辰砂［少量］、星辰珊瑚［少量］放入坩埚，炼制出了【星辰珠】\n宛如星辰般的宝珠，是很高级的装饰品，很多华丽的服装设计中都会有它的身影。",
    "::10::在妖精{%_湖泊}的帮助下，露西姆将魔法冰泉［少量］、矿盐［少量］、铜簇［少量］放入坩埚，炼制出了【棕色墨水】\n比较少见的棕色墨水，使用它的一般都是对颜色有高要求的人。",
    "::10::在妖精{%_草原}的帮助下，露西姆将铜簇［少量］、息土［少量］、岩蛭［少量］放入坩埚，炼制出了【提纯铜锭】\n经过反复提纯得到的铜锭。无数工匠开发之后，终于发现炼铜是没有出路的。",
    "::10::在妖精{%_山地}的帮助下，露西姆将铜簇［少量］、星辰珊瑚［少量］放入坩埚，炼制出了【星辰晶簇】\n自高天坠落的晶体，被人类奉为星辰碎片的矿物。",
    "::10::在妖精{%_山地}的帮助下，露西姆将铜簇［少量］、炽热蚯蚓［少量］放入坩埚，炼制出了【晶化蚯蚓】\n误食了结晶或者被人为与结晶合成而得到的水晶蚯蚓工艺品。如果好看也是一种理由…",
    "::10::在妖精{%_火山}的帮助下，露西姆将矿石碎片［大量］、铜簇［少量］、坚硬荆棘［少量］放入坩埚，炼制出了【荆棘耳环】\n异域风情的耳环，人类佩戴的话，说不定会扎进耳朵其他部分。",
    "::10::在妖精{%_火山}的帮助下，露西姆将液态滚石［少量］、黑炭［少量］、厄运蘑菇［少量］放入坩埚，炼制出了【地狱野火】\n青紫色的火焰，就像是从最深沉的地狱中冒出一般恐怖…——出自《如何吓唬不听话的小孩》",
    "::10::在妖精{%_火山}的帮助下，露西姆将液态滚石［少量］、黑炭［少量］、长明草［少量］放入坩埚，炼制出了【燃烧宝石】\n紧紧握住就能让拳头燃烧起来。答应我，对告诉你这个用法的人使用炎拳吧！",
    "::10::在妖精{%_火山}的帮助下，露西姆将液态滚石［少量］、火溶虫［少量］、岩蛭［少量］放入坩埚，炼制出了【高温溶剂】\n通过弱化破碎的物体将其再次熔接在一起的高温液体。不建议在情感破碎的时候使用。",
    "::10::在妖精{%_火山}的帮助下，露西姆将息土［大量］、龙卷斑蝶［少量］、沙漠瓢虫［少量］放入坩埚，炼制出了【沙尘暴】\n不同于火龙卷带来的直观毁灭，沙尘暴更多的是对原有事物的掩埋 ，尽管还能残存一些东西但也基本都埋进了沙子。",
    "::10::在妖精{%_火山}的帮助下，露西姆将炽热蚯蚓［少量］、火溶虫［少量］、岩蛭［大量］、蜜虫［少量］、沙漠瓢虫［少量］放入坩埚，炼制出了【“丰盛”晚餐】\n野外虫子大餐，富含丰富的营养，但是吃下去需要一定勇气。",
    "::10::在妖精{%_湖泊}的帮助下，露西姆将魔法冰泉［大量］、重水［少量］放入坩埚，炼制出了【惰性凝液】\n流动十分缓慢的液体有一定的缓冲功能，也不容易与其他素材发生炼金反应，比较适合用来储存贵重物品。",
    "::10::在妖精{%_湖泊}的帮助下，露西姆将液态滚石［少量］、重水［少量］、甲贝［大量］放入坩埚，炼制出了【淬火甲壳】\n原本易碎的甲壳淬火过后有了极高的硬度，能用来制作很多复杂工艺品，仅仅当作装饰物也很好看。",
    "::10::在妖精{%_湖泊}的帮助下，露西姆将重水［少量］、涤辰砂［大量］、珍珠果［少量］放入坩埚，炼制出了【璀璨珍珠】\n被当做装饰品的炼成品，收藏价值大于使用价值。",
    "::10::在妖精{%_山地}的帮助下，露西姆将矿石碎片［少量］、自燃石［少量］、坚硬荆棘［少量］、长明草［少量］放入坩埚，炼制出了【魔法火坑】\n比起营火能燃烧更久还能循环使用，但需要更多素材，体积也比较大不方便携带。",
    "::10::在妖精{%_火山}的帮助下，露西姆将液态滚石［少量］、自燃石［少量］、黑炭［少量］放入坩埚，炼制出了【火焰爆弹】\n蕴含火焰之力的浓缩爆弹，经常当做烟花使用，能够对人类造成比较大的伤害。",
    "::10::在妖精{%_湖泊}的帮助下，露西姆将重水［少量］、自燃石［少量］放入坩埚，炼制出了【恒温泉水】\n恒温泉水能让食物一直保持温热，但只有真正的贵族才能支付得起它高昂的价格。",
    "::10::在妖精{%_火山}的帮助下，露西姆将自燃石［少量］、血浆果［少量］放入坩埚，炼制出了【定时“炸弹”】\n能够粗略安排爆开时间的恶作剧道具。虽然只是爆开的血浆果，但仍旧会惹怒一些人。",
    "::10::在妖精{%_火山}的帮助下，露西姆将自燃石［少量］、龙卷斑蝶［少量］放入坩埚，炼制出了【火龙卷】\n毁灭性的龙卷会摧毁路径上的所有东西直到消散，禁忌的魔法之一，是只有高超的炼金术士才能驾驭的危险炼金术。",
    "::10::在妖精{%_草原}的帮助下，露西姆将棉雾气团［少量］、生命之叶［少量］、降雨水仙［少量］放入坩埚，炼制出了【仙叶花洒】\n轻便的清洁用具，水可从花洒中无限流出。",
    "::10::在妖精{%_草原}的帮助下，露西姆将蜂蜡［大量］、生命之叶［少量］、蜜虫［少量］放入坩埚，炼制出了【蜂蜜药膏】\n好用又好吃的药膏深受小朋友的喜爱，以至于每次涂药必须监督不然小朋友会偷偷舔掉药膏。",
    "::10::在妖精{%_山地}的帮助下，露西姆将坚硬荆棘［大量］、干涸地蔓［少量］放入坩埚，炼制出了【蜂箱】\n用来储存蜂蜜的蜂箱，当心不要激怒里面的蜜蜂。",
    "::10::在妖精{%_湖泊}的帮助下，露西姆将甲贝［少量］、风滚草［少量］放入坩埚，炼制出了【贝壳项链】\n由贝壳串成的项链，十分精致好看的手工艺品。",
    "::10::在妖精{%_湖泊}的帮助下，露西姆将甲贝［少量］、风滚草［少量］、珍珠果［少量］放入坩埚，炼制出了【沙滩项链】\n由贝壳和珍珠串成的项链，充满了热带风情，听说带上它会仿佛有魔力般使人情不自禁跳起沙滩舞。",
    "::10::在妖精{%_山地}的帮助下，露西姆将黑炭［少量］、风滚草［少量］放入坩埚，炼制出了【易燃草堆】\n堆砌起来的草堆一般用来围堵动物，不过要当心这些草堆易燃，一点点火星就会整个烧起来。",
    "::10::在妖精{%_草原}的帮助下，露西姆将生命之叶［少量］、风滚草［少量］放入坩埚，炼制出了【生命之绳】\n富含生命力的绳子，光带着就能感受到强大的恢复力，任何伤痛都灰飞烟灭。",
    "::10::在妖精{%_草原}的帮助下，露西姆将生命之叶［少量］、风滚草［少量］、珍珠果［少量］放入坩埚，炼制出了【希望项链】\n富含精神力的项链，戴着项链仿佛能看到希望的光辉。",
    "::10::在妖精{%_火山}的帮助下，露西姆将火溶虫［少量］、风滚草［少量］放入坩埚，炼制出了【烈焰火球】\n凝聚魔法汇聚而成的魔法火球，击中目标后还会四散开来引发大火，十分危险的炼成品。",
    "::10::在妖精{%_湖泊}的帮助下，露西姆将风滚草［少量］、珍珠果［少量］放入坩埚，炼制出了【珍珠项链】\n高贵典雅的珍珠项链，女生戴上它不管去哪里都能成为全场的焦点。",
    "::10::在妖精{%_草原}的帮助下，露西姆将黑海带［少量］、干涸地蔓［少量］、风滚草［少量］放入坩埚，炼制出了【强韧绳子】\n非常强韧的漆黑绳子，是任何场面都能应对十分结实的好工具。",
    "::10::在妖精{%_湖泊}的帮助下，露西姆将重水［少量］、火溶虫［少量］、火焰麦穗［少量］放入坩埚，炼制出了【液态火焰】\n能够像是液体一般流动的火焰。",
    "::10::在妖精{%_山地}的帮助下，露西姆将黑炭［少量］、风滚草［少量］、火焰麦穗［少量］放入坩埚，炼制出了【燃烧草堆】\n在寒冷的冬天，燃烧着的草堆能升起烟雾薰果树，使它们不会因为严寒而产生霜冻。",
    "::10::在妖精{%_草原}的帮助下，露西姆将黄金小麦［少量］、幻梦菇［大量］、火焰麦穗［少量］放入坩埚，炼制出了【火焰麦酒】\n能够点燃的麦酒，喝下肚会觉得火焰在肚中翻滚。接受能力差的人不建议尝试这种新奇的酒种。",
    "::10::在妖精{%_湖泊}的帮助下，露西姆将星辰珊瑚［少量］、火溶虫［少量］、干涸地蔓［少量］、火焰麦穗［少量］放入坩埚，炼制出了【火树银花】\n节庆时挂在树上使用的氛围道具，有人曾绑在身上庆祝节日被绊倒摔成重伤，所以请不要绑在动物身上。",
    "::10::在妖精{%_草原}的帮助下，露西姆将妖精粉尘［少量］、生命之叶［大量］、魔法亓草［大量］放入坩埚，炼制出了【速疗药剂】\n富含营养的生命之叶加上蕴含生命魔力的粉尘而制成的药剂。",
    "::10::在妖精{%_草原}的帮助下，露西姆将妖精粉尘［少量］、魔法亓草［大量］、喷射孢子［大量］放入坩埚，炼制出了【妖精礼炮】\n庆祝某些事情会用到的小礼炮。注意，不要对着人眼使用。",
    "::10::在妖精{%_草原}的帮助下，露西姆将妖精粉尘［少量］、折光兰［少量］放入坩埚，炼制出了【隐形药剂】\n喝下后能够短暂与背景融为一体的药剂，禁止非法使用。",
    "::10::在妖精{%_草原}的帮助下，露西姆将妖精粉尘［少量］、魔法亓草［大量］、厄运蘑菇［少量］放入坩埚，炼制出了【除厄灵药】\n本来是叫福灵剂，但是为了摈除迷信而改叫除厄灵药的炼成品。理之塔觉得这很魔幻。",
    "::10::在妖精{%_山地}的帮助下，露西姆将甜味黏土［少量］、魔法冰泉［少量］、晶海星［大量］放入坩埚，炼制出了【史莱姆王冠】\n史莱姆一族王者的象征，因为粘上了史莱姆黏液所以感觉黏糊糊的。",
    "::10::在妖精{%_山地}的帮助下，露西姆将晶海星［少量］、妖精粉尘［少量］、刻金石板［少量］、火焰麦穗［少量］放入坩埚，炼制出了【祝福石板】\n让人感觉温暖的石板，除了放在主教的宣讲台上，还能放在被子里当暖炉使用。",
    "::10::在妖精{%_山地}的帮助下，露西姆将液态滚石［少量］、刻金石板［少量］、涤辰砂［大量］放入坩埚，炼制出了【鎏金粉】\n高贵奢华的鎏金粉尘，可以洒在面包上装点食物，或者洒在信封上闪瞎收信人的眼，作用任凭想象。",
    "::10::在妖精{%_山地}的帮助下，露西姆将刻金石板［少量］、血浆果［少量］、火溶虫［少量］放入坩埚，炼制出了【血字石板】\n血浆果融化在石板上形成的诡异道具，通常在大人吓唬孩子的故事里出现。",
    "::10::在妖精{%_山地}的帮助下，露西姆将刻金石板［少量］、炽热蚯蚓［少量］放入坩埚，炼制出了【神秘符文】\n目前还没有人能解读神秘符文上的文字。每年很多学者前赴后继研究神秘符文上的文字，这已经演变成一个学术谜题。",
    "::10::在妖精{%_山地}的帮助下，露西姆将刻金石板［少量］、息土［少量］、古代页岩［少量］放入坩埚，炼制出了【镶金罐子】\n大陆上的贵族用来存放东西的罐子，精致又实用。因此每年大陆商人都会向琉璃岛收购大量镶金罐子",
    "::10::在妖精{%_山地}的帮助下，露西姆将刻金石板［少量］、息土［大量］、古代页岩［少量］、厄运蘑菇［少量］放入坩埚，炼制出了【诅咒遗物】\n从大地的沉淀中提取出的先人遗物。",
    "::10::在妖精{%_山地}的帮助下，露西姆将液态滚石［大量］、深谷坚石［少量］、甲贝［大量］放入坩埚，炼制出了【护身甲片】\n运动中保护关节的发明，有效的避免疤痕的出现。疼一定还是很疼的，谁叫你摔倒了呢？",
    "::10::在妖精{%_火山}的帮助下，露西姆将深谷坚石［少量］、古代页岩［大量］、厄运蘑菇［少量］放入坩埚，炼制出了【厄运神像】\n听说能带来厄运的石像，不知道什么人在收购这种东西。",
    "::10::在妖精{%_山地}的帮助下，露西姆将深谷坚石［少量］、古代页岩［少量］、坚硬荆棘［大量］放入坩埚，炼制出了【苦痛神像】\n某位贤者曾受难的证明，用于警醒世人那段黑暗的岁月。",
    "::10::在妖精{%_山地}的帮助下，露西姆将深谷坚石［少量］、古代页岩［少量］、沙漠瓢虫［少量］放入坩埚，炼制出了【虫神像】\n蝗虫形象的神像，能够吸引蝗虫的到来。到底谁会需求这种怪东西啊？！统统化作可疑对象！",
    "::10::在妖精{%_草原}的帮助下，露西姆将蜂蜡［大量］、古树花粉［少量］、龙卷斑蝶［少量］、沙漠瓢虫［少量］放入坩埚，炼制出了【古代秘药】\n奇怪的配方炼制出来有着神奇效果的秘药，能显著增加其他药的药效，单独服用也能强生健体。",
    "::10::在妖精{%_草原}的帮助下，露西姆将古树花粉［少量］、妖精粉尘［少量］、生命之叶［少量］、魔法亓草［少量］放入坩埚，炼制出了【奇迹粉尘】\n汇聚自然生命气息的粉尘，被极度推崇。",
    "::10::在妖精{%_草原}的帮助下，露西姆将古树花粉［大量］、妖精粉尘［少量］、魔法亓草［大量］放入坩埚，炼制出了【万用药】\n万用药，药无用。混杂了太多的属性而导致药理全失的无用之药。",
    "::10::在妖精{%_草原}的帮助下，露西姆将古树花粉［少量］、生命之叶［少量］、蜜虫［少量］放入坩埚，炼制出了【疗伤中药】\n能够缓解大部分疑难杂症的温和中药。",
    "::10::在妖精{%_草原}的帮助下，露西姆将古树花粉［少量］、龙卷斑蝶［少量］放入坩埚，炼制出了【呛鼻粉尘】\n一般存放在瓶子，千万不要在封闭空间打开，呛鼻粉尘甚至能让人无法呼吸。",
    "::10::在妖精{%_山地}的帮助下，露西姆将矿石碎片［大量］、刻金石板［少量］、息土［少量］、化石鱼骨［少量］放入坩埚，炼制出了【地藏】\n被视为一种招好运的石像，有些人说有用，有些人又说没用。对此只能说信则有，不信则无。",
    "::10::在妖精{%_湖泊}的帮助下，露西姆将涤辰砂［少量］、化石鱼骨［少量］放入坩埚，炼制出了【化石粉】\n用来制作一些工艺品，打磨原材料使成品更加有光泽。",
    "::10::在妖精{%_火山}的帮助下，露西姆将化石鱼骨［少量］、黑炭［少量］放入坩埚，炼制出了【火药粉末】\n辅助爆炸的火药粉末，是炼金学的开端也是炼金学的终结。",
    "::10::在妖精{%_湖泊}的帮助下，露西姆将魔法冰泉［大量］、深海结晶［少量］、丛云果［少量］放入坩埚，炼制出了【魔力冰晶】\n无论如何也不会融化的冰晶，在太阳底下会反射五彩的光芒。",
    "::10::在妖精{%_山地}的帮助下，露西姆将矿石碎片［少量］、铜簇［少量］、深海结晶［少量］、岩蛭［少量］放入坩埚，炼制出了【克莱因金属】\n纯粹的克莱因金属，能够用来打造一些坚硬的器具，硬度尚且不如通用的钢铁。",
    "::10::在妖精{%_湖泊}的帮助下，露西姆将晶海星［少量］、甲贝［少量］、深海结晶［少量］、星辰珊瑚［少量］、珍珠果［少量］放入坩埚，炼制出了【海洋之心】\n散发着辉煌之光的珍珠。什么是辉煌之光，金的就叫辉煌吗？",
    "::10::在妖精{%_火山}的帮助下，露西姆将液态滚石［大量］、息土［大量］、深海结晶［少量］、生命之叶［少量］放入坩埚，炼制出了【元素精华】\n四种元素凝结而成的精华宝石，能够发出四种不同绚烂的光，有些酒馆将它们挂在房顶打光…",
    "::10::在妖精{%_湖泊}的帮助下，露西姆将重水［大量］、甲贝［少量］、深海结晶［少量］放入坩埚，炼制出了【深海精华素】\n用法众说纷纭，但是在养生和美白方面都有不错的口碑，价格也一直居高不下。",
    "::10::在妖精{%_湖泊}的帮助下，露西姆将重水［少量］、化石鱼骨［大量］、深海结晶［少量］放入坩埚，炼制出了【化石结晶】\n无与伦比般坚硬的结晶，是制作工艺品的顶级素材，当然价格也是非同一般。",
    "::10::在妖精{%_草原}的帮助下，露西姆将彩虹羽翼［少量］、晶海星［少量］、干涸砂砾［少量］、折光兰［少量］放入坩埚，炼制出了【梅林勋章】\n一枚闪着奇异光彩的勋章，其中蕴含着十分奇妙的魔力与见闻…",
    "::10::在妖精{%_山地}的帮助下，露西姆将矿石碎片［大量］、矿盐［大量］、干涸砂砾［少量］放入坩埚，炼制出了【筑城砂砖】\n坚固的砂砖，经过多道检测，能够抵抗较大程度的冲击而不碎裂。",
    "::10::在妖精{%_湖泊}的帮助下，露西姆将重水［少量］、涤辰砂［少量］、干涸砂砾［少量］放入坩埚，炼制出了【可塑砂泥】\n相比百变黏土更适合用来进行堆砌房屋这种大工程。",
    "::10::在妖精{%_山地}的帮助下，露西姆将息土［少量］、干涸砂砾［少量］放入坩埚，炼制出了【沙漏】\n在黑夜中也能发出淡淡光彩的计时沙漏。",
    "::10::在妖精{%_火山}的帮助下，露西姆将干涸砂砾［少量］、厄运蘑菇［少量］、黑海带［少量］、干涸地蔓［少量］放入坩埚，炼制出了【厄运沙包】\n散发着邪恶气息的沙包，不详的气息让人害怕接近。",
    "::10::在妖精{%_火山}的帮助下，露西姆将干涸砂砾［少量］、干涸地蔓［少量］放入坩埚，炼制出了【砂蔓牢笼】\n十分结实牢固的笼子，动物被放进去的一瞬间它就再也别想出来了。",
    "::10::在妖精{%_火山}的帮助下，露西姆将火结晶［少量］、闪亮红砂［大量］、日光石［少量］放入坩埚，炼制出了【不灭的火种】\n火焰与火焰的融合将会创造出永恒不灭的终极火焰——《初学者误导指南》",
    "::10::在妖精{%_草原}的帮助下，露西姆将晶海星［少量］、妖精粉尘［少量］、日光石［少量］放入坩埚，炼制出了【五彩晶片】\n在光照下能够折射数十种色彩的结晶，经过再次加工后能够作为‘显微镜’与 ‘望远镜’的镜片使用。",
    "::10::在妖精{%_湖泊}的帮助下，露西姆将晶海星［大量］、涤辰砂［少量］、日光石［少量］放入坩埚，炼制出了【放大镜片】\n使用日光石加厚晶片结构，使其拥有能够拉近视野的功能。",
    "::10::在妖精{%_草原}的帮助下，露西姆将晶海星［少量］、日光石［少量］、折光兰［少量］放入坩埚，炼制出了【折光镜】\n将光线按照设计好的方向折射的镜片，作用很多，但不知道为什么成为了孩子们的玩具。",
    "::10::在妖精{%_山地}的帮助下，露西姆将液态滚石［大量］、自燃石［少量］、深谷坚石［少量］、日光石［少量］放入坩埚，炼制出了【闲者石】\n你看着手中一团乌漆嘛黑的石头，想起了自己浪费的材料。在此时你仿佛成为了一名放弃思考的贤者…",
    "::10::在妖精{%_湖泊}的帮助下，露西姆将涤辰砂［大量］、日光石［少量］放入坩埚，炼制出了【日光粉】\n能散发出温暖的微光，很适合用来营造氛围，是情侣约会的不二选择。",
    "::10::在妖精{%_火山}的帮助下，露西姆将日光石［少量］、火焰麦穗［少量］、龙卷斑蝶［少量］放入坩埚，炼制出了【热风宝石】\n通过刺激能够释放热风的宝石，想要模拟热带体验的话就在小房间里使劲摩擦这块宝石吧。",
    "::10::在妖精{%_火山}的帮助下，露西姆将日光石［少量］、珍珠果［少量］放入坩埚，炼制出了【珠光石】\n海底结晶矿石，蕴含神秘的魔法波动。",
    "::10::在妖精{%_任意妖精}的帮助下，露西姆将魔法亓草［少量］放入坩埚，炼制出了【银阔拉】\n银色的肥料，只是简单的将植物所需的不同微量矿质元素融合在一起构成的简单营养品。",
    "::10::在妖精{%_任意妖精}的帮助下，露西姆将黄金小麦［少量］放入坩埚，炼制出了【金阔拉】\n金色的肥料，以科学有效的手法糅合了无数种营养而制成的最终肥料。听说曾有两个古文明国家因为金阔垃的存在而大打出手。",
    "::5::在妖精{%_火山}的帮助下，露西姆将晶海星［少量］、液态滚石［少量］、黄金小麦［少量］、血浆果［少量］放入坩埚，炼制出了【狮子的爪子】\n出没在狮子拱门地区的海鸟的喙，因为与狮子的爪子十分相似而得名。",
    "::5::在妖精{%_火山}的帮助下，露西姆将矿盐［少量］、蜂蜡［少量］、古树花粉［少量］、黄金小麦［少量］放入坩埚，炼制出了【丰产宝典】\n高塔学徒们为了足不出户的解决食物问题，制造了一种能够在书中魔法世界种植作物的办法…",
    "::5::在妖精{%_湖泊}的帮助下，露西姆将棉雾气团［少量］、晶海星［大量］、重水［少量］、降雨水仙［少量］放入坩埚，炼制出了【深潜镜】\n能够在深海中开辟纯净视野的道具，常用于深海作业。",
    "::5::在妖精{%_湖泊}的帮助下，露西姆将矿石碎片［少量］、矿盐［少量］、干涸砂砾［少量］、厄运蘑菇［少量］放入坩埚，炼制出了【妖精的魔方】\n来自神秘学识的造物，能够轻易重组其中事物的结构。",
    "::5::在妖精{%_火山}的帮助下，露西姆将彩虹羽翼［少量］、棉雾气团［少量］、喷射孢子［大量］、龙卷斑蝶［少量］放入坩埚，炼制出了【沙漠丝绒】\n具有沙漠特质的丝绒，所制作出来的成品能够很轻易的抖落灰尘。",
    "::5::在妖精{%_草原}的帮助下，露西姆将铜簇［少量］、刻金石板［少量］、化石鱼骨［少量］、幻梦菇［大量］放入坩埚，炼制出了【妖精的盲盒】\n谁都不知道这其中蕴藏着什么样的秘密。",
    "::5::在妖精{%_草原}的帮助下，露西姆将彩虹羽翼［大量］、蜂蜡［少量］、古树花粉［少量］、降雨水仙［大量］放入坩埚，炼制出了【帝国绸布】\n华丽，昂贵的绸布。是地位与阶级的象征。",
    "::5::在妖精{%_火山}的帮助下，露西姆将闪亮红砂［少量］、铜簇［少量］、液态滚石［少量］、丛云果［少量］放入坩埚，炼制出了【碧玉琥珀】\n碧玉与琥珀相融而成的拥有珍贵价值的宝玉。",
    "::5::在妖精{%_山地}的帮助下，露西姆将液态滚石［少量］、刻金石板［少量］、自燃石［少量］、炽热蚯蚓［少量］放入坩埚，炼制出了【风情陶罐】\n具有沙漠风情的陶罐，是西境人民中最常用的承载容器。",
    "::5::在妖精{%_草原}的帮助下，露西姆将彩虹羽翼［大量］、棉雾气团［少量］、降雨水仙［少量］、龙卷斑蝶［少量］放入坩埚，炼制出了【飞翔斗篷】\n借助空气魔法能够让穿戴者短时间漂浮的魔法道具。",
    "::5::在妖精{%_山地}的帮助下，露西姆将重水［少量］、自燃石［少量］、血浆果［大量］、龙卷斑蝶［少量］放入坩埚，炼制出了【地底族工艺品】\n大陆中制作最为精良的工艺品，由从不见人的地底种族打造。",
    "::5::在妖精{%_山地}的帮助下，露西姆将矿石碎片［少量］、火溶虫［少量］、岩蛭［大量］、干涸地蔓［少量］放入坩埚，炼制出了【火山标本】\n火山地质的构造模型，很好的模拟着火山喷发的全过程。",
    "::5::在妖精{%_山地}的帮助下，露西姆将自燃石［少量］、喷射孢子［大量］、炽热蚯蚓［少量］、辛辣辣椒［少量］放入坩埚，炼制出了【守夜营帐】\n守夜人的营帐套组，内涵许多有用的道具，有效的保证你从最寒冷的冬夜活到太阳升起的那一刻。",
    "::5::在妖精{%_火山}的帮助下，露西姆将铜簇［少量］、刻金石板［少量］、厄运蘑菇［少量］、星辰珊瑚［少量］放入坩埚，炼制出了【学徒纹章】\n不知道是什么学院的学徒纹章，听说持有这个纹章就能穿越某些粗重的柱子。",
    "::5::在妖精{%_湖泊}的帮助下，露西姆将晶海星［少量］、重水［少量］、星辰珊瑚［少量］、岩蛭［少量］放入坩埚，炼制出了【狼牙冰雕】\n狼牙形状的冰雕，是狼王友谊的证明。",
    "::5::在妖精{%_湖泊}的帮助下，露西姆将重水［少量］、自燃石［少量］、黄金小麦［大量］、火溶虫［少量］放入坩埚，炼制出了【港湾珍珠】\n巨鲸港湾的特产珍珠，大颗，闪亮，价值高！",
    "::5::在妖精{%_火山}的帮助下，露西姆将液态滚石［少量］、自燃石［少量］、火溶虫［少量］、辛辣辣椒［少量］放入坩埚，炼制出了【熔火核心】\n矮人族的宝物，通常为一个火山孕育超过百年的产物。",
    "::5::在妖精{%_草原}的帮助下，露西姆将彩虹羽翼［大量］、晶海星［少量］、自燃石［少量］、黄金小麦［大量］、折光兰［少量］放入坩埚，炼制出了【狮子之眼】\n如同狮子眼睛一般的宝石，散发着威严的光辉。",
    "::5::在妖精{%_草原}的帮助下，露西姆将彩虹羽翼［大量］、古树花粉［少量］、铜簇［少量］、刻金石板［少量］、星辰珊瑚［少量］放入坩埚，炼制出了【万年祖木雕刻】\n用万年（？）的树木雕刻而成的纪念品，对于旅客来说或许意义重大。",
    "::5::在妖精{%_山地}的帮助下，露西姆将蜂蜡［大量］、深谷坚石［少量］、血浆果［少量］、岩蛭［少量］放入坩埚，炼制出了【万兽的赠予】\n能够与万兽交谈的修士们研究出的能够短暂与野兽建立交流的魔药。小心臭脾气的动物！",
    "::5::在妖精{%_山地}的帮助下，露西姆将彩虹羽翼［大量］、晶海星［少量］、刻金石板［少量］、星辰珊瑚［少量］、丛云果［少量］放入坩埚，炼制出了【天选桂冠】\n赐予冠军的桂冠，代表着无上的荣耀与特权。",
    "::5::在妖精{%_火山}的帮助下，露西姆将矿盐［少量］、重水［大量］、自燃石［少量］、辛辣辣椒［少量］放入坩埚，炼制出了【冬火】\n不会熄灭，不会点燃任何东西，同时也没有任何温度的火焰。",
    "::5::在妖精{%_湖泊}的帮助下，露西姆将彩虹羽翼［大量］、妖精粉尘［少量］、重水［少量］、血浆果［大量］、星辰珊瑚［少量］放入坩埚，炼制出了【可动魔偶】\n拥有行动能力的无智慧魔力玩偶，经由定制可以更改为任何希望的造型。",
    "::5::在妖精{%_火山}的帮助下，露西姆将蜂蜡［大量］、古树花粉［大量］、妖精粉尘［少量］、幻梦菇［少量］放入坩埚，炼制出了【帝王橄榄油】\n提取工序十分复杂的橄榄油，如同它的价值一般，再普通的料理加上它都会显得熠熠生辉。",
    "::5::在妖精{%_草原}的帮助下，露西姆将重水［少量］、深谷坚石［少量］、幻梦菇［大量］、厄运蘑菇［少量］放入坩埚，炼制出了【野地藏】\n不明信仰群体所供奉的地藏，有着深海生物的特征。",
    "::5::在妖精{%_山地}的帮助下，露西姆将刻金石板［少量］、自燃石［大量］、深谷坚石［少量］、岩蛭［少量］放入坩埚，炼制出了【拱门石雕】\n完全复制了拱门样貌的石雕，是旅游必带纪念品。",
    "::5::在妖精{%_火山}的帮助下，露西姆将闪亮红砂［少量］、晶海星［大量］、妖精粉尘［少量］、幻梦菇［大量］、火溶虫［少量］放入坩埚，炼制出了【尤元素】\n记载在理之塔中最神秘的基础架构元素外的元素。由于不稳定性与多变性而被称为U元素…",
    "::5::在妖精{%_草原}的帮助下，露西姆将铜簇［少量］、妖精粉尘［少量］、深谷坚石［少量］、血浆果［少量］放入坩埚，炼制出了【冒险者手礼】\n冒险者在狮子拱门接受祝福时被赠送的手礼，预示着冒险中平安顺利。",
    "::5::在妖精{%_湖泊}的帮助下，露西姆将矿石碎片［大量］、蜂蜡［少量］、妖精粉尘［少量］、岩蛭［少量］放入坩埚，炼制出了【山地蚨蛉壳】\n山地蚨蛉褪下的壳，能够抵御岩浆的温度。",
    "::5::在妖精{%_草原}的帮助下，露西姆将古树花粉［少量］、妖精粉尘［少量］、深谷坚石［少量］、折光兰［少量］放入坩埚，炼制出了【智慧枝干】\n代表着智慧的枝干，在森林中常用于各种仪式之中。低调的外表让其显得十分寻常，只有极具智慧的人才能看出其不同。",
    "::5::在妖精{%_湖泊}的帮助下，露西姆将矿石碎片［大量］、刻金石板［少量］、深谷坚石［少量］、星辰珊瑚［少量］放入坩埚，炼制出了【铭文石碑】\n用人类未知的文字书写着远古故事的碑文。（其实只是人造字体而已）",
    "::5::在妖精{%_湖泊}的帮助下，露西姆将棉雾气团［少量］、重水［少量］、魔法亓草［大量］、黑海带［少量］放入坩埚，炼制出了【雾霭之叶】\n融入了晨间雾霭的纯净之叶。",
    "::5::在妖精{%_湖泊}的帮助下，露西姆将古树花粉［少量］、妖精粉尘［少量］、深谷坚石［少量］、折光兰［少量］放入坩埚，炼制出了【透视镜】\n法无禁止皆可为，法无禁止皆可为。千万别为了一些不该做的事情丢失了人性。",
    "::5::在妖精{%_草原}的帮助下，露西姆将彩虹羽翼［少量］、液态滚石［少量］、深谷坚石［少量］、厄运蘑菇［少量］放入坩埚，炼制出了【猎人的护身符】\n狼王赠与人类的赠礼，是人与狼群和平相处的象征。",
    "::5::在妖精{%_草原}的帮助下，露西姆将蜂蜡［少量］、古树花粉［少量］、丛云果［少量］、风滚草［少量］放入坩埚，炼制出了【气象球】\n用于预测开拓地区未来天气的球体，凝聚了西境人民的智慧。",
    "::5::在妖精{%_火山}的帮助下，露西姆将矿石碎片［少量］、铜簇［少量］、液态滚石［少量］、刻金石板［少量］、深谷坚石［少量］放入坩埚，炼制出了【雪原机动装置】\n用于在雪原环境快速移动的移动装置。",
    "::5::在妖精{%_山地}的帮助下，露西姆将棉雾气团［少量］、晶海星［少量］、折光兰［少量］、黑海带［少量］放入坩埚，炼制出了【永夜花】\n用魔力水晶制造的能够投射极光等夜晚盛景的魔法花朵，在人类之中人气很高。",
    "::5::在妖精{%_山地}的帮助下，露西姆将蜂蜡［大量］、铜簇［少量］、黑海带［少量］、丛云果［少量］放入坩埚，炼制出了【黑色通行证】\n用于认证成为世界各地的妖精集市的会员顾客。大方的妖精会对持有黑色通行证的人抱持尊敬的态度。",
    "::5::在妖精{%_湖泊}的帮助下，露西姆将古树花粉［少量］、妖精粉尘［少量］、炽热蚯蚓［少量］、火溶虫［少量］、风滚草［少量］放入坩埚，炼制出了【沙漠之风】\n读作沙漠之风，写作一面旗帜。是能够让大风转向的神秘造物，不得不说西境之人的智慧总是源源不断的超乎想象。",
    "::5::在妖精{%_山地}的帮助下，露西姆将铜簇［少量］、深谷坚石［少量］、炽热蚯蚓［少量］、火溶虫［大量］放入坩埚，炼制出了【狮子石雕】\n雕刻着阿斯隆德之狮的塑像。预示着骑士精神将如同石雕一般永垂不朽。",
    "::3::在妖精{%_任意妖精}的帮助下，露西姆将增生土块［大量］、甜味黏土［少量］、魔法冰泉［少量］放入坩埚，炼制出了【贴合剂】\n将两个表面紧紧贴合的粘剂，十分可靠。",
    "::3::在妖精{%_任意妖精}的帮助下，露西姆将海沟海蜇［大量］、甜味黏土［少量］、魔法冰泉［少量］、魔法亓草［少量］放入坩埚，炼制出了【催产肥料】\n能够最大程度肥沃土地的肥料，加快特定植物的生长速度。",
    "::3::在妖精{%_任意妖精}的帮助下，露西姆将增生土块［大量］、甜味黏土［少量］、魔法冰泉［少量］、火结晶［少量］放入坩埚，炼制出了【快凝修补液】\n快速凝固的修补液，能够修复航行中的船只。",
    "::3::在妖精{%_任意妖精}的帮助下，露西姆将海沟海蜇［大量］、甜味黏土［少量］、魔法冰泉［少量］放入坩埚，炼制出了【压缩食物】\n能够提供大量能量热量的食物，是行军必备的口粮之一。",
    "::3::在妖精{%_任意妖精}的帮助下，露西姆将月光石［大量］、甜味黏土［少量］、魔法冰泉［少量］、微风粉尘［少量］放入坩埚，炼制出了【快愈药膏】\n能够快速处理伤口的药膏，不易引发感染。",
    "::3::在妖精{%_任意妖精}的帮助下，露西姆将月光石［大量］、甜味黏土［少量］、微风粉尘［少量］、魔法亓草［少量］放入坩埚，炼制出了【魔力定标器】\n能够收发指定魔力的锚点，用处十分之多。",
    "::3::在妖精{%_任意妖精}的帮助下，露西姆将家族残徽［大量］、火结晶［少量］、微风粉尘［少量］放入坩埚，炼制出了【魔法地图】\n能够自动绘制周遭地貌的地图，是十分高级的魔法产物。",
    "::3::在妖精{%_任意妖精}的帮助下，露西姆将家族残徽［大量］、火结晶［少量］、微风粉尘［少量］、魔法亓草［少量］放入坩埚，炼制出了【不老羊皮卷】\n能够长久保存的羊皮卷，可以记录咒语用于快速释放魔法。",
    "::3::在妖精{%_任意妖精}的帮助下，露西姆将冰髓［大量］、甜味黏土［少量］、魔法冰泉［少量］、火结晶［少量］、微风粉尘［少量］放入坩埚，炼制出了【混沌理念】\n无数种概念融合在一起的假想物品，无意义或意义重大。",
    "::3::在妖精{%_任意妖精}的帮助下，露西姆将冰髓［大量］、微风粉尘［少量］、魔法亓草［少量］放入坩埚，炼制出了【坚韧绳索】\n十分坚固的绳索，狮子骑士的长剑都不一定能一口气斩断。",
    "::3::在妖精{%_任意妖精}的帮助下，露西姆将不老冰［大量］、魔法冰泉［少量］、微风粉尘［少量］、魔法亓草［少量］放入坩埚，炼制出了【收纳宝石】\n拥有一定魔法空间的宝石，可以收纳体积适中的物品。",
    "::3::在妖精{%_任意妖精}的帮助下，露西姆将不老冰［大量］、甜味黏土［少量］、魔法冰泉［少量］、微风粉尘［少量］、魔法亓草［少量］放入坩埚，炼制出了【领航罗盘】\n精准指示方向的罗盘，航海家的基础道具。",
    "::3::在妖精{%_任意妖精}的帮助下，露西姆将魔动环［大量］、甜味黏土［少量］、魔法冰泉［少量］、微风粉尘［少量］放入坩埚，炼制出了【冰洁之心】\n冻结了无数岁月的坚冰之中孕育的‘心脏’。",
    "::3::在妖精{%_任意妖精}的帮助下，露西姆将魔动环［大量］、微风粉尘［少量］、魔法亓草［少量］放入坩埚，炼制出了【登云梯】\n可以通过不断的堆叠增加长度的可靠梯子。",
    "::3::在妖精{%_任意妖精}的帮助下，露西姆将魔魂残片［大量］、甜味黏土［少量］、微风粉尘［少量］、魔法亓草［少量］放入坩埚，炼制出了【林木之心】\n利用生命之树的参与魔法汇聚而成的，代表生命的魔法道具。",
    "::3::在妖精{%_任意妖精}的帮助下，露西姆将魔魂残片［大量］、魔法冰泉［少量］、微风粉尘［少量］、魔法亓草［少量］放入坩埚，炼制出了【魔法能晶】\n可以容纳一切驳杂魔力的聚能水晶。",
    "::3::在妖精{%_任意妖精}的帮助下，露西姆将魔魂残片［大量］、甜味黏土［少量］、魔法冰泉［少量］、微风粉尘［少量］、魔法亓草［少量］放入坩埚，炼制出了【魔神像】\n狱魔会参拜的形象，可以通过该手段判断狱魔的种族。",
    "::3::在妖精{%_任意妖精}的帮助下，露西姆将魔动环［大量］、甜味黏土［少量］、魔法冰泉［少量］放入坩埚，炼制出了【驱兽香】\n散发的香气能够驱散方圆十里的野兽。",
    "::3::在妖精{%_任意妖精}的帮助下，露西姆将生命枝杈［大量］、甜味黏土［少量］、魔法冰泉［少量］放入坩埚，炼制出了【危机香精】\n对于某些魔物或者野兽来说有着十分出色的驱逐作用。",
    "::3::在妖精{%_任意妖精}的帮助下，露西姆将生命枝杈［大量］、甜味黏土［少量］、魔法冰泉［少量］、火结晶［少量］、微风粉尘［少量］放入坩埚，炼制出了【雪雾】\n打碎后会释放一阵冰冷彻骨的雪雾。",
    "::3::在妖精{%_任意妖精}的帮助下，露西姆将衍生晶壤［大量］、火结晶［少量］、微风粉尘［少量］、魔法亓草［少量］放入坩埚，炼制出了【引路灯】\n通过气流判断迷宫出口的魔法道具。",
    "::3::在妖精{%_任意妖精}的帮助下，露西姆将衍生晶壤［大量］、甜味黏土［少量］、魔法冰泉［少量］、魔法亓草［少量］放入坩埚，炼制出了【再生木材】\n能够通过控制增长实现稳固建筑目的的木材。",
    "::3::在妖精{%_任意妖精}的帮助下，露西姆将衍生晶壤［大量］、火结晶［少量］、微风粉尘［少量］放入坩埚，炼制出了【再生石材】\n能够通过控制增长实现稳固建筑目的的石材。",
    "::3::在妖精{%_任意妖精}的帮助下，露西姆将衍生晶壤［大量］、甜味黏土［少量］、魔法冰泉［少量］、火结晶［少量］放入坩埚，炼制出了【阻魔环】\n能够阻断魔力流动的节流装置。",
    "::3::在妖精{%_任意妖精}的帮助下，露西姆将爆炸甲壳［大量］、甜味黏土［少量］、魔法冰泉［少量］、微风粉尘［少量］放入坩埚，炼制出了【薄风衣】\n能够有效阻挡风沙的轻便衣物，透明又时尚。",
    "::3::在妖精{%_任意妖精}的帮助下，露西姆将怪力药草［大量］、微风粉尘［少量］、黄金小麦［少量］放入坩埚，炼制出了【便捷快艇】\n能够自由变化大小的魔法木艇，可以适应江河湖海等任意水域环境。",
    "::3::在妖精{%_任意妖精}的帮助下，露西姆将凝神圣水［大量］、甜味黏土［少量］、微风粉尘［少量］、黄金小麦［少量］放入坩埚，炼制出了【导虫】\n携带在类似灯炉结构中的寻路萤光虫，在壶中和壶外漂浮。",
    "::3::在妖精{%_任意妖精}的帮助下，露西姆将膨胀木［大量］、魔法冰泉［少量］、微风粉尘［少量］、黄金小麦［少量］放入坩埚，炼制出了【功能泉水】\n能够加速人体状态恢复的神奇饮料。",
    "::3::在妖精{%_任意妖精}的帮助下，露西姆将缩小宝石［大量］、甜味黏土［少量］、魔法冰泉［少量］、微风粉尘［少量］、黄金小麦［少量］放入坩埚，炼制出了【规测尺】\n能够用神奇的角度测量出大范围区域的长度。",
    "::3::在妖精{%_任意妖精}的帮助下，露西姆将无风蛛网［大量］、甜味黏土［少量］、黄金小麦［少量］放入坩埚，炼制出了【喝彩飘带】\n用来衬托气氛的手持小礼炮。",
    "::3::在妖精{%_任意妖精}的帮助下，露西姆将怪力药草［大量］、甜味黏土［少量］、折光兰［少量］放入坩埚，炼制出了【花束喇叭】\n包装的和花束一样的喇叭，能够自动循环用魔法录制的话语。",
    "::3::在妖精{%_任意妖精}的帮助下，露西姆将爆炸甲壳［大量］、甜味黏土［少量］、魔法冰泉［少量］、火结晶［少量］、折光兰［少量］放入坩埚，炼制出了【快速再生骨粉】\n能够快速催生农作物以及木头生长的神奇魔法道具。",
    "::3::在妖精{%_任意妖精}的帮助下，露西姆将缩小宝石［大量］、火结晶［少量］、微风粉尘［少量］、折光兰［少量］放入坩埚，炼制出了【信号弹】\n能够手持发射到高空的信号弹，用于在低可见度地区寻找友军。",
    "::3::在妖精{%_任意妖精}的帮助下，露西姆将无风蛛网［大量］、甜味黏土［少量］、魔法冰泉［少量］、折光兰［少量］放入坩埚，炼制出了【行军营帐】\n方便快捷拆卸的双人营帐，印有阿诺德区域风俗花纹。",
    "::3::在妖精{%_任意妖精}的帮助下，露西姆将无风蛛网［大量］、火结晶［少量］、折光兰［少量］放入坩埚，炼制出了【袖珍农舍】\n能够存放在口袋里自由变化大小的最简易房屋。",
    "::3::在妖精{%_任意妖精}的帮助下，露西姆将爆炸甲壳［大量］、甜味黏土［少量］、魔法冰泉［少量］、折光兰［少量］放入坩埚，炼制出了【引火器】\n快捷点燃火焰的工具，在寒冷的北方受到欢迎。"
  ],
  "诺弗兰炼金": [ "[$t玩家]抽出了：\n{%_炼金配方}" ]
}