﻿{
  "_title": [ "好味克家菜" ],
  "_author": [ "于言诺" ],
  "_date": [ "2022/5/18" ],
  "_version": [ "1.0.2" ],
  "_updateDate": [ "2022/8/16" ],
  "_brief": [ "欢迎来到好味克家菜，祝您用餐愉快。8.16更新：添加了_keys字段。" ],
  "_keys": [ "好味克家菜" ],
  "好味克家菜": [
    "人气精选 必杀之大成功饭团\n原料：大成功的骰子\n不保证一定能大成功，但试试总没错。（没大成功也不退钱）\ncost：99san",
    "人气精选 临时疯狂寿司\n原料：一个.ti的PC\n什么，掉San？不是暴力倾向就行。\ncost：5san",
    "人气精选 油炸KP脑子\n原料：不可再生KP\n多少有点费KP。但意外的好吃？!\ncost：60san",
    "人气精选 碳烤暴民\n原料：可再生PL(暴民限定）\n好死，开香槟咯！团购享受大幅优惠。\ncost：30san",
    "人气精选 奥尔良章鱼烧汉堡\n原料：触足数量超级多的章鱼\n口感鲜美，味道香浓，多多的触须为口感点睛一笔！\ncost：643san",
    "人气精选 修格斯果冻\n原料：修格斯凝胶\n看起来黑黑的，但吃起来有直击本源的感觉！\ncost：20san",
    "限时上架 烤乳鸽\n原料：（咕咕咕了！）\n由于食材咕咕咕缺货中，如自带食材可以免费享用。\ncost：99san",
    "绝配早餐 双层安息堡\n原料：几张撕了的卡\n愿所有死去的调查员安息。（加入遗卡捐赠计划立享7折优惠）\ncost：80san",
    "绝配早餐 水煮温泉格赫罗斯\n原料：温泉，闹钟\n白天吃阳面，不瞌睡；晚上吃阴面，睡不着。\ncost：77san",
    "绝配早餐 毒汤\n原料：一个KP和几个新人PL\n纯正黑莲毒in人血汤，好味！\ncost：66san",
    "绝配早餐 凉拌夏盖\n原料：鸽子大的虫子\n一剑就能劈开，但没人喜欢它们。除非是凉拌的。\ncost：40san",
    "绝配早餐 黄衣之王面具糖\n原料：来自哈利湖的生物质\n吃下去，感受哈利湖之主的威严！\ncost：600san",
    "绝配早餐 威尔伯糊糊\n原料：需要在密大图书馆制作\n半拉泡泡半拉人，被狗追得到处润。\ncost：88san",
    "超值精品 阿撒托斯鱼子酱\n原料：תהΣ╜£σףבΦ┐רµר»Σ║║τ\nσוכµכיσñ½τי╣Σ╜זσ£¿σªגΣ╗ךµפ（以上为吃过该菜品的客人的留言）\ncost：999san",
    "超值精品 深潜鱼排\n原料：一般路过深潜者\n感谢您对拉莱耶城的鱼口控制政策所做的贡献。\ncost：15san",
    "超值精品 红烧伊格\n原料：只是普通的蛇肉\n……（一个大成功的灵感或许能感觉到有人正在往你身边发射一条伊格的圣蛇来咬死你）\ncost：120san",
    "超值精品 克苏鲁派\n原料：整只章鱼\n挑战世界最大章鱼派！十分钟内吃完免单！\ncost：645san",
    "经典套餐 飞天意面\n原料：真的可以飞的一团意面\n信仰飞天意面神教吧！！\ncost：548san",
    "经典套餐 克总之糖\n原料：克总，发糖！\n克总，发糖！\ncost：588san",
    "经典套餐 时钟热狗\n原料：时钟指针，廷达罗斯猎犬\n每一口都有时空穿梭的感觉，采用新鲜“热”狗。\ncost：3hp+5mp/口",
    "经典套餐 深潜者仰望星空派\n原料：死不瞑目深潜者\n就算是被淹没在饼皮里，我也要用腐朽的声音喊出——\ncost：55san",
    "豪华午餐 拜亚基咖喱饭\n原料：星际飞行生物的肉块，黄金蜂蜜咖喱\n这就是飞一般的speed！\ncost：120san",
    "豪华午餐 碳烤食尸鬼\n原料：只是普通的肉类\n不知道为什么，你好像可以吃到类似于牙齿的东西。\ncost：25/50san",
    "豪华午餐 尸派\n原料：食尸鬼指甲、皮肤、眼睛，以及泥土内陷\n我们同时使用同源材料完美雕琢小型食尸鬼形象随餐供应。\ncost：15san",
    "豪华午餐 廷达罗斯狗肉火锅\n原料：已无毒化处理的狗狗\n再叫，再叫就把你吃掉！\ncost：177san",
    "豪华午餐 无形之子水煮肉片\n原料：无形之子裔\n老八盛宴奥利给！\ncost：66san",
    "豪华午餐 堕落星球羹\n原料：长得很像星球的……星球\n星球之大，一锅炖不下。\ncost：398san",
    "豪华午餐 黑山羊煲崽饭\n原料：计划外出生的黑山羊幼崽\n绑架代替购买，479san换一个孩子。\ncost：479san",
    "豪华午餐 奈亚烤腿\n原料：很大一条腿\n会蹦起来。\ncost：645san",
    "豪华午餐 邪神炸肉团\n原料：一团碎肉\n邪神碎肉盲盒，来一口吧。（请先同意危险承诺书）\ncost：780san",
    "豪华午餐 伊斯伟大肉饼\n原料：伊斯（？）\n如果口味不对，可能是使用了不同时代的伟大种族的躯体。请向服务员指定原料时代。\ncost：70san",
    "豪华午餐 克苏鲁刺身\n原料：带着鱼腥味的触须\n拉莱耶地区渔船直供，现切现卖。\ncost：778san",
    "豪华午餐 黄王塔可\n原料：黄袍碎片，剧本残页，黄王之手，墨水\n随套餐限量提供《黄衣之王》手稿一页，售完即止。\ncost：25mp",
    "豪华午餐 油炸邪神触手\n原料：一盘触手\n邪神触手盲盒，物超所值。\ncost：500san",
    "豪华午餐 松鼠贵蜥\n原料：波库鲁格的鳞片\n波库鲁格的鳞片做成的酸甜口硬菜！\ncost：10san",
    "豪华午餐 清汤鱼翅\n原料：群鲨之父的鳍的一块\n好香的鱼翅……吃鱼翅违法吗？\ncost：10san",
    "小吃 孜然蟾蜍块\n原料：撒托古亚的肉\n吃完……似乎变聪明了？增加1d20灵感。\ncost：50san",
    "小吃 烤蘑菇\n原料：粉色的蘑菇！\n除了可能会被换掉脑子，没有别的问题\ncost：40san",
    "小吃 黑山羊肉串\n原料：鲜切羊（确实是羊）肉\n肉鲜味美，孜然香气，如果不看掉san是个好串。\ncost：30san",
    "小吃 钻地魔虫小丸子\n原料：钻地魔虫的触肢\n5000摄氏度烤成的美味小丸子，撒上木鱼花和沙拉酱——小心烫口。\ncost：3san/颗",
    "小吃 油炸脆鳞\n原料：哈斯塔鳞片\n耐嚼的脆口小零嘴，吃的时候小心禽类的袭击。\ncost：100san",
    "饮品 奈亚混沌饮料\n原料：蠕动的？？？\n它似乎正在蠕动？还是伏行？\ncost：480san",
    "饮品 黑山羊之奶\n原料：黑山羊的乳汁\n来，妈妈爱～♡\ncost：400san",
    "饮品 尤格泡泡果汁\n原料：泛着泡泡的彩色果汁\n给我泡泡给我泡泡，尤格泡泡，哦哦哦！\ncost：675san",
    "饮品 82年肥宅快乐水\n原料：尘封的快乐水\n这是洁厕灵还是救命圣水？\ncost：9san",
    "饮品 深海的呼唤\n原料：月石，克苏鲁触手，海水\n酒水中浮动的光点为月石冰块融化后产生，属于正常现象，还请放心饮用。\ncost：85san",
    "饮品 板蓝根\n原料：黑色不明苦味药汁\n感情深，一口闷。\ncost：1san",
    "饮品 “烈焰热情”\n原料：炎之精\n看上去只是普通的鸡尾酒，喝下去会不会燃烧呢？\ncost：100san",
    "饮品 “星彩特调”\n原料：星之彩，尤格之光\n此款饮品最佳点单时间为夜间，饮用前请搅拌避免集中饮用散光泡而引发自身发光现象。\ncost：6san+15mp",
    "饮品 “虹彩鎏金”\n原料：尤格泡泡果汁，黄金蜂蜜酒\n甜蜜到极点的鸡尾酒！适合知性女士的一款酒。\ncost：5d20san",
    "甜点 星铃\n原料：星之精（包含受害者血液）\n请以刀叉食用血液触手，也可考虑敲碎水玉食用。\ncost：40san",
    "甜品 戈香脑冻\n原料：活体脑冻，米戈维生液\n保证上桌还在跳动！若没有可退款。\ncost：30san",
    "甜点 蜜饯罐\n原料：A之瞳\n如有特殊需要可以提供长笛曲作为就餐音乐。（需额外付费）\ncost：100san/颗",
    "甜点 冰焰芭菲\n原料：北极圈的冰块，你信吗\n吃完反而会热起来？\ncost：50san",
    "甜点 云朵蛋糕\n原料：似云之物的一部分\n轻飘飘，甜蜜蜜……这个蛋糕怎么好像在害怕？\ncost：5san",
    "甜点 猫爪泡芙\n原料：巴斯特的赐福\n被赐福过的泡芙，吃完之后或许会被猫所喜爱。\ncost：5san",
    "甜品 冰雪甜筒（拉莱耶海盐口味）\n原料：伊塔库亚特制冰雪，拉莱耶地区海盐\n如食用后听到低语属于正常现象，请不要惊慌。\ncost：5san",
    "甜品 冰雪甜筒（纯正羊奶口味）\n原料：伊塔库亚特制冰雪，黑山羊乳\n味道纯正浓厚！附带一定治疗效果。\ncost：5san",
    "甜品 冰雪甜筒（不洁口味）\n原料：伊塔库亚特制冰雪，阿布霍斯的一小部分\n可能会导致对艺术品的痴迷，来源万物之母的爱。\ncost：5san",
    "甜品 冰雪甜筒（蜘蛛限定）\n原料：伊塔库亚特制冰雪，阿特拉克·纳克亚的蛛网\n甜筒部分由蛛网编成，口感奇异。如食用后转移地点属正常现象。\ncost：5san",
    "甜品 冰雪甜筒（莉莉丝特供）\n原料：伊塔库亚特制冰雪，莉莉丝的魅惑\n吃下去，成为这位女神的奴仆。\ncost：5san"
  ]
}
