﻿{
  "_title": [ "植物牌堆" ],
  "_author": [ "于言诺（3406451799）" ],
  "_date": [ "2022/7/26" ],
  "_version": [ "1.0.1" ],
  "_updateDate": ["2022/8/16"],
  "_brief": [ "本牌堆格式适配豹骰1版稳定版，其他骰系骰主请自行按照对应语法修改；我的牌堆都可以在保留我署名的前提下二传；以及这玩意累死我了，所以有缺有漏别问我，问图鉴，我全抄图鉴的。全是自然珍藏图鉴丛书的东西，自己去找就行。少数以我5的植物学都能看出来不对的译名稍作修改，以及感谢赖吉迪斯帮我登了三百个这个不然我就真死了。8.16更新内容：使用了_keys字段。" ],
  "_keys": [ "芳香植物", "盆栽花草", "食用花果", "湿地植物", "食用蔬菜", "树", "药用植物", "随机植物" ],
  "芳香植物内部": [
    "粗榧",
    "台湾翠柏",
    "日本花柏",
    "羽叶花柏",
    "千香柏",
    "柏木",
    "福建柏",
    "刺柏",
    "侧柏",
    "圆柏",
    "香柏",
    "高山柏",
    "黄果冷杉",
    "雪松",
    "油杉",
    "四川红杉",
    "云杉",
    "紫果云杉",
    "青扦",
    "华山松",
    "白皮松",
    "湿地松",
    "红松",
    "华南五针松",
    "马尾松",
    "樟子松",
    "黄山松",
    "黑松",
    "南方铁松",
    "陆均松",
    "鸡毛松",
    "罗汉松",
    "百日青",
    "竹柏",
    "穗花杉",
    "白豆杉",
    "香榧",
    "柳杉",
    "杉木",
    "水松",
    "池杉",
    "落羽杉",
    "接骨草",
    "中华猕猴桃",
    "巴西铁树",
    "晚香玉",
    "水鬼蕉",
    "水仙",
    "黄栌",
    "杧果",
    "黄连木",
    "刺果番荔枝",
    "番荔枝",
    "鹰爪花",
    "依兰",
    "假鹰爪",
    "紫玉盘",
    "单瓣狗牙花",
    "红鸡蛋花",
    "鸡蛋花",
    "菖蒲",
    "金钱蒲",
    "白簕",
    "变叶树参",
    "鹅掌藤",
    "金耳环",
    "香港细辛",
    "凤梨",
    "三角榄",
    "昙花",
    "油楠",
    "蜡梅",
    "啤酒花",
    "山银花",
    "忍冬",
    "土荆芥",
    "珠兰",
    "草珊瑚",
    "胜红蓟",
    "奇蒿",
    "黄花蒿",
    "艾蒿",
    "茵陈蒿",
    "五月艾",
    "牡蒿",
    "白花蒿",
    "白莲蒿",
    "蒌蒿",
    "北艾",
    "紫菀",
    "白舌紫菀",
    "北苍术",
    "白术",
    "艾纳香",
    "见霜黄",
    "小蓬草",
    "野菊",
    "华泽兰",
    "飞机草",
    "香芸火绒草",
    "千里光",
    "西北绢蒿",
    "万寿菊",
    "孪花蟛蜞菊",
    "蟛蜞菊",
    "三裂蟛蜞菊",
    "芥菜",
    "沙枣",
    "沙棘",
    "杜香",
    "烈香杜鹃",
    "千里香杜鹃",
    "鸡骨香",
    "柠檬草",
    "芸香草",
    "扭鞘香茅",
    "枫香树",
    "黄牛木",
    "金丝桃",
    "大屿山八角",
    "莽草",
    "红花八角",
    "厚皮八角",
    "八角",
    "枫杨",
    "藿香",
    "广防风",
    "海州香薷",
    "薰衣草",
    "益母草",
    "大花益母草",
    "薄荷",
    "留兰香",
    "石荠苧",
    "罗勒",
    "丁香罗勒",
    "紫苏",
    "野生紫苏",
    "回回苏",
    "广藿香",
    "夏枯草",
    "迷迭香",
    "山藿香",
    "百里香",
    "三叶木通",
    "毛桂",
    "钝叶樟",
    "阴香",
    "樟树",
    "肉桂",
    "天竺桂",
    "沉水樟",
    "黄樟",
    "细毛樟",
    "川桂",
    "锡兰肉桂",
    "厚壳桂",
    "香叶树",
    "山胡椒",
    "山鸡椒",
    "绒楠",
    "楠木",
    "大蒜",
    "芦笋",
    "玉簪",
    "散沫花",
    "单性木兰",
    "望春玉兰",
    "夜合花",
    "玉兰",
    "荷花玉兰",
    "紫玉兰",
    "武当木兰",
    "海南木莲",
    "大叶木莲",
    "毛桃木莲",
    "锈毛木莲",
    "白兰",
    "苦梓含笑",
    "黄兰",
    "紫花含笑",
    "含笑",
    "金叶含笑",
    "广西含笑",
    "醉香含笑",
    "展毛含笑",
    "深山含笑",
    "白花含笑",
    "云南含笑",
    "观光木",
    "四季米仔兰",
    "米仔兰",
    "台湾相思",
    "波罗蜜",
    "香蕉",
    "肉豆蔻",
    "紫金牛",
    "岗松",
    "水翁",
    "美叶桉",
    "赤桉",
    "柠檬桉",
    "窿缘桉",
    "蓝桉",
    "桉树",
    "细叶桉",
    "白千层",
    "白树",
    "番石榴",
    "丁子香",
    "蒲桃",
    "洋蒲桃",
    "红胶木",
    "莲",
    "睡莲",
    "连翘",
    "大花茉莉",
    "清香藤",
    "素方花",
    "厚叶素馨",
    "茉莉",
    "山指甲",
    "金桂",
    "暴马丁香",
    "待霄花",
    "卡特兰",
    "建兰",
    "墨兰",
    "鼓槌石斛",
    "香果兰",
    "海南黄檀",
    "海南红豆",
    "鸡蛋果",
    "黄果西番莲",
    "小叶爬崖香",
    "华南胡椒",
    "蒌叶",
    "山蒌",
    "香港胡椒",
    "胡椒",
    "假蒟",
    "海桐",
    "秋茄",
    "桃",
    "木香花",
    "墨红",
    "小果蔷薇",
    "毛叶蔷薇",
    "香水月季",
    "玫瑰",
    "栀子",
    "白蝉",
    "滇丁香",
    "山油柑",
    "东风橘",
    "酸橙",
    "玳玳花",
    "柚",
    "柠檬",
    "广东柠檬",
    "香橼",
    "佛手",
    "西柚",
    "柑橘",
    "芦柑",
    "甜橙",
    "齿叶黄皮",
    "假黄皮",
    "三叉苦",
    "翼叶九里香",
    "豆叶九里香",
    "九里香",
    "调料九里香",
    "广西九里香",
    "芸香",
    "楝叶吴茱萸",
    "飞龙掌血",
    "竹叶花椒",
    "簕党花椒",
    "花椒",
    "两面针",
    "大叶花椒",
    "檀香树",
    "荔枝",
    "鱼腥草",
    "三白草",
    "毛麝香",
    "球花毛麝香",
    "大叶石龙尾",
    "夜香花",
    "野鸭椿",
    "陕甘瑞香",
    "莳萝",
    "当归",
    "芹菜",
    "芫荽",
    "茴香",
    "前胡",
    "长苞紫珠",
    "红紫珠",
    "兰香草",
    "臭牡丹",
    "马缨丹",
    "美娘子",
    "黄荆",
    "牡荆",
    "单叶蔓荆",
    "蔓荆",
    "华山姜",
    "红豆蔻",
    "桂南山姜",
    "小草寇",
    "山姜",
    "草豆蔻",
    "假益智",
    "毛瓣山姜",
    "益智",
    "多花山姜",
    "滑叶山姜",
    "艳山姜",
    "爪哇白豆蔻",
    "白豆蔻",
    "九翅豆蔻",
    "牛牯缩砂",
    "草果",
    "砂仁",
    "广西莪术",
    "姜黄",
    "温郁金",
    "山姜黄",
    "姜花",
    "黄姜花",
    "山柰",
    "姜"
  ],
  "盆栽花草内部": [
    "红网纹草",
    "白网纹草",
    "嫣红蔓",
    "金脉爵床",
    "硬枝老鸦嘴",
    "大花老鸦嘴",
    "黑美人",
    "铁线蕨",
    "生石花",
    "大叶红草",
    "鸡冠花",
    "千日红",
    "雷神",
    "六出花",
    "君子兰",
    "文殊兰",
    "南美水仙",
    "网球花",
    "朱顶红",
    "中国水仙",
    "洋水仙",
    "鹰爪花",
    "软枝黄蝉",
    "黄蝉",
    "长春花",
    "海芒果",
    "狗牙花",
    "飘香藤",
    "夹竹桃",
    "鸡蛋花",
    "黄花夹竹桃",
    "金香藤",
    "蔓长春",
    "观音莲",
    "海芋",
    "红掌",
    "火鹤花",
    "花叶芋",
    "花叶万年青",
    "龟背竹",
    "仙洞万年青",
    "心叶蔓绿绒",
    "芙蓉莲",
    "绿萝",
    "星点藤",
    "白鹤芋",
    "绿巨人",
    "合果芋",
    "绒叶合果芋",
    "金钱树",
    "澳洲鸭脚木",
    "八角金盘",
    "洋常春藤",
    "常春藤",
    "鹅掌柴",
    "南洋杉",
    "马利筋",
    "爱之蔓",
    "气球果",
    "球兰",
    "夜来香",
    "鸟巢蕨",
    "新几内亚凤仙",
    "凤仙花",
    "非洲凤仙花",
    "丽格海棠",
    "四季秋海棠",
    "秋海棠",
    "球根秋海棠",
    "凌霄",
    "炮弹树",
    "叉叶木",
    "紫芸藤",
    "蒜香藤",
    "炮仗花",
    "火焰木",
    "黄钟花",
    "硬骨凌霄",
    "木棉",
    "美丽异木棉",
    "发财树",
    "姬凤梨",
    "圆锥擎天",
    "莺哥凤梨",
    "金琥",
    "昙花",
    "火龙果",
    "层云",
    "黄翁",
    "英冠玉",
    "仙人掌",
    "仙人指",
    "蟹爪兰",
    "风铃草",
    "桔梗",
    "大花美人蕉",
    "醉蝶花",
    "金银花",
    "石竹",
    "珠兰",
    "斑叶水竹草",
    "白雪姬",
    "吊竹梅",
    "小蚌花",
    "西洋蓍草",
    "藿香蓟",
    "重瓣玛格丽特",
    "雏菊",
    "金盏菊",
    "菊花",
    "瓜叶菊",
    "蛇目菊",
    "金鸡菊",
    "大丽花",
    "紫椎花",
    "勋章菊",
    "非洲菊",
    "紫鹅绒",
    "向日葵",
    "麦秆菊",
    "蓝目菊",
    "黑心菊",
    "桂圆菊",
    "万寿菊",
    "孔雀草",
    "南美蟛蜞菊",
    "百日草",
    "月光花",
    "玉树",
    "石莲花",
    "趣蝶莲",
    "长寿花",
    "鸡爪三七",
    "褐斑伽蓝",
    "白菩提",
    "紫罗兰",
    "笔筒树",
    "苏铁",
    "鳞枇苏铁",
    "捕蝇草",
    "金弹子",
    "尖叶杜英",
    "西洋杜鹃",
    "石楠杜鹃",
    "毛鹃",
    "杜鹃花",
    "红尾铁苋",
    "红桑",
    "变叶木",
    "银边翠",
    "虎刺梅",
    "布纹球",
    "一品红",
    "红背桂",
    "琴叶珊瑚",
    "佛肚树",
    "紫芳草",
    "洋桔梗",
    "天竺葵",
    "蚊净香草",
    "毛萼口红花",
    "美丽口红花",
    "非洲紫罗兰",
    "大岩桐",
    "红继木",
    "红花荷",
    "射干",
    "火星花",
    "小苍兰",
    "唐菖蒲",
    "长葶鸢尾",
    "花菖蒲",
    "黄菖蒲",
    "彩叶草",
    "齿叶薰衣草",
    "羽叶薰衣草",
    "薄荷",
    "贝壳花",
    "蓝花鼠尾草",
    "一串红",
    "兰屿肉桂",
    "海红豆",
    "合欢",
    "蔓花生",
    "首冠藤",
    "朱樱花",
    "刺荚黄槐",
    "开心果",
    "紫荆",
    "蝶豆",
    "凤凰木",
    "珊瑚刺桐",
    "鸡冠刺桐",
    "刺桐",
    "香豌豆",
    "含羞草",
    "禾雀花",
    "中国无忧树",
    "紫藤",
    "不夜城芦荟",
    "库拉索芦荟",
    "文竹",
    "蜘蛛抱蛋",
    "吊兰",
    "朱蕉",
    "也门铁",
    "山海带",
    "巴西铁",
    "千年木",
    "百合竹",
    "富贵竹",
    "墨鉾",
    "萱草",
    "风信子",
    "火把莲",
    "百合花",
    "葡萄风信子",
    "酒瓶兰",
    "虎尾兰",
    "郁金香",
    "灰莉",
    "紫薇",
    "大花紫薇",
    "细叶雪茄花",
    "白兰花",
    "紫花含笑",
    "含笑",
    "荷花玉兰",
    "紫玉兰",
    "金铃花",
    "蜀葵",
    "芙蓉葵",
    "木芙蓉",
    "扶桑",
    "木槿",
    "锦葵",
    "孔雀竹芋",
    "苹果竹芋",
    "波浪竹芋",
    "紫背竹芋",
    "水竹芋",
    "宝莲花",
    "米兰",
    "金线吊乌龟",
    "橡皮树",
    "琴叶榕",
    "榕树",
    "薜荔",
    "菩提树",
    "桑",
    "旅人蕉",
    "富红蝎尾蕉",
    "虎舌红",
    "朱砂根",
    "红果仔",
    "松红梅",
    "洋蒲桃",
    "猪笼草",
    "叶子花",
    "紫茉莉",
    "荷花",
    "萍蓬草",
    "睡莲",
    "迎春",
    "茉莉花",
    "桂花",
    "紫丁香",
    "倒挂金钟",
    "山桃草",
    "美丽月见草",
    "卡特兰",
    "大花蕙兰",
    "中国兰花",
    "石斛兰",
    "树兰",
    "文心兰",
    "兜兰",
    "鹤顶兰",
    "蝴蝶兰",
    "拟蝶唇兰",
    "万代兰",
    "紫叶酢浆草",
    "阳桃",
    "三药槟榔",
    "短穗鱼尾葵",
    "袖珍椰子",
    "棕竹",
    "荷包牡丹",
    "花菱草",
    "虞美人",
    "雪松",
    "西瓜皮椒草",
    "红皱椒草",
    "圆叶椒草",
    "豆瓣绿",
    "荷叶椒草",
    "斑叶垂枝椒草",
    "海桐",
    "蓝雪花",
    "福禄考",
    "何首乌",
    "梭鱼草",
    "太阳花",
    "仙客来",
    "欧洲报春",
    "银脉凤尾蕨",
    "石榴",
    "耧斗菜",
    "欧洲银莲花",
    "大花翠雀",
    "芍药",
    "牡丹",
    "花毛茛",
    "桃花",
    "梅花",
    "棣棠",
    "火棘",
    "月季",
    "鸡麻",
    "硕苞蔷薇",
    "黄刺玫",
    "日本绣线菊",
    "栀子",
    "白蟾",
    "龙船花",
    "六月雪",
    "鲁贝拉茵芋",
    "佛手",
    "九里香",
    "瓶子草",
    "鱼腥草",
    "虎耳草",
    "八仙花",
    "心叶假面花",
    "金鱼草",
    "蒲包花",
    "吊钟柳",
    "炮仗竹",
    "鸳鸯茉莉",
    "观赏辣椒",
    "黄瓶子花",
    "紫瓶儿花",
    "矮牵牛",
    "金杯藤",
    "苹婆",
    "山茶",
    "金花茶",
    "金边瑞香",
    "旱金莲",
    "香菇草",
    "冷水花",
    "圆叶冷水花",
    "杜虹花",
    "龙吐珠",
    "赪桐",
    "金叶假连翘",
    "五色梅",
    "美女樱",
    "三色堇",
    "地锦",
    "红豆蔻",
    "益智",
    "瓷玫瑰",
    "姜花",
    "金姜花"
  ],
  "食用花果内部": [
    "猕猴桃",
    "毛花猕猴桃",
    "大籽猕猴桃",
    "黑蕊猕猴桃",
    "千日红",
    "腰果",
    "人面子",
    "芒果",
    "福建观音座莲",
    "刺果番荔枝",
    "牛心番荔枝",
    "番荔枝",
    "假鹰爪",
    "大花紫玉盘",
    "紫玉盘",
    "鸡蛋花",
    "龟背竹",
    "刺楸",
    "夜来香",
    "凌霄",
    "火烧花",
    "千张纸",
    "红木",
    "猴面包树",
    "木棉",
    "榴莲",
    "水瓜栗",
    "瓜栗",
    "琉璃苣",
    "凤梨",
    "橄榄",
    "乌榄",
    "昙花",
    "量天尺",
    "火龙果",
    "仙人掌",
    "梨果仙人掌",
    "蜡梅",
    "铜锤玉带草",
    "蕉芋",
    "金银花",
    "番木瓜",
    "三尖杉",
    "山茱萸",
    "毛梾",
    "香港四照花",
    "四照花",
    "金盏菊",
    "红花",
    "秋英",
    "菊花",
    "向日葵",
    "甜叶菊",
    "万寿菊",
    "蒲公英",
    "月光花",
    "紫罗兰",
    "西瓜",
    "香瓜",
    "贵州苏铁",
    "苏铁",
    "华南苏铁",
    "笔筒树",
    "五桠果",
    "大花五桠果",
    "柿",
    "鸡心柿",
    "胡颓子",
    "华杜英",
    "山杜英",
    "猴欢喜",
    "乌饭树",
    "木奶果",
    "重阳木",
    "余甘子",
    "板栗",
    "银杏",
    "薏苡",
    "毛竹",
    "甘蔗",
    "棕叶芦",
    "苦丁茶",
    "山竹",
    "版纳藤黄",
    "核桃",
    "藿香",
    "活血丹",
    "甜蜜熏衣草",
    "阔叶熏衣草",
    "齿叶熏衣草",
    "益母草",
    "地笋",
    "皱叶留兰香",
    "薄荷",
    "苹果薄荷",
    "留兰香",
    "罗勒",
    "紫罗勒",
    "紫苏",
    "夏枯草",
    "芝麻",
    "墨西哥鼠尾草",
    "野木瓜",
    "香叶树",
    "合欢",
    "紫云英",
    "花生",
    "羊蹄甲",
    "老白花",
    "腊肠树",
    "铁刀木",
    "金雀花",
    "银合欢",
    "常春油麻藤",
    "牛蹄豆",
    "洋槐",
    "槐",
    "酸豆",
    "紫藤",
    "木立芦荟",
    "芦荟",
    "天门冬",
    "芦笋",
    "云南大百合",
    "黄花菜",
    "萱草",
    "玉簪",
    "野百合",
    "山丹",
    "卷丹",
    "兰州百合",
    "玉兰花",
    "白兰花",
    "含笑",
    "云南含笑",
    "黄秋葵",
    "磨盘草",
    "蜀葵",
    "木芙蓉",
    "朱槿",
    "玫瑰茄",
    "吊灯花",
    "重瓣白花木槿",
    "黄槿",
    "锦葵",
    "地稔",
    "展毛野牡丹",
    "多花野牡丹",
    "米兰",
    "榔色果",
    "香椿",
    "面包树",
    "尖蜜拉",
    "波罗蜜",
    "桂木",
    "构树",
    "号角树",
    "大果榕",
    "无花果",
    "苹果榕",
    "薜荔",
    "聚果榕",
    "地石榴",
    "葎草",
    "桑树",
    "番樱桃",
    "番石榴",
    "桃金娘",
    "赤楠",
    "蒲桃",
    "洋蒲桃",
    "杨梅",
    "朱沙根",
    "小果野芭蕉",
    "大蕉",
    "香蕉",
    "地涌金莲",
    "肾蕨",
    "莼菜",
    "芡实",
    "荷花",
    "萍蓬草",
    "延药睡莲",
    "王莲",
    "克鲁兹王莲",
    "柳兰",
    "柳叶菜",
    "月见草",
    "流苏树",
    "桂花",
    "迎春花",
    "茉莉",
    "白芨",
    "阳桃",
    "酢浆草",
    "红花酢浆草",
    "罂粟",
    "车前",
    "商陆",
    "美洲商陆",
    "蒌叶",
    "胡椒",
    "假蒟",
    "竹柏",
    "凤眼莲",
    "金荞麦",
    "荞麦",
    "何首乌",
    "土人参",
    "石榴",
    "桄榔",
    "沙糖椰子",
    "扇叶糖棕",
    "冻子椰子",
    "短穗鱼尾葵",
    "鱼尾葵",
    "董棕",
    "椰子",
    "油棕",
    "菜王棕",
    "蛇皮果",
    "滇西蛇皮果",
    "棕榈",
    "大丝葵",
    "鸡蛋果",
    "华山松",
    "白皮松",
    "马尾松",
    "云南松",
    "澳洲坚果",
    "芍药",
    "牡丹",
    "拐枣",
    "枣",
    "贴梗海棠",
    "高丽悬钩子",
    "杏",
    "梅花",
    "桃",
    "日本木瓜",
    "木瓜",
    "山楂",
    "山里红",
    "枇杷",
    "白鹃梅",
    "草莓",
    "垂丝海棠",
    "湖北海棠",
    "西府海棠",
    "苹果",
    "海棠",
    "扁核木",
    "郁李",
    "樱桃",
    "李",
    "毛樱桃",
    "火棘",
    "棠梨",
    "沙梨",
    "白梨",
    "梨",
    "春花",
    "硕苞蔷薇",
    "金樱子",
    "缫丝花",
    "玫瑰",
    "掌叶覆盆子",
    "山梅",
    "蓬蘽",
    "茅莓",
    "白蟾",
    "小果咖啡",
    "中果咖啡",
    "大果咖啡",
    "代代",
    "柠檬",
    "柚子",
    "香橼",
    "佛手柑",
    "柑橘",
    "甜橙",
    "黄皮",
    "金橘",
    "花椒",
    "滨木患",
    "龙眼",
    "荔枝",
    "韶子",
    "红毛丹",
    "蛋黄果",
    "人心果",
    "神秘果",
    "菜椒",
    "朝天椒",
    "枸杞",
    "宁夏枸杞",
    "番茄",
    "樱桃番茄",
    "假酸浆",
    "人参果",
    "红姑娘",
    "梧桐",
    "假苹婆",
    "苹婆",
    "可可",
    "红皮糙果茶",
    "山茶",
    "油茶",
    "宛田红花油茶",
    "广宁红花油茶",
    "茶",
    "越南油茶",
    "文丁果",
    "香榧",
    "云南榧",
    "旱金莲",
    "朴树",
    "榆树",
    "莳萝",
    "积雪草",
    "欧芹",
    "臭牡丹",
    "海州常山",
    "地锦",
    "山葡萄",
    "葡萄",
    "紫花地丁",
    "红豆蔻",
    "益智",
    "姜花",
    "金姜花",
    "红球姜"
  ],
  "湿地植物内部": [
    "葫芦藓",
    "地钱",
    "东亚小金发藓",
    "卤蕨",
    "铁线蕨",
    "满江红",
    "乌毛蕨",
    "粗梗水蕨",
    "胎生狗脊蕨",
    "水蕨",
    "金毛狗",
    "问荆",
    "节节草",
    "芒萁",
    "肾蕨",
    "苹",
    "槐叶苹",
    "翠云草",
    "小翠云",
    "红皮云杉",
    "湿地松",
    "水松",
    "水杉",
    "池杉",
    "落羽杉",
    "中山杉",
    "墨西哥落羽杉",
    "水罗兰",
    "大花水蓑衣",
    "水蓑衣",
    "窄叶泽泻",
    "草泽泻",
    "东方泽泻",
    "泽泻",
    "宽叶泽苔草",
    "大叶皇冠草",
    "长喙毛茛泽泻",
    "蒙特登慈姑",
    "野慈姑",
    "慈姑",
    "剪刀草",
    "喜旱莲子草",
    "文殊兰",
    "水鬼蕉",
    "海芒果",
    "菖蒲",
    "金钱蒲",
    "石菖蒲",
    "海芋",
    "野芋",
    "芋",
    "紫芋",
    "刺芋",
    "龟背竹",
    "春羽",
    "大薸",
    "马蹄莲",
    "彩色马蹄莲",
    "眼树莲",
    "球兰",
    "浙江凤仙花",
    "华凤仙",
    "绿萼凤仙花",
    "淡黄绿凤仙花",
    "牯岭凤仙花",
    "东北凤仙花",
    "浙皖凤仙花",
    "水金凤",
    "天目山凤仙花",
    "花蔺",
    "水罂粟",
    "黄花蔺",
    "沼生水马齿",
    "半边莲",
    "线萼山梗菜",
    "山梗菜",
    "蕉芋",
    "大花美人蕉",
    "鸳鸯美人蕉",
    "金脉美人蕉",
    "粉美人蕉",
    "美人蕉",
    "紫叶美人蕉",
    "林奈木",
    "蓝靛果忍冬",
    "金银忍冬",
    "水田碎米荠",
    "浙江碎米荠",
    "豆瓣菜",
    "蔊菜",
    "繁缕",
    "垂梗繁缕",
    "金鱼藻",
    "东北金鱼藻",
    "榄仁树",
    "鸭跖草",
    "聚花草",
    "牛轭草",
    "水竹叶",
    "紫菀",
    "菊苣",
    "鳢肠",
    "土木香",
    "旋覆花",
    "蹄叶橐吾",
    "蒲公英",
    "南美蟛蜞菊",
    "蕹菜",
    "马鞍藤",
    "篱栏网",
    "赤瓟",
    "高氏苔草",
    "风车草",
    "埃及莎草",
    "短叶茳芏",
    "纸莎草",
    "星光草",
    "荸荠",
    "牛毛毡",
    "水莎草",
    "球穗扁莎",
    "萤蔺",
    "水毛花",
    "藨草",
    "金线水葱",
    "水葱",
    "花叶水葱",
    "猪毛草",
    "捕蝇草",
    "锦地罗",
    "茅膏菜",
    "圆叶茅膏菜",
    "匙叶茅膏菜",
    "谷精草",
    "睡菜",
    "水皮莲",
    "金银莲花",
    "荇菜",
    "尼泊尔老鹳草",
    "草海桐",
    "芦竹",
    "花叶芦竹",
    "地毯草",
    "薏苡",
    "蒲苇",
    "水禾",
    "白茅",
    "李氏禾",
    "乱子草",
    "野生稻",
    "稻",
    "篁竹草",
    "虉草",
    "花叶虉草",
    "芦苇",
    "金叶芦苇",
    "滨刺草",
    "荻",
    "香根草",
    "菰",
    "沟叶结缕草",
    "黄海棠",
    "大叶蚁塔",
    "粉绿狐尾藻",
    "乌苏里狐尾藻",
    "穗状狐尾藻",
    "轮叶狐尾藻",
    "杉叶藻",
    "黑藻",
    "水鳖",
    "海菜花",
    "水车前",
    "苦草",
    "长葶鸢尾",
    "玉蝉花",
    "花菖蒲",
    "蝴蝶花",
    "燕子花",
    "溪荪",
    "西伯利亚鸢尾",
    "小花鸢尾",
    "黄花鸢尾",
    "枫杨",
    "灯心草",
    "金疮小草",
    "水蜡烛",
    "连钱草",
    "地笋",
    "薄荷",
    "水苏",
    "血见愁",
    "鱼藤",
    "巴西含羞草",
    "含羞草",
    "水黄皮",
    "野火球",
    "白车轴草",
    "广布野豌豆",
    "浮萍",
    "紫萍",
    "黄花狸藻",
    "挖耳草",
    "短梗挖耳草",
    "圆叶挖耳草",
    "萱草",
    "大苞萱草",
    "玉簪",
    "沿阶草",
    "北重楼",
    "吉祥草",
    "多花水苋",
    "千屈菜",
    "圆叶节节菜",
    "黄槿",
    "再力花",
    "串钱柳",
    "蒲桃",
    "猪笼草",
    "莼菜",
    "芡实",
    "莲花",
    "贵州萍蓬草",
    "萍蓬草",
    "中华萍蓬草",
    "睡莲",
    "亚马逊王莲",
    "克鲁兹王莲",
    "柳叶菜",
    "水龙",
    "草龙",
    "毛草龙",
    "卵叶丁香蓼",
    "黄花水龙",
    "海边月见草",
    "线叶十字兰",
    "鹤顶兰",
    "绶草",
    "酢浆草",
    "红花酢浆草",
    "椰子",
    "露兜草",
    "分叉露兜",
    "露兜簕",
    "红刺露兜",
    "茶菱",
    "小叶冷水花",
    "假蒟",
    "车前",
    "长叶车前",
    "大车前",
    "花荵",
    "头花蓼",
    "火炭母",
    "水蓼",
    "显花蓼",
    "红蓼",
    "杠板归",
    "珠芽蓼",
    "皱叶酸模",
    "羊蹄酸模",
    "洋铁酸模",
    "凤眼莲",
    "箭叶雨久花",
    "雨久花",
    "鸭舌草",
    "梭鱼草",
    "白花梭鱼草",
    "马齿苋",
    "菹草",
    "眼子菜",
    "丝叶眼子菜",
    "泉生眼子菜",
    "光叶眼子菜",
    "微齿眼子菜",
    "竹叶眼子菜",
    "浮叶眼子菜",
    "篦齿眼子菜",
    "穿叶眼子菜",
    "广西过路黄",
    "泽珍珠菜",
    "过路黄",
    "聚花过花黄",
    "巴东过路黄",
    "毛茛",
    "白山毛茛",
    "石龙芮",
    "长瓣金莲花",
    "木榄",
    "秋茄树",
    "红树",
    "鹅绒萎陵菜",
    "小白花地榆",
    "大白花地榆",
    "柳叶绣线菊",
    "爱地草",
    "大叶杨",
    "垂柳",
    "金丝柳",
    "龙爪柳",
    "车桑子",
    "蕺菜",
    "花叶蕺菜",
    "三白草",
    "落新妇",
    "互叶金腰",
    "日本金腰",
    "大叶金腰",
    "中华金腰",
    "梅花草",
    "鸡眼梅花草",
    "虎耳草",
    "浙江虎耳草",
    "天使花",
    "新疆水八角",
    "紫苏草",
    "中华石龙尾",
    "石龙尾",
    "大叶石龙尾",
    "长蒴母草",
    "母草",
    "纤细通泉草",
    "匍茎通泉草",
    "反顾马先蒿反顾亚种",
    "穗花马先蒿穗花亚种",
    "小婆婆纳",
    "水苦荬",
    "草本威灵仙",
    "水茄",
    "曲轴黑三棱",
    "黑三棱",
    "云南黑三棱",
    "水田七",
    "柽柳",
    "红菱",
    "野菱",
    "菱角",
    "旱金莲",
    "长苞香蒲",
    "水烛",
    "象蒲",
    "宽叶香蒲",
    "花叶香蒲",
    "小香蒲",
    "香蒲",
    "拐芹",
    "积雪草",
    "鸭儿芹",
    "天胡荽",
    "南美天胡荽",
    "水芹",
    "吐烟花",
    "草胡椒",
    "北缬草",
    "白骨壤",
    "庐山堇菜",
    "红豆蔻",
    "益智",
    "艳山姜",
    "花叶艳山姜",
    "闭鞘姜",
    "郁金",
    "姜花",
    "黄姜花",
    "金姜花",
    "舞花姜"
  ],
  "食用蔬菜内部": [
    "慈姑",
    "牛膝",
    "喜旱莲子草",
    "莲子草",
    "凹头苋",
    "苋菜",
    "刺苋",
    "三色苋",
    "青葙",
    "鸡冠花",
    "黄连木",
    "盐肤木",
    "冬青",
    "石菖蒲",
    "魔芋",
    "芋",
    "五加",
    "楤木",
    "树参",
    "人参",
    "萝藦",
    "鸟巢蕨",
    "木耳",
    "凤仙花",
    "落葵",
    "梓树",
    "角蒿",
    "乌毛蕨",
    "胎生狗脊蕨",
    "附地菜",
    "芥蓝",
    "京水菜",
    "菜心",
    "小白菜",
    "乌塌菜",
    "大白菜",
    "叶用芥菜",
    "雪里蕻",
    "羽衣甘蓝",
    "花椰菜",
    "结球甘蓝",
    "青花菜",
    "弯曲碎米荠",
    "碎米荠",
    "白花碎米荠",
    "水田碎米荠",
    "华中碎米荠",
    "荠菜",
    "播娘蒿",
    "独行菜",
    "诸葛菜",
    "沙芥",
    "斧翅沙芥",
    "萝卜",
    "蔊菜",
    "叶仙人掌",
    "荠尼",
    "羊乳",
    "党参",
    "半边莲",
    "山梗菜",
    "桔梗",
    "黄醉蝶花",
    "接骨草",
    "接骨木",
    "蚤缀",
    "簇生卷耳",
    "球序卷耳",
    "牛繁缕",
    "麦瓶草",
    "粗壮女娄菜",
    "繁缕",
    "雀舌草",
    "麦蓝菜",
    "红叶甜菜",
    "藜",
    "灰绿藜",
    "小藜",
    "地肤",
    "菠菜",
    "南蛇藤",
    "卫矛",
    "扶芳藤",
    "华东山柳",
    "饭包草",
    "鸭跖草",
    "牛蒡",
    "艾蒿",
    "白苞蒿",
    "三脉紫菀",
    "鬼针草",
    "石胡荽",
    "茼蒿",
    "南茼蒿",
    "蓟",
    "菊苣",
    "刺儿菜",
    "野菊",
    "鳢肠",
    "一点红",
    "大吴风草",
    "睫毛牛膝菊",
    "鼠麹草",
    "紫背菜",
    "革命菜",
    "白背三七草",
    "菊芋",
    "泥胡菜",
    "剪刀股",
    "抱茎苦荬菜",
    "多头苦荬菜",
    "马兰",
    "散叶莴苣",
    "莴笋",
    "结球莴苣",
    "蜂斗菜",
    "蒲儿根",
    "千里光",
    "豨莶",
    "菊薯",
    "苦苣菜",
    "兔儿伞",
    "蒲公英",
    "黄鹌菜",
    "旋花",
    "长裂旋花",
    "马蹄金",
    "鱼黄草",
    "蕹菜",
    "甘薯",
    "牛筋草",
    "白茅",
    "甜玉米",
    "费菜",
    "东南景天",
    "凹叶景天",
    "圆叶景天",
    "垂盆草",
    "冬瓜",
    "节瓜",
    "西葫芦",
    "黄金瓜",
    "南瓜",
    "黄瓜",
    "绞股蓝",
    "葫芦",
    "棱角丝瓜",
    "老鼠拉冬瓜",
    "苦瓜",
    "佛手瓜",
    "蛇瓜",
    "荸荠",
    "水葱",
    "金毛狗",
    "黄独",
    "尖叶薯蓣",
    "薯蓣",
    "五叶薯蓣",
    "杜鹃",
    "杜仲",
    "铁苋菜",
    "木薯",
    "叶下珠",
    "守宫木",
    "米槠",
    "苦槠",
    "白栎",
    "短柄枹",
    "灵芝",
    "睡菜",
    "莕菜",
    "獐牙菜",
    "芒萁",
    "半蒴苣苔",
    "黄海棠",
    "猴头菌",
    "风轮菜",
    "香薷",
    "宝盖草",
    "野芝麻",
    "錾菜",
    "硬毛地笋",
    "荆芥",
    "香茶菜",
    "木通",
    "三叶木通",
    "羽叶金合欢",
    "合萌",
    "山合欢",
    "槐叶决明",
    "黄檀",
    "降香黄檀",
    "菜用大豆",
    "鸡眼草",
    "扁豆",
    "大叶胡枝子",
    "美丽胡枝子",
    "天蓝苜蓿",
    "豆薯",
    "菜豆",
    "豌豆",
    "四棱豆",
    "野葛",
    "四籽野豌豆",
    "广布野豌豆",
    "大巢菜",
    "歪头菜",
    "长豇豆",
    "洋葱",
    "藠头",
    "分葱",
    "大葱",
    "宽叶韭",
    "薤白",
    "沙葱",
    "大蒜",
    "韭菜",
    "浙贝母",
    "紫萼",
    "药百合",
    "麦冬",
    "多花黄精",
    "长梗黄精",
    "玉竹",
    "土茯苓",
    "菝葜",
    "白背牛尾菜",
    "牛尾菜",
    "凤尾兰",
    "石松",
    "圆叶节节菜",
    "南五味子",
    "华中五味子",
    "木槿",
    "野西瓜苗",
    "冬寒菜",
    "地钱",
    "苹",
    "天仙果",
    "珍珠莲",
    "变叶榕",
    "连翘",
    "紫萁",
    "山蒟",
    "大车前",
    "鲍鱼菇",
    "平菇",
    "野荞麦",
    "萹蓄",
    "火炭母草",
    "水蓼",
    "蚕茧草",
    "酸模叶蓼",
    "虎杖",
    "波叶大黄",
    "酸模",
    "羊蹄",
    "马齿苋",
    "菹草",
    "眼子菜",
    "过路黄",
    "珍珠菜",
    "聚花过路黄",
    "蕨",
    "龙芽草",
    "白鹃梅",
    "柔毛水杨梅",
    "翻白草",
    "莓叶委陵菜",
    "三叶委陵菜",
    "蛇含委陵菜",
    "石斑木",
    "硕苞蔷薇",
    "野蔷薇",
    "粉团蔷薇",
    "地榆",
    "栀子",
    "水栀子",
    "鸡矢藤",
    "椿叶花椒",
    "竹叶椒",
    "清风藤",
    "垂柳",
    "蕺菜",
    "落新妇",
    "扯根菜",
    "虎耳草",
    "浙江虎耳草",
    "天目地黄",
    "地黄",
    "婆婆纳",
    "臭椿",
    "辣椒",
    "彩色甜椒",
    "茄子",
    "龙葵",
    "马铃薯",
    "野鸦椿",
    "白檀",
    "野菱",
    "水烛",
    "宽叶香蒲",
    "小香蒲",
    "香蒲",
    "芹菜",
    "根芹",
    "芫荽",
    "鸭儿芹",
    "胡萝卜",
    "野胡萝卜",
    "球茎茴香",
    "天胡荽",
    "水芹",
    "变豆菜",
    "石耳",
    "苎麻",
    "糯米团",
    "波缘冷水花",
    "败酱",
    "白花败酱",
    "大青",
    "尖齿臭茉莉",
    "豆腐柴",
    "黄荆",
    "牡荆",
    "堇菜",
    "短须毛七星莲",
    "紫花堇菜",
    "乌敛莓",
    "山姜",
    "姜",
    "艳山姜"
  ],
  "树内部": [
    "智利南洋杉",
    "粗榧",
    "日本粗榧",
    "智利翠柏",
    "北美翠柏",
    "美国扁柏",
    "黄扁柏",
    "日本扁柏",
    "日本花柏",
    "美国尖叶扁柏",
    "杂交柏",
    "克什米尔柏木",
    "细皮南美扁柏",
    "墨西哥柏木",
    "大果柏木",
    "地中海柏木",
    "智利柏",
    "圆柏",
    "欧洲刺柏",
    "墨西哥圆柏",
    "叙利亚圆柏",
    "北美西部圆柏",
    "刺桧",
    "垂直柏",
    "落基山圆柏",
    "铅笔柏",
    "朝鲜崖柏",
    "美国崖柏",
    "美国乔柏",
    "日本香柏",
    "罗汉柏",
    "银杏",
    "欧洲冷杉",
    "硬苞冷杉",
    "希腊冷杉",
    "科罗拉多冷杉",
    "云南冷杉",
    "大冷杉",
    "竹冷杉",
    "朝鲜冷杉",
    "亚高山冷杉",
    "加州红冷杉",
    "高加索冷杉",
    "阿尔及利亚冷杉",
    "西班牙冷杉",
    "高大冷杉",
    "富士山冷杉",
    "北非雪松",
    "短叶雪松",
    "雪松",
    "黎巴嫩雪松",
    "欧洲落叶松",
    "杂交落叶松",
    "日本落叶松",
    "北美落叶松",
    "美国西部落叶松",
    "欧洲云杉",
    "布鲁尔氏云杉",
    "白云杉",
    "鱼鳞云杉",
    "丽江云杉",
    "黑云杉",
    "塞尔维亚云杉",
    "东方云杉",
    "科罗拉多云杉",
    "西特喀云杉",
    "长叶云杉",
    "墨西哥白松",
    "白皮松",
    "阿罗拉松",
    "扭叶松",
    "大果松",
    "日本赤松",
    "墨喜杂交松",
    "杰弗里松",
    "红松",
    "波斯尼亚松",
    "单针松",
    "欧洲黑松",
    "主教松",
    "奥地利松",
    "日本五针松",
    "马其顿松",
    "海滨松",
    "岩松",
    "西黄松",
    "辐射松",
    "北美乔松",
    "欧洲赤松",
    "油松",
    "日本黑松",
    "喜马拉雅山乔松",
    "金钱松",
    "道格拉斯黄杉",
    "加拿大铁杉",
    "加罗林铁杉",
    "美国铁杉",
    "智利罗汉松",
    "智利杉",
    "欧洲红豆杉",
    "加州榧树",
    "疏密叶杉",
    "日本柳杉",
    "福州杉",
    "水松",
    "水杉",
    "日本金松",
    "北美红杉",
    "巨杉",
    "台湾杉",
    "池杉",
    "落羽杉",
    "三角槭",
    "栓皮槭",
    "毛柄槭",
    "青皮槭",
    "鹅耳枥叶槭",
    "藤槭",
    "日本藤槭",
    "山楂叶槭",
    "青榨槭",
    "茶条槭",
    "血皮槭",
    "建始槭",
    "羽扇槭",
    "洛比尔氏槭",
    "大叶槭",
    "日光槭",
    "宫布氏槭",
    "白蜡槭",
    "意大利槭",
    "日本槭",
    "白条槭",
    "牡丹槭",
    "洋桐槭",
    "红花槭",
    "红脉槭",
    "银槭",
    "糖槭",
    "白泽氏槭",
    "西博氏槭",
    "山槭",
    "红牙槭",
    "三花槭",
    "绒毛槭",
    "美洲黄栌",
    "亮叶漆树",
    "毛漆树",
    "鹿角漆树",
    "巴波番荔枝",
    "阿尔塔克拉冬青",
    "枸骨叶冬青",
    "寇内氏冬青",
    "大叶冬青",
    "美国冬青",
    "刻脉冬青",
    "紫红冬青",
    "白芷树",
    "彩色刺楸",
    "多刺假参",
    "意大利赤杨",
    "普通赤杨",
    "灰赤杨",
    "美国赤杨",
    "红桦",
    "黄桦",
    "岳桦",
    "日本樱桦",
    "美加甜桦",
    "棘皮桦",
    "河桦",
    "纸白桦",
    "欧洲白桦",
    "灰桦",
    "白桦",
    "糙皮桦",
    "鹅耳枥",
    "美国鹅耳枥",
    "千斤榆",
    "日本鹅耳枥",
    "土耳其榛木",
    "欧洲铁木",
    "铁木",
    "美洲铁木",
    "美国梓",
    "浅红梓",
    "灰楸",
    "黄金树",
    "黄杨",
    "欧洲卫矛",
    "南美卫矛",
    "连香树",
    "互生叶山茱萸",
    "灯台树",
    "杂交山茱萸",
    "大花山茱萸",
    "日本杨梅",
    "梜木",
    "太平洋山茱萸",
    "波尔山茱萸",
    "毛梜",
    "柿树",
    "君迁子",
    "美洲柿",
    "沙枣",
    "沙棘",
    "希腊黑钩叶浆果鹃",
    "类黑钩叶浆果鹃",
    "浆果鹃",
    "黑钩叶浆果鹃",
    "酸液树",
    "树形杜鹃",
    "杜仲",
    "心叶香花木",
    "胶香花木",
    "香花木",
    "亮香花木",
    "米氏香花木",
    "尼曼香花木",
    "心亮香花木",
    "美洲栗",
    "板栗",
    "欧洲栗",
    "黄叶金鳞",
    "美国山毛榉",
    "东方山毛榉",
    "欧洲山毛榉",
    "日本石柯",
    "绵柯",
    "南极假山毛榉",
    "桦叶假山毛榉",
    "南方假山毛榉",
    "多脉假山毛榉",
    "歪叶假山毛榉",
    "矮假山毛榉",
    "苏氏假山毛榉",
    "麻栎",
    "白栎",
    "桤叶栎",
    "加那利栎",
    "栗叶栎",
    "土耳其栎",
    "鲜红栎",
    "北方针栎",
    "西班牙栎",
    "匈牙利栎",
    "大栓皮栎",
    "圣栎",
    "覆瓦状栎",
    "桂叶栎",
    "大药栎",
    "大果栎",
    "马利兰德栎",
    "小叶青冈",
    "针栎",
    "无柄花栎",
    "柳栎",
    "乌岗栎",
    "亚美尼亚栎",
    "柔毛栎",
    "比利牛斯山栎",
    "英国栎",
    "红栎",
    "星毛栎",
    "西班牙栓皮栎",
    "特氏栎",
    "栓皮栎",
    "美洲黑栎",
    "小叶阿查拉",
    "山桐子",
    "枫香树",
    "苏合香",
    "胶皮枫香树",
    "波斯铁木",
    "拟帕罗梯木",
    "加州七叶树",
    "红色七叶树",
    "淡黄七叶树",
    "欧洲七叶树",
    "印度七叶树",
    "着色七叶树",
    "红花七叶树",
    "心果山核桃",
    "美国山核桃",
    "薄皮山核桃",
    "日本胡桃",
    "油胡桃",
    "黑胡桃",
    "核桃",
    "化香树",
    "高加索枫杨",
    "瑞氏枫杨",
    "水胡桃",
    "枫杨",
    "月桂",
    "美洲擦木",
    "加州桂树",
    "银栲皮树",
    "合欢",
    "加拿大紫荆",
    "垂丝紫荆",
    "西亚紫荆",
    "美洲香槐",
    "意大利染料木",
    "美国皂荚",
    "美国肥皂荚",
    "金链金雀花",
    "苏格兰金链花",
    "金链花",
    "沃氏金链花",
    "马鞍树",
    "杂交洋槐",
    "黑洋槐",
    "槐树",
    "小叶槐树",
    "掌楸",
    "北美鹅掌楸",
    "尖叶木兰",
    "阿希氏木兰",
    "滇藏木兰",
    "光叶木兰",
    "山木兰",
    "福来氏木兰",
    "洋木兰",
    "天香木兰",
    "白背木兰",
    "日本辛夷",
    "洛氏木兰",
    "大叶木兰",
    "厚朴",
    "二乔木兰",
    "柳叶木兰",
    "三瓣木兰",
    "维奇氏木兰",
    "瓦达木兰",
    "无毛带木",
    "六柱带木",
    "香椿",
    "构树",
    "无花果",
    "桑橙",
    "桑",
    "黑桑",
    "瓶刷子树",
    "浆果桉",
    "心叶桉",
    "山桉",
    "苹果桉",
    "雪花桉",
    "自旋桉",
    "果桉",
    "番樱桃",
    "洪桐",
    "蓝果树",
    "多花蓝果树",
    "流苏树",
    "美国流苏树",
    "美国白腊树",
    "窄叶白腊树",
    "欧洲白腊树",
    "花白腊树",
    "绿白腊树",
    "女贞",
    "宽叶菲利",
    "舟山棕榈",
    "细叶海桐",
    "英国梧桐（二球悬铃木）",
    "美国梧桐（一球悬铃木）",
    "法国梧桐（三球悬铃木）",
    "智利红灌木",
    "叶鼠李",
    "欧鼠李",
    "树唐棣",
    "东亚唐棣",
    "平滑唐棣",
    "拉马克唐棣",
    "耐寒子",
    "鸡脚山楂",
    "条裂山楂",
    "无毛山楂",
    "拉伐氏山楂",
    "红山楂",
    "单子山楂",
    "华盛顿山楂",
    "梅叶山楂",
    "大叶山楂",
    "榅桲",
    "山荆子",
    "野香苹果",
    "栽培海棠",
    "佛罗伦萨海棠",
    "日本小苹果",
    "湖北海棠",
    "草原小苹果",
    "楸子",
    "紫海棠",
    "三叶海棠",
    "花叶海棠",
    "三裂海棠",
    "野木海棠",
    "滇池海棠",
    "杂交酸苹果",
    "波斯山楂",
    "中华石楠",
    "红果树",
    "晚花石楠",
    "齿叶石楠",
    "毛叶石楠",
    "杏",
    "欧洲甜樱桃",
    "樱桃李",
    "欧洲酸樱桃",
    "洋李",
    "扁桃",
    "富士樱",
    "乌荆子李",
    "日本樱花",
    "杂交樱",
    "小山樱花",
    "桂樱",
    "葡萄牙桂樱",
    "满洲稠李",
    "稠李",
    "桃",
    "沙金特氏樱",
    "席氏樱",
    "野黑樱",
    "细齿樱桃",
    "日本早樱",
    "含羞樱花",
    "东京樱花",
    "豆梨",
    "西洋梨",
    "柳叶梨",
    "水榆花楸",
    "美洲花楸",
    "白面子树",
    "欧洲花楸",
    "克什米尔花楸",
    "朝鲜花楸",
    "花楸",
    "麻叶花楸",
    "弗氏花楸",
    "湖北花楸",
    "瑞典花楸",
    "约瑟夫花楸",
    "宽叶花楸",
    "晚绣花楸",
    "梯叶花楸",
    "康藏花楸",
    "裂叶花楸",
    "野生花楸果",
    "白毛叶花楸",
    "川滇花楸",
    "黄檗",
    "榆桔",
    "丹氏吴茱萸",
    "樗叶花椒",
    "野花椒",
    "银白杨",
    "脂杨",
    "加拿大杨",
    "欧洲大叶杨",
    "银灰杨",
    "大叶杨",
    "黑杨",
    "川杨",
    "欧洲山杨",
    "白柳",
    "垂柳",
    "瑞香柳",
    "爆竹柳",
    "五蕊柳",
    "基生柳",
    "栾树",
    "文冠果",
    "毛泡桐",
    "臭椿",
    "四翅银钟花",
    "白辛树",
    "老鸹铃",
    "安息香",
    "玉玲花",
    "北美紫茶",
    "日本紫茶",
    "假山茶",
    "美洲椴木",
    "小叶椴木",
    "克里木椴木",
    "欧椴木",
    "白皮椴木",
    "大叶椴木",
    "银椴木",
    "昆栏树",
    "南方朴",
    "密西西比朴",
    "美洲朴",
    "荷生榆",
    "春榆",
    "光叶榆",
    "榔榆",
    "白榆树",
    "榆叶榉",
    "光叶榉",
    "温氏辛果"
  ],
  "药用植物内部": [
    "胶冷杉",
    "糖枫",
    "海红豆",
    "猢狲木",
    "欧洲七叶树",
    "石栗",
    "凹叶赤杨",
    "腰果",
    "刺番荔枝",
    "莓实树",
    "槟榔",
    "砂糖椰子",
    "波罗蜜",
    "杨桃",
    "白桦",
    "胭脂木",
    "香水树",
    "爪哇橄榄",
    "螃蟹木",
    "番木瓜",
    "印度金链花",
    "欧洲甜栗",
    "大叶栗子",
    "黎巴嫩雪松",
    "木棉",
    "长角豆",
    "北美流苏树",
    "柠檬",
    "甜橙",
    "马蜂橙",
    "酸橙",
    "小果柑",
    "油橙",
    "椪柑",
    "锡兰肉桂",
    "樟树",
    "可可椰子树",
    "可乐果",
    "粉色黄牛木",
    "意大利柏木",
    "榅桲",
    "五桠果",
    "榴莲",
    "非洲油棕",
    "古柯",
    "桉树",
    "胶木",
    "欧洲山毛榉",
    "香灰莉",
    "菩提树",
    "欧洲白蜡树",
    "银杏",
    "买麻藤",
    "南美弯叶豆",
    "大茴香",
    "英国胡桃",
    "圆柏",
    "腊肠树",
    "美洲落叶松",
    "月桂树",
    "尖叶女贞",
    "东方枫香树",
    "木兰",
    "芒果",
    "红茶树",
    "白千层",
    "印度楝树",
    "铁力木",
    "黄玉兰",
    "牛油果",
    "葫芦肉豆蔻",
    "辣木",
    "桑树",
    "肉豆蔻",
    "豆胶树",
    "欧洲橄榄",
    "露兜树",
    "马来西亚大风子",
    "球花豆",
    "酪梨",
    "海枣",
    "意大利石松",
    "欧洲赤松",
    "牙买加甜胡椒",
    "乳香树",
    "红花缅栀",
    "酸橙",
    "杏",
    "甜扁桃",
    "桃",
    "接李",
    "欧洲李",
    "黑刺李",
    "野黑樱",
    "苦樱桃",
    "胶杨",
    "花旗松",
    "番石榴",
    "紫檀",
    "石榴",
    "苏里南苦木",
    "英国栎",
    "洋槐",
    "白柳",
    "淡黑接骨木",
    "檀香",
    "洋擦木",
    "槐",
    "欧洲花楸",
    "安息香",
    "丁香",
    "罗望子",
    "浆果红豆杉",
    "可可树",
    "东方侧柏",
    "欧洲椴树",
    "宽叶椴树",
    "小叶椴",
    "美洲椴",
    "英国榆",
    "加州月桂树",
    "牡荆",
    "枣",
    "美洲花椒",
    "胡椒花椒",
    "银栲皮树",
    "防臭木",
    "赤杨叶唐棣",
    "熊莓",
    "小檗",
    "黄杨",
    "寻石南",
    "加罗林蜡梅",
    "茶",
    "美洲茶",
    "加那利藿香",
    "一枝黄",
    "胶蔷树",
    "阿拉伯咖啡",
    "红竹",
    "欧洲榛",
    "山楂",
    "巴豆",
    "宝录瑞香",
    "异株五加",
    "麻黄",
    "连翘",
    "栀子",
    "冬青白珠树",
    "染料木",
    "高地棉",
    "北美金缕梅",
    "意大利蜡菊",
    "天芥菜",
    "洛神葵",
    "沙棘",
    "药用神香草",
    "印第安茶",
    "木蓝",
    "麻疯树",
    "马缨丹",
    "指甲花",
    "黄果山胡椒",
    "狭叶薰衣草",
    "英国薰衣草",
    "荷兰薰衣草",
    "小白狭叶薰衣草",
    "法国薰衣草",
    "齿叶薰衣草",
    "绵毛熏衣草",
    "绿熏衣草",
    "枸杞",
    "十大功劳",
    "木薯",
    "科里月橘",
    "蜡香桃木",
    "甜香桃木",
    "南天竹",
    "锡兰矶松",
    "萝芙藤",
    "黑穗醋栗",
    "鹿角漆树",
    "犬蔷薇",
    "大马士革蔷薇",
    "爱南蔷薇",
    "变色法国蔷薇",
    "奥帕西蔷薇",
    "皱叶蔷薇",
    "迷迭香",
    "树莓",
    "花竹柏",
    "芸香",
    "欧洲风轮菜",
    "绵杉菊",
    "雅美鼠尾草",
    "丹参",
    "南欧丹参",
    "鼠尾草",
    "山扁豆",
    "山艾",
    "油栗",
    "乌茄",
    "紫花茄",
    "鹰爪豆",
    "马钱子",
    "西洋丁香",
    "铺地香",
    "百里香",
    "蔓越橘",
    "蔓长春花",
    "肝木荚蒾",
    "丝兰",
    "禾叶蓍",
    "舟形乌头",
    "菖蒲",
    "春侧金盏花",
    "茴藿香",
    "龙舌兰",
    "龙芽草",
    "匍筋骨草",
    "斗蓬草",
    "芦荟",
    "大蒜",
    "葱",
    "韭菜",
    "细香葱",
    "熊蒜",
    "多子洋葱",
    "多聚洋葱",
    "小蒜",
    "南姜",
    "高良姜",
    "药蜀葵",
    "牛舌草",
    "凤梨",
    "多花菊",
    "黄花茅",
    "耧斗菜",
    "辣根",
    "山金车",
    "加拿大细辛",
    "苦艾",
    "洋艾",
    "香艾菊",
    "艾",
    "茵陈蒿",
    "黄花艾",
    "柳叶马利筋",
    "斯克绵毛紫苑",
    "颠茄",
    "白花苋",
    "假马齿苋",
    "雏菊",
    "凹唇姜",
    "柴胡",
    "大花新风轮菜",
    "卡马夏花",
    "圆叶风铃草",
    "草地碎米荠",
    "无茎刺苞术",
    "长春花",
    "积雪草",
    "黄金菊",
    "藜菜",
    "总花升麻",
    "铃兰",
    "钾猪毛菜",
    "番红花",
    "朝鲜蓟",
    "郁金",
    "柠檬香茅",
    "香水茅",
    "纸莎草",
    "香附子",
    "香莎草",
    "甜莎草",
    "香石竹",
    "修道石竹",
    "姬石竹",
    "白鲜",
    "狭叶球菊",
    "紫球菊",
    "布袋莲",
    "紫兰草",
    "麻泽兰",
    "贯叶泽兰",
    "白豆蔻",
    "阿魏",
    "欧洲合欢子",
    "合欢子",
    "茴香",
    "优茴香",
    "野草莓",
    "山羊豆",
    "香猪殃殃",
    "蓬子菜",
    "猪殃殃",
    "巨根老鹳草",
    "路边青",
    "连钱草",
    "甘草",
    "三七草",
    "原独活",
    "蓝铃花",
    "金丝桃",
    "白茅",
    "土木香",
    "泽芳",
    "角叶山柰",
    "番郁金",
    "野芝麻",
    "欧益母草",
    "牛眼菊",
    "圆叶当归",
    "麒麟菊",
    "纯白百合",
    "大山梗菜",
    "百脉根",
    "羽扇豆",
    "欧地笋",
    "短瓣千屈菜",
    "麝香锦葵",
    "毒参茄",
    "竹芋",
    "普通夏至草",
    "紫花苜蓿",
    "蜜蜂花",
    "三叶睡菜",
    "绿薄荷",
    "紫茉莉",
    "蜂香薄荷",
    "束毛串铃花",
    "没药树",
    "豆瓣菜",
    "莲",
    "荆芥",
    "丁香罗勒",
    "强壮红门兰",
    "马约兰花",
    "欧尼花薄荷",
    "牛至",
    "酢浆草",
    "芍药",
    "药用芍药",
    "东方人参",
    "四叶重楼",
    "花头天竺葵",
    "香款冬",
    "杂交款冬",
    "南方芦苇",
    "乌竹",
    "洋商陆",
    "大车前草",
    "桔梗",
    "到手香",
    "花葱",
    "香黄精",
    "拳参",
    "鹅绒委陵菜",
    "莲香报春花",
    "宿根报春花",
    "夏枯草",
    "疗肺草",
    "常白头翁",
    "虎仗",
    "药用大黄",
    "岩景天",
    "西洋茜草",
    "酸模",
    "盾叶酸模",
    "甘蔗",
    "血红根",
    "小地榆",
    "变豆菜",
    "肥皂草",
    "林生玄参",
    "锐叶景天",
    "美洲黄芩",
    "屋顶长生花",
    "泽芹",
    "一枝黄花",
    "药用石蚕",
    "块根紫芹",
    "脂香菊",
    "除虫菊",
    "小白菊",
    "艾菊",
    "蒲公英",
    "红三叶草",
    "地胶苦草",
    "款冬",
    "异株荨麻",
    "药用缬草",
    "马鞭草",
    "香根草",
    "香堇菜",
    "山葵",
    "姜",
    "麝香黄葵",
    "葱芥",
    "猪草",
    "莳萝",
    "当归",
    "峨参",
    "旱芹",
    "牛蒡",
    "黄花蒿",
    "紫滨藜",
    "燕麦",
    "琉璃苣",
    "黑芥菜",
    "甘蓝",
    "金盏花",
    "大麻",
    "番椒",
    "荠菜",
    "碎米荠",
    "矢车菊",
    "葛缕子",
    "大白屈菜",
    "洋香藜",
    "茼蒿",
    "鹰嘴豆",
    "野苦苣",
    "圣蓟",
    "薏苡",
    "毒参",
    "飞燕草",
    "芫荽",
    "黄瓜",
    "美国南瓜",
    "孜然芹",
    "曼陀罗",
    "野胡萝卜",
    "毛地黄",
    "染续断",
    "蓝蓟",
    "箭生菜",
    "滨刺芹",
    "金英花",
    "小米草",
    "荷包牡丹",
    "大豆",
    "散凉喉茶",
    "向日葵",
    "大麦",
    "天仙子",
    "凤仙花",
    "崧蓝",
    "毒莴苣",
    "亚麻",
    "番茄",
    "母菊",
    "黄香草木犀",
    "冬马齿苋",
    "勿忘草",
    "假酸浆",
    "烟草",
    "黑种草",
    "月见草",
    "罗勒",
    "大翅蓟",
    "列当",
    "稻",
    "罂粟",
    "欧芹",
    "芹叶钟穗花",
    "菜豆",
    "欧洲大茴香",
    "马齿苋",
    "木犀草",
    "蓖麻",
    "欧洲碱蓬",
    "盐草",
    "大蒜芥",
    "芝麻",
    "大蓟",
    "亚历山大草",
    "龙葵",
    "马铃薯",
    "繁缕",
    "孔雀草",
    "草原婆罗门参",
    "紫红三叶草",
    "葫芦巴",
    "金莲花",
    "毛蕊草",
    "西班牙王不留行",
    "玉米",
    "相思子",
    "木通",
    "南美卡皮木",
    "葡萄牙铁线莲",
    "党参",
    "长毛薯蓣",
    "常春藤",
    "啤酒花",
    "葛叶牵牛",
    "茉莉花",
    "日本忍冬",
    "丝瓜",
    "龟背芋",
    "胡椒",
    "野西番莲",
    "五味子",
    "香草",
    "葡萄",
    "铁线蕨",
    "蛤蟆菌",
    "麦角菌",
    "欧洲鳞毛蕨",
    "问荆",
    "墨角藻",
    "灵芝",
    "大颓马勃",
    "糖昆布",
    "香菇",
    "白药帖仙人掌",
    "石松子",
    "槲苔",
    "弯叶泥炭藓",
    "槲寄生"
  ],
  "随机植物内部": [ "芳香植物：{%芳香植物内部}", "盆栽花草：{%盆栽花草内部}", "食用花果：{%食用花果内部}", "湿地植物：{%湿地植物内部}", "食用蔬菜：{%食用蔬菜内部}", "树：{%树内部}", "药用植物：{%药用植物内部}" ],
  "芳香植物": [ "[$t玩家]抽到了：\n{%芳香植物内部}。" ],
  "盆栽花草": [ "[$t玩家]抽到了：\n{%盆栽花草内部}。" ],
  "食用花果": [ "[$t玩家]抽到了：\n{%食用花果内部}。" ],
  "湿地植物": [ "[$t玩家]抽到了：\n{%湿地植物内部}。" ],
  "食用蔬菜": [ "[$t玩家]抽到了：\n{%食用蔬菜内部}。" ],
  "树": [ "[$t玩家]抽到了：\n{%树内部}。" ],
  "药用植物": [ "[$t玩家]抽到了：\n{%药用植物内部}。" ],
  "随机植物": [ "[$t玩家]抽到了：\n{%随机植物内部}。" ]
}