﻿{
  "_title": [ "鸽子菜式" ],
  "_author": [ "于言诺" ],
  "_date": [ "2022/5/17" ],
  "_version": [ "1.0.1" ],
  "_updateDate": [ "2022/8/16" ],
  "_brief": [ "用来炖你认识的鸽子。8.16更新：添加了_keys字段。" ],
  "_keys": [ "鸽子菜式" ],
  "鸽子菜式内部": [
    "香焖鸽子饭",
    "汽锅鸽子",
    "鸽汤馄饨",
    "生滚鸽子粥",
    "天麻鸽子汤",
    "烤乳鸽",
    "鸽吞燕",
    "八宝栗香鸽",
    "清蒸鸽子",
    "卤香炸乳鸽"
  ],
  "鸽子菜式": [ "今日为[$t玩家]推荐的鸽子菜式是：{%鸽子菜式内部}。" ]
}