﻿{
  "_title": [ "方舟指令" ],
  "_author": [ "于言诺" ],
  "_date": [ "2022/5/17" ],
  "_version": [ "1.0.1" ],
  "_updateDate": [ "2022/8/16" ],
  "_brief": [ "方舟指令，2018年9月27日开始运营，2021年5月17日停服，本牌堆（包含：誓灵，十连誓灵，收集品，十连收集品，掉落道具，十连掉落道具）聊作纪念。关于牌堆内收集品与誓灵的对应关系，请参见文档：https: //docs.qq.com/sheet/DSXFSc2FvYUVQZkVV \n8.16更新：添加了_keys字段。" ],
  "_keys": [ "誓灵", "十连誓灵", "收集品", "十连收集品", "掉落道具", "十连掉落道具" ],
  "_普通召唤": [
    "::3::洛基 UR",
    "::3::芬里尔 UR",
    "::11::布伦希尔德 SR",
    "::142::戈仑 R",
    "::142::巫妖 R",
    "::120::小精灵 N",
    "::120::石像鬼 N",
    "::120::魅魔 N",
    "::142::报丧女妖 R",
    "::142::杜拉罕 R",
    "::3::伊邪那美 UR",
    "::11::荒吐 SR",
    "::11::八岐大蛇 SR",
    "::11::辉夜姬 SR",
    "::142::茨木童子 R",
    "::11::雪女 SR",
    "::142::因幡白兔 R",
    "::142::镰鼬 R",
    "::120::桥姬 N",
    "::120::天邪鬼 N",
    "::120::鸦天狗 N",
    "::3::赫尔墨斯 UR",
    "::11::狄俄尼索斯 SR",
    "::11::普罗米修斯 SR",
    "::11::哈迪斯 SR",
    "::142::美杜莎 R",
    "::142::海德拉 R",
    "::142::刻耳柏洛斯 R",
    "::142::伊阿宋 R",
    "::142::伊卡洛斯 R",
    "::142::潘多拉 R",
    "::120::米诺陶诺斯 N",
    "::120::塞壬 N",
    "::120::奇美拉 N",
    "::120::格里芬 N",
    "::120::珀加索斯 N",
    "::3::女娲 UR",
    "::3::羲和 UR",
    "::11::蚩尤 SR",
    "::11::麒麟 SR",
    "::11::嫘祖 SR",
    "::142::夸父 R",
    "::142::毕方 R",
    "::142::玄女 R",
    "::142::精卫 R",
    "::120::魑魅 N",
    "::120::魍魉 N",
    "::120::年 N",
    "::11::史莱喵 SR",
    "::3::黄金史莱喵 UR",
    "::120::哥布林 N",
    "::11::伊登 SR",
    "::142::拉塔托斯克 R",
    "::11::利维坦 SR",
    "::3::茉莉安 UR",
    "::3::天照 UR",
    "::11::迦具土 SR",
    "::120::河童 N",
    "::3::波塞冬 UR",
    "::11::喀戎 SR",
    "::3::薇薇安 UR",
    "::3::凤凰 UR",
    "::3::托尔 UR",
    "::3::阿瑞斯 UR",
    "::11::玉藻前 SR",
    "::11::厄洛斯 SR",
    "::11::贝希摩斯 SR",
    "::142::德古拉 R",
    "::120::杰克南瓜 N",
    "::120::宝箱怪 N",
    "::120::海德伦 N",
    "::3::努阿达 UR",
    "::3::月读 UR",
    "::3::维德佛尔尼尔 UR",
    "::11::巴德尔 SR",
    "::11::霍德尔 SR",
    "::11::建御雷 SR",
    "::142::沙罗曼达 R",
    "::120::鬼火 N",
    "::120::宁芙 N",
    "::3::应龙 UR",
    "::3::赫斯提亚 UR",
    "::11::兀尔德 SR",
    "::11::薇儿丹蒂 SR",
    "::11::诗寇蒂 SR",
    "::11::狼人 SR",
    "::142::狛犬 R",
    "::142::蒂阿兹 R",
    "::120::火鼠 N",
    "::120::络新妇 N",
    "::3::拉 UR",
    "::3::奥西里斯 UR",
    "::11::阿努比斯 SR",
    "::3::荷鲁斯 UR",
    "::11::索贝克 SR",
    "::142::贝斯特 R",
    "::142::斯芬克斯 R",
    "::142::巴 R",
    "::11::处女座 SR",
    "::11::天秤座 SR",
    "::11::天蝎座 SR",
    "::11::射手座 SR",
    "::11::摩羯座 SR",
    "::11::水瓶座 SR",
    "::11::双鱼座 SR",
    "::11::白羊座 SR",
    "::11::金牛座 SR",
    "::11::双子座 SR",
    "::11::巨蟹座 SR",
    "::11::狮子座 SR",
    "::11::22 SR",
    "::11::33 SR",
    "::3::须佐 UR",
    "::11::乙姬 SR",
    "::3::盖布 UR",
    "::11::塞勒凯特 SR",
    "::11::塞赫美特 SR",
    "::142::卡 R",
    "::3::海拉 UR",
    "::11::史尔特尔 SR",
    "::11::塞勒涅 SR",
    "::3::玛查 UR",
    "::3::德墨忒尔 UR",
    "::11::白泽 SR",
    "::3::华胥 UR",
    "::3::鲲 UR",
    "::3::年-新春异兽 UR",
    "::11::嫦娥 SR",
    "::3::洛天依 UR",
    "::3::乐正绫 UR",
    "::3::言和 UR",
    "::3::洛天依-杏辞 UR",
    "::3::乐正绫-蝶律 UR",
    "::3::言和-兰序 UR",
    "::11::狼人-月夜 SR",
    "::11::席兹 SR",
    "::11::八咫乌 SR",
    "::11::酒吞童子 SR",
    "::120::鵺 N",
    "::11::小舟酱 SR",
    "::3::耶梦加得 UR",
    "::11::密米尔 SR",
    "::142::斯卡娣 R",
    "::11::巴吉里斯克 SR",
    "::11::萨提特 SR",
    "::142::猫又 R",
    "::3::星野梦美 UR",
    "::3::维达 UR",
    "::11::珀耳塞福涅 SR",
    "::3::赫菲斯托斯 UR",
    "::3::雅典娜 UR",
    "::3::阿尔忒弥斯 UR",
    "::11::赫拉克勒斯 SR",
    "::11::阿斯特赖亚 SR",
    "::142::基克洛普斯 R",
    "::142::琉喀忒亚 R",
    "::142::伊里丝 R",
    "::11::凤凰-稚羽 SR",
    "::142::塔沃里特 R",
    "::11::伊姆霍特普 SR",
    "::3::赛特 UR",
    "::11::普塔 SR",
    "::3::时崎狂三 UR",
    "::3::五河琴里 UR",
    "::3::鸢一折纸 UR",
    "::3::夜刀神十香 UR",
    "::3::四糸乃 UR",
    "::3::米迦勒 UR",
    "::3::拉斐尔 UR",
    "::3::乌列尔 UR",
    "::3::亚巴顿 UR",
    "::11::萨麦尔 SR",
    "::11::贝尔芬格 SR",
    "::11::玛门 SR",
    "::11::阿斯莫德 SR",
    "::3::加百列 UR",
    "::11::祝融 SR",
    "::11::共工 SR",
    "::11::鲛人 SR",
    "::3::白 UR",
    "::3::吉普莉尔 UR",
    "::3::初濑伊纲 UR",
    "::11::史蒂芬妮 SR",
    "::3::解慕漱 UR",
    "::3::高朱蒙 UR",
    "::11::乌波·萨斯拉 SR",
    "::3::克苏鲁 UR",
    "::3::奈亚拉托提普 UR",
    "::3::犹格索托斯 UR",
    "::11::伊塔库亚 SR",
    "::11::克图格亚 SR",
    "::11::子 SR",
    "::11::丑 SR",
    "::11::寅 SR",
    "::11::卯 SR",
    "::11::辰 SR",
    "::11::巳 SR",
    "::11::午 SR",
    "::11::未 SR",
    "::11::申 SR",
    "::11::酉 SR",
    "::11::戌 SR",
    "::11::亥 SR",
    "::3::尼德霍格 UR",
    "::3::海姆达尔 UR",
    "::3::弗雷 UR",
    "::11::瓦利 SR",
    "::11::斯露德 SR",
    "::3::玛纳诺 UR",
    "::3::巴罗尔 UR",
    "::3::鲁格 UR",
    "::11::芬恩 SR",
    "::11::安格斯 SR",
    "::11::莪相 SR",
    "::3::伐楼那 UR",
    "::11::增长天 SR",
    "::11::广目天 SR",
    "::142::那伽 R",
    "::3::因陀罗 UR",
    "::3::大吉祥天 UR",
    "::11::持国天 SR",
    "::11::多闻天 SR",
    "::142::夜叉 R",
    "::3::古河渚 UR",
    "::3::坂上智代 UR",
    "::3::藤林杏 UR",
    "::3::伊吹风子 UR",
    "::3::一之濑琴美 UR",
    "::11::厄庇墨透斯 SR",
    "::11::墨诺提俄斯 SR",
    "::11::阿特拉斯 SR",
    "::3::赫拉 UR",
    "::3::卖火柴的少女 UR",
    "::3::奈奥格索希普 UR",
    "::3::哈斯塔 UR",
    "::3::加塔诺托亚 UR",
    "::11::诺登斯 SR",
    "::3::伊邪那岐 UR",
    "::11::泣泽女神 SR",
    "::3::倪克斯 UR",
    "::11::修普诺斯 SR",
    "::11::塔纳托斯 SR",
    "::11::摩伽罗 SR",
    "::3::阿佛洛狄忒 UR",
    "::3::千户 UR",
    "::3::尤莉 UR",
    "::3::路西法 UR",
    "::11::莎莉叶 SR",
    "::11::别西卜 SR",
    "::142::修格斯 R",
    "::11::伊斯 SR",
    "::3::拉结尔 UR",
    "::3::大国主 UR",
    "::3::须世理姬 UR",
    "::11::八上比卖 SR",
    "::11::木俣神 SR",
    "::3::达格达 UR",
    "::11::加拉哈德 SR",
    "::11::奥斯卡 SR",
    "::3::后土 UR",
    "::3::希芙 UR",
    "::11::格欧费茵 SR",
    "::11::座敷童子 SR",
    "::3::阎摩 UR",
    "::11::阿修罗 SR",
    "::11::迦楼罗 SR",
    "::3::白雪公主 UR",
    "::3::爱丽丝 UR",
    "::11::小红帽 SR",
    "::11::拇指姑娘 SR",
    "::11::鲁格-雏光 SR",
    "::3::克塔亚特 UR",
    "::11::克希拉 SR",
    "::3::神楽Mea UR",
    "::3::神楽Meu UR",
    "::3::努特 UR",
    "::3::阿努凯特 UR",
    "::11::凯布利 SR",
    "::3::香风智乃 UR",
    "::3::保登心爱 UR",
    "::3::天天座理世 UR",
    "::3::宇治松千夜 UR",
    "::3::桐间纱路 UR",
    "::3::应龙-乾元 UR",
    "::11::鹿蜀 SR",
    "::11::玉兔 SR",
    "::3::提尔 UR",
    "::3::弗丽嘉 UR",
    "::11::古尔薇格 SR",
    "::11::凡赛堤 SR",
    "::3::亚瑟王 UR",
    "::3::兰斯洛特 UR",
    "::11::独角兽 SR",
    "::11::加雷斯 SR",
    "::11::瑶姬 SR",
    "::3::阿波罗 UR",
    "::11::克洛托 SR",
    "::11::拉克西丝 SR",
    "::3::阿特洛波斯 UR",
    "::3::冰糖燕窝 UR",
    "::3::玉子烧 UR",
    "::120::白米饭 N",
    "::3::北京烤鸭 UR",
    "::3::鲷鱼烧 UR",
    "::3::苏摩 UR",
    "::11::罗刹 SR",
    "::11::高尔 SR",
    "::3::尼曼 UR",
    "::11::苏利耶 SR",
    "::3::范格斯 UR",
    "::11::帕西瓦尔 SR",
    "::3::雪女-小春日和 UR",
    "::3::睡美人 UR",
    "::11::拉贵尔 SR",
    "::11::安琪儿 SR",
    "::3::豌豆公主 UR",
    "::3::冰雪女皇 UR",
    "::3::青龙 UR",
    "::3::朱雀 UR",
    "::3::玄武 UR",
    "::3::白虎 UR",
    "::3::常羲 UR",
    "::11::八岐大蛇-暗噬 SR",
    "::11::普罗米修斯-暗噬 SR",
    "::11::蚩尤-暗噬 SR",
    "::11::伊登-暗噬 SR",
    "::32::量产型尤格 量产型",
    "::32::量产型莎布 量产型",
    "::32::量产型克苏 量产型",
    "::32::量产型奈亚 量产型"
  ],
  "_奇迹召唤": [
    "::3::洛基 UR",
    "::3::芬里尔 UR",
    "::68::布伦希尔德 SR",
    "::3::伊邪那美 UR",
    "::68::荒吐 SR",
    "::68::八岐大蛇 SR",
    "::68::辉夜姬 SR",
    "::68::雪女 SR",
    "::3::赫尔墨斯 UR",
    "::68::狄俄尼索斯 SR",
    "::68::普罗米修斯 SR",
    "::68::哈迪斯 SR",
    "::3::女娲 UR",
    "::3::羲和 UR",
    "::68::蚩尤 SR",
    "::68::麒麟 SR",
    "::68::嫘祖 SR",
    "::68::史莱喵 SR",
    "::3::黄金史莱喵 UR",
    "::68::伊登 SR",
    "::68::利维坦 SR",
    "::3::茉莉安 UR",
    "::3::天照 UR",
    "::68::迦具土 SR",
    "::3::波塞冬 UR",
    "::68::喀戎 SR",
    "::3::薇薇安 UR",
    "::3::凤凰 UR",
    "::3::托尔 UR",
    "::3::阿瑞斯 UR",
    "::68::玉藻前 SR",
    "::68::厄洛斯 SR",
    "::68::贝希摩斯 SR",
    "::3::努阿达 UR",
    "::3::月读 UR",
    "::3::维德佛尔尼尔 UR",
    "::68::巴德尔 SR",
    "::68::霍德尔 SR",
    "::68::建御雷 SR",
    "::3::应龙 UR",
    "::3::赫斯提亚 UR",
    "::68::兀尔德 SR",
    "::68::薇儿丹蒂 SR",
    "::68::诗寇蒂 SR",
    "::68::狼人 SR",
    "::3::拉 UR",
    "::3::奥西里斯 UR",
    "::68::阿努比斯 SR",
    "::3::荷鲁斯 UR",
    "::68::索贝克 SR",
    "::68::处女座 SR",
    "::68::天秤座 SR",
    "::68::天蝎座 SR",
    "::68::射手座 SR",
    "::68::摩羯座 SR",
    "::68::水瓶座 SR",
    "::68::双鱼座 SR",
    "::68::白羊座 SR",
    "::68::金牛座 SR",
    "::68::双子座 SR",
    "::68::巨蟹座 SR",
    "::68::狮子座 SR",
    "::68::22 SR",
    "::68::33 SR",
    "::3::须佐 UR",
    "::68::乙姬 SR",
    "::3::盖布 UR",
    "::68::塞勒凯特 SR",
    "::68::塞赫美特 SR",
    "::3::海拉 UR",
    "::68::史尔特尔 SR",
    "::68::塞勒涅 SR",
    "::3::玛查 UR",
    "::3::德墨忒尔 UR",
    "::68::白泽 SR",
    "::3::华胥 UR",
    "::3::鲲 UR",
    "::3::年-新春异兽 UR",
    "::68::嫦娥 SR",
    "::3::洛天依 UR",
    "::3::乐正绫 UR",
    "::3::言和 UR",
    "::3::洛天依-杏辞 UR",
    "::3::乐正绫-蝶律 UR",
    "::3::言和-兰序 UR",
    "::68::狼人-月夜 SR",
    "::68::席兹 SR",
    "::68::八咫乌 SR",
    "::68::酒吞童子 SR",
    "::68::小舟酱 SR",
    "::3::耶梦加得 UR",
    "::68::密米尔 SR",
    "::68::巴吉里斯克 SR",
    "::68::萨提特 SR",
    "::3::星野梦美 UR",
    "::3::维达 UR",
    "::68::珀耳塞福涅 SR",
    "::3::赫菲斯托斯 UR",
    "::3::雅典娜 UR",
    "::3::阿尔忒弥斯 UR",
    "::68::赫拉克勒斯 SR",
    "::68::阿斯特赖亚 SR",
    "::68::凤凰-稚羽 SR",
    "::68::伊姆霍特普 SR",
    "::3::赛特 UR",
    "::68::普塔 SR",
    "::3::时崎狂三 UR",
    "::3::五河琴里 UR",
    "::3::鸢一折纸 UR",
    "::3::夜刀神十香 UR",
    "::3::四糸乃 UR",
    "::3::米迦勒 UR",
    "::3::拉斐尔 UR",
    "::3::乌列尔 UR",
    "::3::亚巴顿 UR",
    "::68::萨麦尔 SR",
    "::68::贝尔芬格 SR",
    "::68::玛门 SR",
    "::68::阿斯莫德 SR",
    "::3::加百列 UR",
    "::68::祝融 SR",
    "::68::共工 SR",
    "::68::鲛人 SR",
    "::3::白 UR",
    "::3::吉普莉尔 UR",
    "::3::初濑伊纲 UR",
    "::68::史蒂芬妮 SR",
    "::3::解慕漱 UR",
    "::3::高朱蒙 UR",
    "::68::乌波·萨斯拉 SR",
    "::3::克苏鲁 UR",
    "::3::奈亚拉托提普 UR",
    "::3::犹格索托斯 UR",
    "::68::伊塔库亚 SR",
    "::68::克图格亚 SR",
    "::68::子 SR",
    "::68::丑 SR",
    "::68::寅 SR",
    "::68::卯 SR",
    "::68::辰 SR",
    "::68::巳 SR",
    "::68::午 SR",
    "::68::未 SR",
    "::68::申 SR",
    "::68::酉 SR",
    "::68::戌 SR",
    "::68::亥 SR",
    "::3::尼德霍格 UR",
    "::3::海姆达尔 UR",
    "::3::弗雷 UR",
    "::68::瓦利 SR",
    "::68::斯露德 SR",
    "::3::玛纳诺 UR",
    "::3::巴罗尔 UR",
    "::3::鲁格 UR",
    "::68::芬恩 SR",
    "::68::安格斯 SR",
    "::68::莪相 SR",
    "::3::伐楼那 UR",
    "::68::增长天 SR",
    "::68::广目天 SR",
    "::3::因陀罗 UR",
    "::3::大吉祥天 UR",
    "::68::持国天 SR",
    "::68::多闻天 SR",
    "::3::古河渚 UR",
    "::3::坂上智代 UR",
    "::3::藤林杏 UR",
    "::3::伊吹风子 UR",
    "::3::一之濑琴美 UR",
    "::68::厄庇墨透斯 SR",
    "::68::墨诺提俄斯 SR",
    "::68::阿特拉斯 SR",
    "::3::赫拉 UR",
    "::3::卖火柴的少女 UR",
    "::3::奈奥格索希普 UR",
    "::3::哈斯塔 UR",
    "::3::加塔诺托亚 UR",
    "::68::诺登斯 SR",
    "::3::伊邪那岐 UR",
    "::68::泣泽女神 SR",
    "::3::倪克斯 UR",
    "::68::修普诺斯 SR",
    "::68::塔纳托斯 SR",
    "::68::摩伽罗 SR",
    "::3::阿佛洛狄忒 UR",
    "::3::千户 UR",
    "::3::尤莉 UR",
    "::3::路西法 UR",
    "::68::莎莉叶 SR",
    "::68::别西卜 SR",
    "::68::伊斯 SR",
    "::3::拉结尔 UR",
    "::3::大国主 UR",
    "::3::须世理姬 UR",
    "::68::八上比卖 SR",
    "::68::木俣神 SR",
    "::3::达格达 UR",
    "::68::加拉哈德 SR",
    "::68::奥斯卡 SR",
    "::3::后土 UR",
    "::3::希芙 UR",
    "::68::格欧费茵 SR",
    "::68::座敷童子 SR",
    "::3::阎摩 UR",
    "::68::阿修罗 SR",
    "::68::迦楼罗 SR",
    "::3::白雪公主 UR",
    "::3::爱丽丝 UR",
    "::68::小红帽 SR",
    "::68::拇指姑娘 SR",
    "::68::鲁格-雏光 SR",
    "::3::克塔亚特 UR",
    "::68::克希拉 SR",
    "::3::神楽Mea UR",
    "::3::神楽Meu UR",
    "::3::努特 UR",
    "::3::阿努凯特 UR",
    "::68::凯布利 SR",
    "::3::香风智乃 UR",
    "::3::保登心爱 UR",
    "::3::天天座理世 UR",
    "::3::宇治松千夜 UR",
    "::3::桐间纱路 UR",
    "::3::应龙-乾元 UR",
    "::68::鹿蜀 SR",
    "::68::玉兔 SR",
    "::3::提尔 UR",
    "::3::弗丽嘉 UR",
    "::68::古尔薇格 SR",
    "::68::凡赛堤 SR",
    "::3::亚瑟王 UR",
    "::3::兰斯洛特 UR",
    "::68::独角兽 SR",
    "::68::加雷斯 SR",
    "::68::瑶姬 SR",
    "::3::阿波罗 UR",
    "::68::克洛托 SR",
    "::68::拉克西丝 SR",
    "::3::阿特洛波斯 UR",
    "::3::冰糖燕窝 UR",
    "::3::玉子烧 UR",
    "::3::北京烤鸭 UR",
    "::3::鲷鱼烧 UR",
    "::3::苏摩 UR",
    "::68::罗刹 SR",
    "::68::高尔 SR",
    "::3::尼曼 UR",
    "::68::苏利耶 SR",
    "::3::范格斯 UR",
    "::68::帕西瓦尔 SR",
    "::3::雪女-小春日和 UR",
    "::3::睡美人 UR",
    "::68::拉贵尔 SR",
    "::68::安琪儿 SR",
    "::3::豌豆公主 UR",
    "::3::冰雪女皇 UR",
    "::3::青龙 UR",
    "::3::朱雀 UR",
    "::3::玄武 UR",
    "::3::白虎 UR",
    "::3::常羲 UR",
    "::68::八岐大蛇-暗噬 SR",
    "::68::普罗米修斯-暗噬 SR",
    "::68::蚩尤-暗噬 SR",
    "::68::伊登-暗噬 SR",
    "::58::量产型尤格 量产型",
    "::58::量产型莎布 量产型",
    "::58::量产型克苏 量产型",
    "::58::量产型奈亚 量产型"
  ],
  "誓灵": [ "[$t玩家]抽出了{_普通召唤}。" ],
  "十连誓灵": [ "[$t玩家]抽出了{_普通召唤}，{_普通召唤}，{_普通召唤}，{_普通召唤}，{_普通召唤}，{_普通召唤}，{_普通召唤}，{_普通召唤}，{_普通召唤}，{_奇迹召唤}。" ],
  "_普通收集品": [
    "::3::假笑面具 UR",
    "::3::精装狗粮 UR",
    "::11::泡面叉子 SR",
    "::142::黏土工具包 R",
    "::142::命匣 R",
    "::120::圣水 N",
    "::120::银十字挂饰 N",
    "::120::魅魔的特制魅药 N",
    "::142::百合花 R",
    "::142::骨雕小挂件 R",
    "::3::长烟枪 UR",
    "::11::陶俑 SR",
    "::11::珍藏鬼杀酒 SR",
    "::11::琼枝玉树发簪 SR",
    "::142::男友手臂抱枕 R",
    "::11::装满零食的冰箱 SR",
    "::142::好运御守 R",
    "::142::忍者木偶 R",
    "::120::掉落的铃铛发饰 N",
    "::120::折扇 N",
    "::120::鞍马山八卦周刊 N",
    "::3::蛇杖 UR",
    "::11::银杯葡萄酒 SR",
    "::11::红宝石发饰 SR",
    "::11::冥后偶像海报 SR",
    "::142::哥特风蕾丝眼罩 R",
    "::142::哈迪斯（偶像ver.）写真集 R",
    "::142::哈迪斯亚克力周边 R",
    "::142::一小撮金羊毛 R",
    "::142::弓箭手专用八倍镜 R",
    "::142::未开封的盲盒 R",
    "::120::牛角帽 N",
    "::120::催眠麦克风 N",
    "::120::沾着山羊毛的蟒蛇鳞片 N",
    "::120::狮鹫的羽毛 N",
    "::120::天马座圣衣神话典藏版 N",
    "::3::娘娘特制手工御灵士手办 UR",
    "::3::太阳模型暖手宝 UR",
    "::11::演武100胜纪念章 SR",
    "::11::长颈鹿抱枕 SR",
    "::11::纯手工制作的衣服 SR",
    "::142::桃木手杖 R",
    "::142::着火的羽毛 R",
    "::142::《星河诸雄传说（漫画版）》 R",
    "::142::息壤 R",
    "::120::心形贴纸·左 N",
    "::120::心形贴纸-右 N",
    "::120::电子鞭炮 N",
    "::11::蓝色史莱姆 SR",
    "::3::金色史莱姆 UR",
    "::120::PSV N",
    "::11::青春的金苹果 SR",
    "::142::珍藏的松果 R",
    "::11::实质化的嫉妒 SR",
    "::3::不祥的乌鸦摆件 UR",
    "::3::八尺琼勾玉 UR",
    "::11::阻燃防护服 SR",
    "::120::沾满不明液体的半截黄瓜 N",
    "::3::三叉戟 UR",
    "::11::教鞭 SR",
    "::3::魔法水晶球 UR",
    "::3::凤凰翎羽 UR",
    "::3::两只拉车的山羊 UR",
    "::3::无敌药水（持续5秒） UR",
    "::11::系刀的挂绳 SR",
    "::11::爱神之箭 SR",
    "::11::大号利维坦玩偶 SR",
    "::142::《德古拉》原稿 R",
    "::120::南瓜灯笼 N",
    "::120::店铺特供优惠券 N",
    "::120::拥有治愈功效的山羊奶 N",
    "::3::属于得意之作的鲜插花 UR",
    "::3::月亮形状的挂饰 UR",
    "::3::鹰羽发饰 UR",
    "::11::具危险性的榭寄生 SR",
    "::11::盲目的黑暗之眼 SR",
    "::11::刀剑养护套装 SR",
    "::142::破旧的炼药锅 R",
    "::120::破旧的故事书 N",
    "::120::年假批准单 N",
    "::3::包子白吃券 UR",
    "::3::红茶（绝对好喝！） UR",
    "::11::时之剑•过去 SR",
    "::11::时之杖•现在 SR",
    "::11::时之铳•未来 SR",
    "::11::狗咬胶 SR",
    "::142::巫女服 R",
    "::142::战舰撞角 R",
    "::120::请假条 N",
    "::120::玻璃丝编织线 N",
    "::3::太阳能长明灯 UR",
    "::3::葱绿色刀柄的镰刀 UR",
    "::11::5月17日的日记 SR",
    "::3::埃及风懒人沙发 UR",
    "::11::荷鲁斯高清写真 SR",
    "::142::猫薄荷 R",
    "::142::全自动答题器 R",
    "::142::美丽的蓝色鸟类羽毛 R",
    "::11::严丝合缝的拼图 SR",
    "::11::砝码套组 SR",
    "::11::悬浮飞刀 SR",
    "::11::半瓶生命恢复药水 SR",
    "::11::鱼尾睡袋 SR",
    "::11::装着各种液体的水瓶 SR",
    "::11::色情漫画 SR",
    "::11::金羊毛 SR",
    "::11::考究的钱包 SR",
    "::11::提线小人偶 SR",
    "::11::泡泡龙卡带 SR",
    "::11::LV包包 SR",
    "::11::过期的哔哩哔哩大会员 SR",
    "::11::失效的头像挂件 SR",
    "::3::剑玉 UR",
    "::11::五水合硫酸铜试管形挂件 SR",
    "::3::坐在头上的大白鹅 UR",
    "::11::自制蝎毒解毒剂 SR",
    "::11::有医学书的低矮柜子 SR",
    "::142::美丽的粉色鸟类羽毛 R",
    "::3::黑白角龙 UR",
    "::11::火焰剑 SR",
    "::11::助眠熏香 SR",
    "::3::涂满了意识流图像的儿童绘本 UR",
    "::3::珀耳塞福涅成长相册 UR",
    "::11::文明之卷 SR",
    "::3::九霄文明史（手工绘画版） UR",
    "::3::鲲鲲加班券 UR",
    "::3::包子铺折扣券 UR",
    "::11::月兔抱枕 SR",
    "::3::包子 UR",
    "::3::大红袍 UR",
    "::3::四次元键盘腿带 UR",
    "::3::天钿 UR",
    "::3::释天 UR",
    "::3::四合如意挂饰 UR",
    "::11::破破烂烂的狗咬胶 SR",
    "::11::圣者的书 SR",
    "::11::可控核聚变反应堆 SR",
    "::11::大吟酿 SR",
    "::120::神必小布偶 N",
    "::11::工资卡 SR",
    "::3::一家四口全家福 UR",
    "::11::砗磲发夹 SR",
    "::142::一只二哈 R",
    "::11::工业防护服 SR",
    "::11::尼罗河之弓箭 SR",
    "::142::小鱼干 R",
    "::3::机械零件组合成的花束 UR",
    "::3::住满小伙伴的大帽子 UR",
    "::11::石榴籽 SR",
    "::3::玫瑰戒指 UR",
    "::3::长枪盾牌套装 UR",
    "::3::白银弓箭 UR",
    "::11::自动刷功绩的脚本 SR",
    "::11::星星小夜灯 SR",
    "::142::锉刀 R",
    "::142::《深海少女》CD R",
    "::142::虹色水晶 R",
    "::11::蛋壳摆件 SR",
    "::142::杂鱼抱枕 R",
    "::11::金字塔镇纸 SR",
    "::3::风化的石板 UR",
    "::11::三角陀螺 SR",
    "::3::刻刻帝 UR",
    "::3::灼烂歼鬼 UR",
    "::3::灭绝天使 UR",
    "::3::鏖杀公 UR",
    "::3::冰结傀儡 UR",
    "::3::圣经 UR",
    "::3::外科手术套装 UR",
    "::3::烈焰圣剑 UR",
    "::3::疫病面罩 UR",
    "::11::黑白翼背包 SR",
    "::11::亚巴顿等身抱枕 SR",
    "::11::黑卡 SR",
    "::11::不可描述的■■道具 SR",
    "::3::来自天界的管风琴 UR",
    "::11::螺旋剑手办 SR",
    "::11::不周山盆景 SR",
    "::11::包在丝质小袋子里的珍珠 SR",
    "::3::空 UR",
    "::3::儿童衣装 UR",
    "::3::VR头盔 UR",
    "::11::契约棋子 SR",
    "::3::太阳能电池 UR",
    "::3::御用短弓 UR",
    "::11::奇怪的石板 SR",
    "::3::奇怪的绿色小章鱼 UR",
    "::3::闪着神秘辉光的骰子 UR",
    "::3::古朴的钥匙 UR",
    "::11::不停歇的雪花水晶球 SR",
    "::11::无法熄灭的提灯 SR",
    "::11::精致烟斗 SR",
    "::11::藏式牧牛杖 SR",
    "::11::鎏金算盘 SR",
    "::11::魔法药水瓶 SR",
    "::11::玉玺 SR",
    "::11::袖箭 SR",
    "::11::偃月刀 SR",
    "::11::摇铃首饰 SR",
    "::11::定时闹钟 SR",
    "::11::戒尺 SR",
    "::11::桃木剑 SR",
    "::11::猪猪抱枕 SR",
    "::3::疑似情书的稿纸 UR",
    "::3::彩虹桥号角 UR",
    "::3::野猪挂件 UR",
    "::11::瓦利的弓箭 SR",
    "::11::破碎的战争之剑 SR",
    "::3::魔法海螺 UR",
    "::3::龙骨碎片 UR",
    "::3::罂粟药水瓶 UR",
    "::11::鲑鱼鱼生 SR",
    "::11::一万吨情书 SR",
    "::11::凯尔特诗歌集 SR",
    "::3::天眼系统终端 UR",
    "::11::开锋的长剑 SR",
    "::11::天文望远镜 SR",
    "::142::蛇的标本 R",
    "::3::避雷针 UR",
    "::3::莲花盆景 UR",
    "::11::四弦琵琶 SR",
    "::11::油纸伞 SR",
    "::142::《聊斋志异》 R",
    "::3::光玉 UR",
    "::3::爱心便当 UR",
    "::3::蕾丝发带 UR",
    "::3::木刻海星 UR",
    "::3::玩偶熊 UR",
    "::11::彩陶动物摆件 SR",
    "::11::深渊特产锁链（已损坏） SR",
    "::11::颈椎按摩仪 SR",
    "::3::威严之竖琴 UR",
    "::3::一盒火柴 UR",
    "::3::封印着迷雾的水晶球 UR",
    "::3::黄印 UR",
    "::3::火山小夜灯 UR",
    "::11::昏睡特制茶 SR",
    "::3::大太刀 UR",
    "::11::眼药水 SR",
    "::3::指向午夜的吊钟 UR",
    "::11::罂粟花 SR",
    "::11::死神镰刀 SR",
    "::11::悟之果实 SR",
    "::3::金苹果 UR",
    "::3::步枪 UR",
    "::3::军大衣 UR",
    "::3::晨星法杖 UR",
    "::11::塔罗牌·正义 SR",
    "::11::十八磅三层夹心蛋糕 SR",
    "::142::蠕动的触手衣装 R",
    "::11::自带说明书的停滞块 SR",
    "::3::《五百年高考，三百年模拟》 UR",
    "::3::护国的要石 UR",
    "::3::妒火手镜 UR",
    "::11::原初之玉 SR",
    "::11::小刀 SR",
    "::3::食物源源不断的魔法锅 UR",
    "::11::圣杯 SR",
    "::11::奖杯 SR",
    "::3::精心栽培的花 UR",
    "::3::小缕金发 UR",
    "::11::四牛车犁 SR",
    "::11::小纸人 SR",
    "::3::生死簿 UR",
    "::11::狂战斧 SR",
    "::11::钢铁片羽 SR",
    "::3::好吃的苹果 UR",
    "::3::缩小药水和变大蛋糕 UR",
    "::11::装满法棍的竹篮 SR",
    "::11::幸运四叶草 SR",
    "::11::巧克力蛋糕 SR",
    "::3::《水神克塔亚特》一书 UR",
    "::11::懒人毛毯（可防核弹） SR",
    "::3::豆芽菜 UR",
    "::3::十万元 UR",
    "::3::大颗寿司 UR",
    "::3::护盾生成器 UR",
    "::11::圣甲虫挂件 SR",
    "::3::提比 UR",
    "::3::奥数习题 UR",
    "::3::M1911A1 UR",
    "::3::抹茶味的和果子 UR",
    "::3::奶盖卡布奇诺 UR",
    "::3::包子餐车 UR",
    "::11::金萝卜 SR",
    "::11::捣药杵 SR",
    "::3::带护手的骑枪 UR",
    "::3::珠宝首饰盒 UR",
    "::11::可以习得地狱烈焰的魔法书 SR",
    "::11::六法全书 SR",
    "::3::EX咖喱棒 UR",
    "::3::沉底的湖光 UR",
    "::11::羽毛枕头的羽毛 SR",
    "::11::四色指环 SR",
    "::11::瑶草 SR",
    "::3::黄金竖琴 UR",
    "::11::纺锤 SR",
    "::11::卷尺 SR",
    "::3::裁缝剪 UR",
    "::3::冰糖 UR",
    "::3::生鸡蛋 UR",
    "::120::冬百大米 N",
    "::3::大葱 UR",
    "::3::红豆馅料 UR",
    "::3::一杯苏摩酒 UR",
    "::11::带血的人眼珠 SR",
    "::11::弑君者兔子玩偶 SR",
    "::3::血红色的预言书 UR",
    "::11::光之护封剑 SR",
    "::3::用来摸的鲑鱼玩偶 UR",
    "::11::急速披风 SR",
    "::3::草莓大福 UR",
    "::3::相当舒适的寝具 UR",
    "::11::漂亮的号角 SR",
    "::11::一盆小花花 SR",
    "::3::巨大到能陷进去的靠垫 UR",
    "::3::一组电影票 UR",
    "::3::准备给妹妹们的福袋 UR",
    "::3::原素瓶+10 UR",
    "::3::折叠式睡袋 UR",
    "::3::猫咪绘本 UR",
    "::3::消音器 UR",
    "::11::蚀骨之鬼泉 SR",
    "::11::终末的炎刃 SR",
    "::11::八荒之战痕 SR",
    "::11::破碎的血蝶 SR",
    "::32::只有一只的混沌短袜 量产型",
    "::32::沾满混沌气息的口球 量产型",
    "::32::被混沌侵蚀的伞 量产型",
    "::32::混沌的兔耳帽子 量产型"
  ],
  "_奇迹收集品": [
    "::3::假笑面具 UR",
    "::3::精装狗粮 UR",
    "::68::泡面叉子 SR",
    "::3::长烟枪 UR",
    "::68::陶俑 SR",
    "::68::珍藏鬼杀酒 SR",
    "::68::琼枝玉树发簪 SR",
    "::68::装满零食的冰箱 SR",
    "::3::蛇杖 UR",
    "::68::银杯葡萄酒 SR",
    "::68::红宝石发饰 SR",
    "::68::冥后偶像海报 SR",
    "::3::娘娘特制手工御灵士手办 UR",
    "::3::太阳模型暖手宝 UR",
    "::68::演武100胜纪念章 SR",
    "::68::长颈鹿抱枕 SR",
    "::68::纯手工制作的衣服 SR",
    "::68::蓝色史莱姆 SR",
    "::3::金色史莱姆 UR",
    "::68::青春的金苹果 SR",
    "::68::实质化的嫉妒 SR",
    "::3::不祥的乌鸦摆件 UR",
    "::3::八尺琼勾玉 UR",
    "::68::阻燃防护服 SR",
    "::3::三叉戟 UR",
    "::68::教鞭 SR",
    "::3::魔法水晶球 UR",
    "::3::凤凰翎羽 UR",
    "::3::两只拉车的山羊 UR",
    "::3::无敌药水（持续5秒） UR",
    "::68::系刀的挂绳 SR",
    "::68::爱神之箭 SR",
    "::68::大号利维坦玩偶 SR",
    "::3::属于得意之作的鲜插花 UR",
    "::3::月亮形状的挂饰 UR",
    "::3::鹰羽发饰 UR",
    "::68::具危险性的榭寄生 SR",
    "::68::盲目的黑暗之眼 SR",
    "::68::刀剑养护套装 SR",
    "::3::包子白吃券 UR",
    "::3::红茶（绝对好喝！） UR",
    "::68::时之剑•过去 SR",
    "::68::时之杖•现在 SR",
    "::68::时之铳•未来 SR",
    "::68::狗咬胶 SR",
    "::3::太阳能长明灯 UR",
    "::3::葱绿色刀柄的镰刀 UR",
    "::68::5月17日的日记 SR",
    "::3::埃及风懒人沙发 UR",
    "::68::荷鲁斯高清写真 SR",
    "::68::严丝合缝的拼图 SR",
    "::68::砝码套组 SR",
    "::68::悬浮飞刀 SR",
    "::68::半瓶生命恢复药水 SR",
    "::68::鱼尾睡袋 SR",
    "::68::装着各种液体的水瓶 SR",
    "::68::色情漫画 SR",
    "::68::金羊毛 SR",
    "::68::考究的钱包 SR",
    "::68::提线小人偶 SR",
    "::68::泡泡龙卡带 SR",
    "::68::LV包包 SR",
    "::68::过期的哔哩哔哩大会员 SR",
    "::68::失效的头像挂件 SR",
    "::3::剑玉 UR",
    "::68::五水合硫酸铜试管形挂件 SR",
    "::3::坐在头上的大白鹅 UR",
    "::68::自制蝎毒解毒剂 SR",
    "::68::有医学书的低矮柜子 SR",
    "::3::黑白角龙 UR",
    "::68::火焰剑 SR",
    "::68::助眠熏香 SR",
    "::3::涂满了意识流图像的儿童绘本 UR",
    "::3::珀耳塞福涅成长相册 UR",
    "::68::文明之卷 SR",
    "::3::九霄文明史（手工绘画版） UR",
    "::3::鲲鲲加班券 UR",
    "::3::包子铺折扣券 UR",
    "::68::月兔抱枕 SR",
    "::3::包子 UR",
    "::3::大红袍 UR",
    "::3::四次元键盘腿带 UR",
    "::3::天钿 UR",
    "::3::释天 UR",
    "::3::四合如意挂饰 UR",
    "::68::破破烂烂的狗咬胶 SR",
    "::68::圣者的书 SR",
    "::68::可控核聚变反应堆 SR",
    "::68::大吟酿 SR",
    "::68::工资卡 SR",
    "::3::一家四口全家福 UR",
    "::68::砗磲发夹 SR",
    "::68::工业防护服 SR",
    "::68::尼罗河之弓箭 SR",
    "::3::机械零件组合成的花束 UR",
    "::3::住满小伙伴的大帽子 UR",
    "::68::石榴籽 SR",
    "::3::玫瑰戒指 UR",
    "::3::长枪盾牌套装 UR",
    "::3::白银弓箭 UR",
    "::68::自动刷功绩的脚本 SR",
    "::68::星星小夜灯 SR",
    "::68::蛋壳摆件 SR",
    "::68::金字塔镇纸 SR",
    "::3::风化的石板 UR",
    "::68::三角陀螺 SR",
    "::3::刻刻帝 UR",
    "::3::灼烂歼鬼 UR",
    "::3::灭绝天使 UR",
    "::3::鏖杀公 UR",
    "::3::冰结傀儡 UR",
    "::3::圣经 UR",
    "::3::外科手术套装 UR",
    "::3::烈焰圣剑 UR",
    "::3::疫病面罩 UR",
    "::68::黑白翼背包 SR",
    "::68::亚巴顿等身抱枕 SR",
    "::68::黑卡 SR",
    "::68::不可描述的■■道具 SR",
    "::3::来自天界的管风琴 UR",
    "::68::螺旋剑手办 SR",
    "::68::不周山盆景 SR",
    "::68::包在丝质小袋子里的珍珠 SR",
    "::3::空 UR",
    "::3::儿童衣装 UR",
    "::3::VR头盔 UR",
    "::68::契约棋子 SR",
    "::3::太阳能电池 UR",
    "::3::御用短弓 UR",
    "::68::奇怪的石板 SR",
    "::3::奇怪的绿色小章鱼 UR",
    "::3::闪着神秘辉光的骰子 UR",
    "::3::古朴的钥匙 UR",
    "::68::不停歇的雪花水晶球 SR",
    "::68::无法熄灭的提灯 SR",
    "::68::精致烟斗 SR",
    "::68::藏式牧牛杖 SR",
    "::68::鎏金算盘 SR",
    "::68::魔法药水瓶 SR",
    "::68::玉玺 SR",
    "::68::袖箭 SR",
    "::68::偃月刀 SR",
    "::68::摇铃首饰 SR",
    "::68::定时闹钟 SR",
    "::68::戒尺 SR",
    "::68::桃木剑 SR",
    "::68::猪猪抱枕 SR",
    "::3::疑似情书的稿纸 UR",
    "::3::彩虹桥号角 UR",
    "::3::野猪挂件 UR",
    "::68::瓦利的弓箭 SR",
    "::68::破碎的战争之剑 SR",
    "::3::魔法海螺 UR",
    "::3::龙骨碎片 UR",
    "::3::罂粟药水瓶 UR",
    "::68::鲑鱼鱼生 SR",
    "::68::一万吨情书 SR",
    "::68::凯尔特诗歌集 SR",
    "::3::天眼系统终端 UR",
    "::68::开锋的长剑 SR",
    "::68::天文望远镜 SR",
    "::3::避雷针 UR",
    "::3::莲花盆景 UR",
    "::68::四弦琵琶 SR",
    "::68::油纸伞 SR",
    "::3::光玉 UR",
    "::3::爱心便当 UR",
    "::3::蕾丝发带 UR",
    "::3::木刻海星 UR",
    "::3::玩偶熊 UR",
    "::68::彩陶动物摆件 SR",
    "::68::深渊特产锁链（已损坏） SR",
    "::68::颈椎按摩仪 SR",
    "::3::威严之竖琴 UR",
    "::3::一盒火柴 UR",
    "::3::封印着迷雾的水晶球 UR",
    "::3::黄印 UR",
    "::3::火山小夜灯 UR",
    "::68::昏睡特制茶 SR",
    "::3::大太刀 UR",
    "::68::眼药水 SR",
    "::3::指向午夜的吊钟 UR",
    "::68::罂粟花 SR",
    "::68::死神镰刀 SR",
    "::68::悟之果实 SR",
    "::3::金苹果 UR",
    "::3::步枪 UR",
    "::3::军大衣 UR",
    "::3::晨星法杖 UR",
    "::68::塔罗牌·正义 SR",
    "::68::十八磅三层夹心蛋糕 SR",
    "::68::自带说明书的停滞块 SR",
    "::3::《五百年高考，三百年模拟》 UR",
    "::3::护国的要石 UR",
    "::3::妒火手镜 UR",
    "::68::原初之玉 SR",
    "::68::小刀 SR",
    "::3::食物源源不断的魔法锅 UR",
    "::68::圣杯 SR",
    "::68::奖杯 SR",
    "::3::精心栽培的花 UR",
    "::3::小缕金发 UR",
    "::68::四牛车犁 SR",
    "::68::小纸人 SR",
    "::3::生死簿 UR",
    "::68::狂战斧 SR",
    "::68::钢铁片羽 SR",
    "::3::好吃的苹果 UR",
    "::3::缩小药水和变大蛋糕 UR",
    "::68::装满法棍的竹篮 SR",
    "::68::幸运四叶草 SR",
    "::68::巧克力蛋糕 SR",
    "::3::《水神克塔亚特》一书 UR",
    "::68::懒人毛毯（可防核弹） SR",
    "::3::豆芽菜 UR",
    "::3::十万元 UR",
    "::3::大颗寿司 UR",
    "::3::护盾生成器 UR",
    "::68::圣甲虫挂件 SR",
    "::3::提比 UR",
    "::3::奥数习题 UR",
    "::3::M1911A1 UR",
    "::3::抹茶味的和果子 UR",
    "::3::奶盖卡布奇诺 UR",
    "::3::包子餐车 UR",
    "::68::金萝卜 SR",
    "::68::捣药杵 SR",
    "::3::带护手的骑枪 UR",
    "::3::珠宝首饰盒 UR",
    "::68::可以习得地狱烈焰的魔法书 SR",
    "::68::六法全书 SR",
    "::3::EX咖喱棒 UR",
    "::3::沉底的湖光 UR",
    "::68::羽毛枕头的羽毛 SR",
    "::68::四色指环 SR",
    "::68::瑶草 SR",
    "::3::黄金竖琴 UR",
    "::68::纺锤 SR",
    "::68::卷尺 SR",
    "::3::裁缝剪 UR",
    "::3::冰糖 UR",
    "::3::生鸡蛋 UR",
    "::3::大葱 UR",
    "::3::红豆馅料 UR",
    "::3::一杯苏摩酒 UR",
    "::68::带血的人眼珠 SR",
    "::68::弑君者兔子玩偶 SR",
    "::3::血红色的预言书 UR",
    "::68::光之护封剑 SR",
    "::3::用来摸的鲑鱼玩偶 UR",
    "::68::急速披风 SR",
    "::3::草莓大福 UR",
    "::3::相当舒适的寝具 UR",
    "::68::漂亮的号角 SR",
    "::68::一盆小花花 SR",
    "::3::巨大到能陷进去的靠垫 UR",
    "::3::一组电影票 UR",
    "::3::准备给妹妹们的福袋 UR",
    "::3::原素瓶+10 UR",
    "::3::折叠式睡袋 UR",
    "::3::猫咪绘本 UR",
    "::3::消音器 UR",
    "::68::蚀骨之鬼泉 SR",
    "::68::终末的炎刃 SR",
    "::68::八荒之战痕 SR",
    "::68::破碎的血蝶 SR",
    "::58::只有一只的混沌短袜 量产型",
    "::58::沾满混沌气息的口球 量产型",
    "::58::被混沌侵蚀的伞 量产型",
    "::58::混沌的兔耳帽子 量产型"
  ],
  "收集品": [ "[$t玩家]抽出了{_普通收集品}。" ],
  "十连收集品": [ "[$t玩家]抽出了{_普通收集品}，{_普通收集品}，{_普通收集品}，{_普通收集品}，{_普通收集品}，{_普通收集品}，{_普通收集品}，{_普通收集品}，{_普通收集品}，{_奇迹收集品}。" ],
  "_掉落道具": [
    "::52::秩序之契 N",
    "::52::中立之契 N",
    "::52::混乱之契 N",
    "::52::恶灵爪子 N",
    "::52::道符 N",
    "::52::被束缚的灵魂 N",
    "::52::食尸鬼的粘液 N",
    "::52::地狱犬牙 N",
    "::52::百变素材模型Lv.1 N",
    "::52::暗淡的水结晶 N",
    "::52::暗淡的火结晶 N",
    "::52::暗淡的风结晶 N",
    "::52::暗淡的土结晶 N",
    "::52::暗淡的光结晶 N",
    "::52::暗淡的暗结晶 N",
    "::52::暗淡的自然结晶 N",
    "::52::技能模组Lv.1 N",
    "::52::时间晶体×50 N",
    "::52::能量晶石×50 N",
    "::52::陨铁×5 N",
    "::52::玩具钱币×5 N",
    "::52::古希腊钱币×5 N",
    "::52::粉红触须×5 N",
    "::52::灵魂之火×5 N",
    "::52::信仰灵光×5 N",
    "::52::古籍残章×5 N",
    "::52::樱花瓣×5 N",
    "::52::光辉石×5 N",
    "::52::星砂×5 N",
    "::52::雪球×5 N",
    "::52::梅花×5 N",
    "::52::福气×5 N",
    "::52::原初之壤×5 N",
    "::52::中庭之蛇的鳞片×5 N",
    "::52::探索手记×5 N",
    "::52::糖果×5 N",
    "::52::巧果×5 N",
    "::52::灵巧×5 N",
    "::52::诗文断章×5 N",
    "::52::神话点数×5 N",
    "::52::宝慧琵琶×5 N",
    "::52::慧剑×5 N",
    "::52::混元伞×5 N",
    "::52::赤龙×5 N",
    "::52::菩提×5 N",
    "::52::圣诞袜×5 N",
    "::52::银色徽章×5 N",
    "::52::巧克力×5 N",
    "::52::调查记录×5 N",
    "::52::便当×5 N",
    "::52::渡鸦之羽×5 N",
    "::52::瑶草×5 N",
    "::52::月饼×5 N",
    "::52::图纸×5 N",
    "::52::建造点×5 N",
    "::52::手作贴纸×5 N",
    "::52::九霄印记×5 N",
    "::70::凤凰翎羽 R",
    "::70::人造心脏 R",
    "::70::蠕动的触须 R",
    "::70::史莱喵结晶 R",
    "::70::破损的三叉戟 R",
    "::70::黯淡五彩石 R",
    "::70::八盐折之酒 R",
    "::70::食尸鬼牙齿 R",
    "::70::溢血的酒杯 R",
    "::70::骨刃 R",
    "::70::巨人指环 R",
    "::70::百变素材模型Lv.2 R",
    "::70::明亮的水结晶 R",
    "::70::明亮的火结晶 R",
    "::70::明亮的风结晶 R",
    "::70::明亮的土结晶 R",
    "::70::明亮的光结晶 R",
    "::70::明亮的暗结晶 R",
    "::70::明亮的自然结晶 R",
    "::70::技能模组Lv.2 R",
    "::70::箱庭盆栽Lv.1 R",
    "::70::猫耳发箍Lv.1 R",
    "::70::等身大抱枕Lv.1 R",
    "::70::慕斯蛋糕Lv.1 R",
    "::70::鲱鱼罐头Lv.1 R",
    "::70::埃尔特顿破片Lv.1 R",
    "::70::蓝钻Lv.1 R",
    "::70::白银匕首Lv.1 R",
    "::70::手持粒子炮Lv.1 R",
    "::70::全息资料集Lv.1 R",
    "::70::故事书Lv.1 R",
    "::70::时间晶体×100 R",
    "::70::能量晶石×100 R",
    "::70::陨铁×10 R",
    "::70::玩具钱币×10 R",
    "::70::古希腊钱币×10 R",
    "::70::粉红触须×10 R",
    "::70::灵魂之火×10 R",
    "::70::信仰灵光×10 R",
    "::70::古籍残章×10 R",
    "::70::樱花瓣×10 R",
    "::70::光辉石×10 R",
    "::70::星砂×10 R",
    "::70::雪球×10 R",
    "::70::梅花×10 R",
    "::70::福气×10 R",
    "::70::原初之壤×10 R",
    "::70::中庭之蛇的鳞片×10 R",
    "::70::探索手记×10 R",
    "::70::糖果×10 R",
    "::70::巧果×10 R",
    "::70::灵巧×10 R",
    "::70::诗文断章×10 R",
    "::70::神话点数×10 R",
    "::70::宝慧琵琶×10 R",
    "::70::慧剑×10 R",
    "::70::混元伞×10 R",
    "::70::赤龙×10 R",
    "::70::菩提×10 R",
    "::70::圣诞袜×10 R",
    "::70::银色徽章×10 R",
    "::70::巧克力×10 R",
    "::70::调查记录×10 R",
    "::70::便当×10 R",
    "::70::渡鸦之羽×10 R",
    "::70::瑶草×10 R",
    "::70::月饼×10 R",
    "::70::图纸×10 R",
    "::70::建造点×10 R",
    "::70::手作贴纸×10 R",
    "::70::九霄印记×10 R",
    "::20::冰之心 SR",
    "::20::女武神之泪 SR",
    "::20::世界树的嫩芽 SR",
    "::20::狂人书册 SR",
    "::20::金苹果果核 SR",
    "::20::气象石 SR",
    "::20::漆黑的宝玉 SR",
    "::20::彩虹桥碎片 SR",
    "::20::灭绝的毒针 SR",
    "::20::暗月之誓 SR",
    "::20::能量芯片 SR",
    "::20::百变素材模型Lv.3 SR",
    "::20::闪耀的水结晶 SR",
    "::20::闪耀的火结晶 SR",
    "::20::闪耀的风结晶 SR",
    "::20::闪耀的土结晶 SR",
    "::20::闪耀的光结晶 SR",
    "::20::闪耀的暗结晶 SR",
    "::20::闪耀的自然结晶 SR",
    "::20::技能模组Lv.3 SR",
    "::20::熊猫礼物盒 SR",
    "::20::箱庭盆栽Lv.2 SR",
    "::20::猫耳发箍Lv.2 SR",
    "::20::等身大抱枕Lv.2 SR",
    "::20::慕斯蛋糕Lv.2 SR",
    "::20::鲱鱼罐头Lv.2 SR",
    "::20::埃尔特顿破片Lv.2 SR",
    "::20::蓝钻Lv.2 SR",
    "::20::白银匕首Lv.2 SR",
    "::20::手持粒子炮Lv.2 SR",
    "::20::全息资料集Lv.2 SR",
    "::20::故事书Lv.2 SR",
    "::20::尘封的天照文档 SR",
    "::20::时间晶体×250 SR",
    "::20::能量晶石×250 SR",
    "::20::陨铁×25 SR",
    "::20::玩具钱币×25 SR",
    "::20::古希腊钱币×25 SR",
    "::20::粉红触须×25 SR",
    "::20::灵魂之火×25 SR",
    "::20::信仰灵光×25 SR",
    "::20::古籍残章×25 SR",
    "::20::樱花瓣×25 SR",
    "::20::光辉石×25 SR",
    "::20::星砂×25 SR",
    "::20::雪球×25 SR",
    "::20::梅花×25 SR",
    "::20::福气×25 SR",
    "::20::原初之壤×25 SR",
    "::20::中庭之蛇的鳞片×25 SR",
    "::20::探索手记×25 SR",
    "::20::糖果×25 SR",
    "::20::巧果×25 SR",
    "::20::灵巧×25 SR",
    "::20::诗文断章×25 SR",
    "::20::神话点数×25 SR",
    "::20::宝慧琵琶×25 SR",
    "::20::慧剑×25 SR",
    "::20::混元伞×25 SR",
    "::20::赤龙×25 SR",
    "::20::菩提×25 SR",
    "::20::圣诞袜×25 SR",
    "::20::银色徽章×25 SR",
    "::20::巧克力×25 SR",
    "::20::调查记录×25 SR",
    "::20::便当×25 SR",
    "::20::渡鸦之羽×25 SR",
    "::20::瑶草×25 SR",
    "::20::月饼×25 SR",
    "::20::图纸×25 SR",
    "::20::建造点×25 SR",
    "::20::手作贴纸×25 SR",
    "::20::九霄印记×25 SR",
    "::10::超物质 UR",
    "::10::灵核芯片 UR",
    "::10::雪兔礼物盒 UR",
    "::10::太阳宝玉 UR",
    "::10::雪见大福 UR",
    "::10::试炼的传承 UR",
    "::10::试炼的传承·伪 UR",
    "::10::时间晶体×500 UR",
    "::10::能量晶石×500 UR",
    "::10::陨铁×50 UR",
    "::10::玩具钱币×50 UR",
    "::10::古希腊钱币×50 UR",
    "::10::粉红触须×50 UR",
    "::10::灵魂之火×50 UR",
    "::10::信仰灵光×50 UR",
    "::10::古籍残章×50 UR",
    "::10::樱花瓣×50 UR",
    "::10::光辉石×50 UR",
    "::10::星砂×50 UR",
    "::10::雪球×50 UR",
    "::10::梅花×50 UR",
    "::10::福气×50 UR",
    "::10::原初之壤×50 UR",
    "::10::中庭之蛇的鳞片×50 UR",
    "::10::探索手记×50 UR",
    "::10::糖果×50 UR",
    "::10::巧果×50 UR",
    "::10::灵巧×50 UR",
    "::10::诗文断章×50 UR",
    "::10::神话点数×50 UR",
    "::10::宝慧琵琶×50 UR",
    "::10::慧剑×50 UR",
    "::10::混元伞×50 UR",
    "::10::赤龙×50 UR",
    "::10::菩提×50 UR",
    "::10::圣诞袜×50 UR",
    "::10::银色徽章×50 UR",
    "::10::巧克力×50 UR",
    "::10::调查记录×50 UR",
    "::10::便当×50 UR",
    "::10::渡鸦之羽×50 UR",
    "::10::瑶草×50 UR",
    "::10::月饼×50 UR",
    "::10::图纸×50 UR",
    "::10::建造点×50 UR",
    "::10::手作贴纸×50 UR",
    "::10::九霄印记×50 UR",
    "::34::仰望星空的杂鱼头 彩蛋",
    "::34::奇怪的图透翅膀 彩蛋",
    "::34::属性图标挂件一套 彩蛋",
    "::34::阵营图标摆件一套 彩蛋"
  ],
  "掉落道具": [ "[$t玩家]获得了道具：{_掉落道具}。" ],
  "十连掉落道具": [ "[$t玩家]获得了道具：{_掉落道具}，{_掉落道具}，{_掉落道具}，{_掉落道具}，{_掉落道具}，{_掉落道具}，{_掉落道具}，{_掉落道具}，{_掉落道具}，{_掉落道具}。" ]
}

