﻿{
  "_title": [ "拼接兽牌堆" ],
  "_author": [ "于言诺（3406451799）" ],
  "_date": [ "2022/7/25" ],
  "_version": [ "1.0.1" ],
  "_updateDate": [ "2022/8/16" ],
  "_brief": [ "总之姑且做了一个 已经适配了豹所以请别的骰系的发挥一下自己的diy能力不要无谓的加长你的key；8.16更新：添加了_keys字段" ],
  "_keys": ["拼接兽"],
  "总列表": [
    "人",
    "蛇",
    "猫",
    "虎",
    "狮",
    "狗",
    "鬣狗",
    "牛",
    "鹰",
    "秃鹫",
    "骆驼",
    "鹿",
    "乌鸦",
    "美洲豹",
    "黑豹",
    "猎豹",
    "花豹",
    "雪豹",
    "熊猫",
    "黑熊",
    "棕熊",
    "北极熊",
    "红隼",
    "蝙蝠",
    "猫头鹰",
    "树人",
    "恶魔",
    "绵羊",
    "山羊",
    "羚羊",
    "羚牛",
    "天使",
    "长颈鹿",
    "盘羊",
    "鸽子",
    "海蛇",
    "鲨鱼",
    "鹦鹉螺",
    "蜥蜴",
    "鬣蜥"
  ],
  "有翅膀": [
    "鹰",
    "秃鹫",
    "乌鸦",
    "红隼",
    "蝙蝠",
    "猫头鹰",
    "恶魔",
    "天使",
    "鸽子"
  ],
  "有腿": [
    "人",
    "猫",
    "虎",
    "狮",
    "狗",
    "鬣狗",
    "牛",
    "鹰",
    "秃鹫",
    "骆驼",
    "鹿",
    "乌鸦",
    "美洲豹",
    "黑豹",
    "猎豹",
    "花豹",
    "雪豹",
    "熊猫",
    "黑熊",
    "棕熊",
    "北极熊",
    "红隼",
    "蝙蝠",
    "猫头鹰",
    "树人",
    "恶魔",
    "绵羊",
    "山羊",
    "羚羊",
    "羚牛",
    "天使",
    "长颈鹿",
    "鸽子",
    "盘羊",
    "蜥蜴",
    "鬣蜥"
  ],
  "有角": [
    "鹿",
    "牛",
    "恶魔",
    "绵羊",
    "山羊",
    "羚羊",
    "羚牛",
    "长颈鹿",
    "龙",
    "盘羊"
  ],
  "随机部位": [
    "身体侧面的{%总列表}头",
    "长在掌心的{%总列表}嘴",
    "长在尾尖的{%总列表}头",
    "踏着{%总列表}",
    "脖子上挂着{%总列表}的头颅",
    "具有圣洁的氛围",
    "具有恶魔般的氛围",
    "环绕着火焰",
    "环绕着雷电",
    "环绕着冰雪",
    "环绕着尘暴",
    "环绕着飓风",
    "役使着奇异的念力",
    "操纵着他人的感知"
  ],
  "拼接兽头": [
    "::8::{%总列表}头\n",
    "::5::{%总列表}头与{%总列表}头\n",
    "::3::{%总列表}头、{%总列表}头与{%总列表}头\n",
    "::2::{%总列表}头、{%总列表}头、{%总列表}头与{%总列表}头\n",
    "::1::{%总列表}头、{%总列表}头、{%总列表}头、{%总列表}头与{%总列表}头\n",
    "::1::"
  ],
  "拼接兽身": [
    "::17::{%总列表}身\n",
    "::3::"
  ],
  "拼接兽前腿": [
    "::14::{%有腿}前肢\n",
    "::3::{%有腿}前肢与{%有腿}前肢\n",
    "::3::"
  ],
  "拼接兽后腿": [
    "::14::{%有腿}后肢\n",
    "::3::{%有腿}后肢与{%有腿}后肢\n",
    "::3::"
  ],
  "拼接兽翅膀": [
    "::6::{%有翅膀}翼\n",
    "::3::{%有翅膀}翼与{%有翅膀}翼\n",
    "::1::{%有翅膀}翼、{%有翅膀}翼与{%有翅膀}翼\n",
    "::10::"
  ],
  "拼接兽角": [
    "::6::{%有角}角\n",
    "::3::{%有角}角与{%有角}角\n",
    "::1::{%有角}角、{%有角}角与{%有角}角\n",
    "::10::"
  ],
  "拼接兽尾": [
    "::11::{%总列表}尾\n",
    "::3::{%总列表}尾与{%总列表}尾\n",
    "::3::{%总列表}尾、{%总列表}尾与{%总列表}尾\n",
    "::3::"
  ],
  "拼接兽随机部位": [ "::5::{%随机部位}", "::15::" ],
  "拼接兽": [ "[$t玩家]的拼接兽或许长这样：\n{%拼接兽头}{%拼接兽身}{%拼接兽前腿}{%拼接兽后腿}{%拼接兽翅膀}{%拼接兽角}{%拼接兽尾}{%拼接兽随机部位}" ]
}