﻿{
  "_title": [ "端午粽子" ],
  "_author": [ "于言诺" ],
  "_date": [ "2022/6/3" ],
  "_version": [ "1.0.1" ],
  "_updateDate": [ "2022/8/16" ],
  "_brief": [ "祝大噶都有得合口味的粽子恰！以及，粽子抄的是淘宝随便搜一搜的结果，so看到什么想试试的口味可以直接淘宝！8.16更新：添加了_keys字段。" ],
  "_keys": ["端午粽子"],
  "_粽子口味": [
    "蛋黄鲜肉粽",
    "鲜肉粽",
    "蜜枣粽",
    "豆沙粽",
    "八宝粽",
    "黑米粽",
    "火腿粽",
    "梅干菜肉粽",
    "腐乳肉粽",
    "白水粽",
    "抹茶茉莉水晶粽",
    "芝士蔓越莓水晶粽",
    "蛋黄肉松水晶粽",
    "芒果西柚水晶粽",
    "紫薯水晶粽",
    "红豆水晶粽",
    "栗子肉粽",
    "红豆粽",
    "黑芝麻核桃粽",
    "鸡腿粽",
    "竹筒粽",
    "裹蒸粽"
  ],
  "_粽绳颜色": [
    "红色绳子",
    "红白色绳子",
    "蓝色绳子",
    "蓝白色绳子",
    "绿色绳子",
    "绿白色绳子",
    "白色绳子"
  ],
  "端午粽子": [ "[$t玩家]掀开锅盖，看到一个缠着{%_粽绳颜色}的粽子：\n这是{%_粽子口味}！" ]
}