﻿{
  "_title": [ "古希腊神祗" ],
  "_author": [ "于言诺（3406451799），太初" ],
  "_date": [ "2022/5/20" ],
  "_version": [ "1.0.1" ],
  "_updateDate": [ "2022/8/16" ],
  "_brief": [ "不得不说我很震惊居然有两个keluonuosi。确实是不一样的倒是。以及感谢太初对这个数据的贡献，如果发现这个堆有问题来找。8.16更新：添加了_keys字段。" ],
  "_keys": [ "古希腊神祗" ],
  "_古希腊神祗": [
    "Aφροδίτη (Aphroditē)，阿芙洛狄忒\n代表爱、性趣、美丽、诱惑以及乐趣的女神。她的丈夫是赫菲斯托斯，同时也周旋于很多情夫之间，其中最有名的是阿瑞斯。她常被描绘为被其子厄洛斯跟随的美丽女子。她的代表物包括鸽子、苹果、扇贝贝壳和香桃木花环。",
    "Aπόλλων (Apollō)，阿波罗\n音乐、愈合、瘟疫、预言、诗歌和箭术之神；同时代表光明和真实。他是阿尔忒弥斯的孪生弟弟，宙斯和勒托之子。他常被描绘成一个英俊无须的长发青年，他常常头戴月桂树枝做的桂冠，手持弓箭和箭袋或里拉琴，有的时候他的身旁会有其的代表兽乌鸦。",
    "Άρης (Arēs)，阿瑞斯\n战神，同时代表了嗜血、暴力、男子气概和秩序。宙斯和赫拉之子，他要么被描绘为穿着盔甲带着武器的成熟带须战士，要么被塑造为带着头盔和矛的无须裸体青年。他的标志是黄金的装甲和青铜的长矛，代表兽则是雕鸮、秃鹫和毒蛇。",
    "Άρτεμις (Artemis)，阿尔忒弥斯\n终身为处女，代表狩猎、荒野、野生动物、分娩和瘟疫的女神，后期也被称为月亮女神。宙斯和勒托之女，和阿波罗为孪生姐弟。在艺术作品中她是一位身穿齐膝的'基同'，手持猎弓和箭袋的年轻绝美女子。除了弓之外她的代表物还包括狩猎长矛、动物皮毛、鹿或其他动物。",
    "Αθηνά (Athēna)，雅典娜\n代表智慧、战争、战略、战斗、手工业和理由的女神。宙斯和墨提斯之女，她是从宙斯的头部全副武装的诞生出来的。她被描绘成头戴战斗之冠，手长矛和装饰有美杜莎的头颅的埃癸斯神盾。她的象征物为猫头鹰和橄榄树。",
    "Δήμητρα (Dēmētēr)，德墨忒尔\n生育、农业、园艺、粮食和收获的女神。她是克罗诺斯和瑞亚之女，宙斯的姐姐，泊瑟芬的母亲。她的形象为一个中年的妇女，常常带着粮食做的桂冠，手握一束小麦。她的代表物为丰收号角、麦穗、长翅膀的蛇和莲花组成的神杖。",
    "Ήφαιστος (Hēphaistos)，赫菲斯托斯\n瘸腿，代表火灾、冶炼、石匠、雕刻和火山的神。赫拉单性生殖的儿子，阿芙洛狄忒的丈夫。他是众神的铁匠。他时常被刻画为手持铁锤和铁钳，并骑在驴上的带胡须的男子。他的标志是铁锤，铁钳和铁砧。",
    "Ήρα (Hēra)，赫拉\n众神之后和代表婚姻、妇女、生育、继承、国王和帝国的女神。她是克罗诺斯和瑞亚的女儿，宙斯的姐姐。她常被描绘为一个带着桂冠，手持装饰有莲花的权杖的美丽女性。她的象征是皇冠、莲花权杖、孔雀、杜鹃和石榴。",
    "Ερμής (Hērmēs)，赫尔墨斯\n旅游、信件、贸易、偷窃、诡计、语言、写作、外交、体育和畜牧业之神，他也是众神的信差，将死者的灵魂带进冥界的引路人。他是宙斯和迈亚之子。他的造型可以是一个无须的健壮英俊青年，也可能是一个有小胡须的中年人。他的代表物是双蛇杖，带翅膀的拖鞋和旅游者的帽子。",
    "Ἑστία (Hestia)，赫斯提亚\n终身为处女，代表炉边、家庭和烹饪的女神。她是克罗诺斯和瑞亚之女，宙斯的姐姐。她在艺术领域中被描画为一个正直含蓄的女性，其代表物为壁炉和水壶。在某些版本的神话中，她放弃了奥林匹斯十二主神的位子，将其让给了狄俄尼索斯。",
    "Ποσειδῶν (Poseidon)，波塞冬\n大海、河流、洪水、干旱、地震和马匹之神，被称为“震地者”或“风暴之主”。他是克罗诺斯和瑞亚之子，宙斯和黑帝斯的兄弟。在古典作品中他是一个有着深色胡须的坚毅中年男子，手持三叉戟。他的象征为三叉戟，海豚和马。",
    "Ζεύς (Zeus)，宙斯\n众神之王，奥林匹斯山的主宰，天空、天气、雷电、法律、秩序和命运之神。他是克罗诺斯和瑞亚的幼子，既是赫拉的弟弟也是她的丈夫。他常被刻画为一个有着深色胡须的坚韧的中年男子。他的标志是雷霆，王室权杖和鹰。",
    "Αιθήρ (Aithēr)，埃忒耳\n“太空”的拟人化神，他代表了天堂。他是众神所呼吸的纯洁的天堂空气。厄瑞玻斯与妮克斯之子。",
    "Ἀνάγκη (Anankê)，阿南刻\n命运和必然性的神格化，她的形像是拿着纺缍的女神。其配偶为克罗诺斯。",
    "Έρεβος (Erebos)，厄瑞玻斯\n代表黑暗的原始神。卡俄斯的产物，妮克斯的兄弟和丈夫。他的雾气环绕着冥界。",
    "Γαία (Gaia)，盖娅\n大地女神（大地之母），卡俄斯的产物，众泰坦的母亲。",
    "Ημέρα (Émera)，赫墨拉\n白昼的化身，光明之神。厄瑞玻斯和倪克斯的女儿。",
    "Χάος (Khaos)，卡俄斯\n混沌之神，也可以说只是一个概念，代表了存在于宇宙形成之前的一片黑暗世界，是第一代希腊原始神的根源。",
    "Χρόνος (Khronos)，柯罗诺斯\n时间之神，其配偶为阿南刻。",
    "αἱ Nῆσοι (Nêsoi)，涅索伊\n代表岛屿的女神。",
    "Νύξ (Nyx)，倪克斯\n代表黑夜的女神。卡俄斯的产物，其配偶是厄瑞玻斯。",
    "Ουρανός (Ouranos)，乌拉诺斯\n从盖娅的指端诞生。象征希望与未来，代表天空的神。",
    "Ούρος (Ourea)，乌瑞亚\n山脉女神。",
    "Φάνης (Phanês)，法那斯\n奥尔弗斯传统中的原始神。",
    "Πόντος (Pontos)，蓬托斯\n海洋之神。盖娅和埃忒耳之子，塔拉萨的丈夫，所有鱼类和海洋生物之父。",
    "Τάρταρος (Tartaros)，塔耳塔罗斯\n作为一个概念的存在，是地狱的代名词，卡俄斯的产物。",
    "Θάλασσα (Thalassa)，塔拉萨\n海面女神。埃忒耳与赫墨拉的女儿，蓬托斯的妻子。",
    "Ὑπερίων（Hyperiôn），许珀里翁\n光明之神，和忒亚结合生下了赫利俄斯（太阳）、塞勒涅（月球）和厄俄斯（曙光）。",
    "Ἰαπετός（Iapetos），伊阿珀托斯\n灵魂和死亡之神,名字的意思是穿刺者。普罗米修斯，厄庇墨透斯，墨诺提俄斯和阿特拉斯的父亲。",
    "Κοῖος（Koios），科俄斯\n智慧之神，代表了宇宙旋转轴坐标。福柏的丈夫，勒托与阿斯忒里亚的父亲。",
    "Κρεῖος（Kriôs），克利俄斯\n十二泰坦中最没有个性的一个，他是欧律比亚的丈夫，阿斯特赖俄斯，帕拉斯和珀耳塞斯的父亲。",
    "Κρόνος（Krónos），克罗诺斯\n所有泰坦的领袖，推翻了自己的父亲乌拉诺斯的统治，却最后被自己的儿子宙斯推翻。其对应罗马神话中的凯萨。",
    "Mνημοσύνη（Mnêmosynê），谟涅摩叙涅\n记忆女神，宙斯的情人之一，为宙斯生下了九位缪斯。",
    "Ὠκεανός（Ôkeanos），俄刻阿诺斯\n环绕宇宙的大洋河流之神，是宇宙所有水神的前身。",
    "Φοίβη（Phoibê），福柏\n智慧和预言的女神。科俄斯的妻子，勒托与阿斯忒里亚的母亲。",
    "Ῥέα（Rheia），瑞亚\n女性生育，母性和延续种族的女神。她是克洛诺斯的姐姐和妻子，生下了宙斯，哈迪斯，波塞东，赫拉，赫斯提亚和德墨忒尔。",
    "Τηθύς（Têthys），忒堤斯\n俄刻阿诺斯的妻子，是世界重要河流（古希腊时代），如尼罗河，阿非欧斯河（英语：Alfeios）和迈安德河（现在的大门德雷斯河），三千位的河神和三千名水仙女俄刻阿尼得斯的母亲，即所有河流，小溪，泉水，喷泉以及云的母亲。掌管了所有海生生物的产卵期。",
    "Θεία（Theia），提亚\n代表光线的女神。和许珀里翁结合生下了赫利俄斯（太阳）、塞勒涅（月球）和厄俄斯（曙光）。",
    "Θέμις（Themis），忒弥丝\n法律和正义的女神，宙斯的第二个妻子，荷赖和阿斯特赖亚的母亲。",
    "Αγχιαλη（Anchiale），安科阿勒\n掌管火焰和热量的女神。赫卡特鲁斯的妻子，达科律洛伊的母亲。",
    "Ἀστερια（Asteria），阿斯忒里亚\n主管神谕、占星术和招魂的女神。科俄斯与福柏的女儿，勒托的妹妹。",
    "Ἀστραῖος（Astraios），阿斯特赖俄斯\n恒星，行星和天文学之神。克利俄斯与欧律比亚的儿子，和厄俄斯生育了许多黑夜中的行星，包括：法厄农（土星），皮罗厄斯（火星），福斯福耳与赫斯珀洛斯（金星），以及斯堤耳班（水星）以及四个风神（欧罗斯，玻瑞阿斯，仄费罗斯和诺托斯）。是代表恒星，行星和占星术的提坦。",
    "Ἄτλας（Atlas），阿特拉斯\n伊阿珀托斯之子，被宙斯下令背负沉重的天空。",
    "Αὔρα（Aura），亚乐\n代表微风和清晨的凉爽空气的女神。",
    "Διώνη（Diônê），狄俄涅\n和宙斯生下阿芙洛狄忒的女神。",
    "Ἠώς（Êôs），厄俄斯\n曙光女神。阿斯特赖俄斯的妻子，众多行星和四个风神的母亲。对应罗马神话中的欧若拉。",
    "Ἐπιμηθεύς（Epimêtheus），厄庇墨透斯\n后见之神。普罗米修斯的兄弟，潘多拉的丈夫。",
    "Εὐρυβία（Eurybia），欧律比亚\n掌管海洋的女神。蓬托斯和盖娅的女儿，克利俄斯的妻子，生育了阿斯特赖俄斯、珀耳塞斯以及帕拉斯。",
    "Εὐρυνόμη（Eurynomê），欧律诺墨\n掌管草地和牧场水源女神，俄刻阿诺斯和忒堤斯的三千女儿之一。宙斯第三位妻子，为其生下了三位卡里忒斯。",
    "Ἥλιος（Hêlios），赫利俄斯\n司太阳和全视的神以及誓言的守护者。许珀里翁之子，曙光女神厄俄斯和月亮女神塞勒涅的兄弟。其对应的是罗马神话中的索尔（拉丁语：Sol）。",
    "Κλυμενε（Klymenê），克吕墨涅或埃萨\n名声，名誉和耻辱的女神。伊阿珀托斯的妻子，普罗米修斯，厄庇墨透斯，墨诺提俄斯和阿特拉斯的母亲。",
    "Λελαντος（Lêlantos），勒坔托斯\n空气和猎人之神。科俄斯和福柏的儿子，勒托和阿斯忒里亚的兄弟，亚乐的父亲，也被认为是勒托的男性状态。",
    "Λητώ（Lêtô），勒托\n代表母性的女神。她是宙斯的众多配偶之一，并且是阿波罗与阿尔忒弥斯的母亲。在罗马神话中，她的对应者是拉托娜。",
    "Μενοίτιος（Menoitios），墨诺提俄斯\n愤怒，鲁莽和死亡之神。伊阿珀托斯与克吕墨涅的儿子，阿特拉斯、普罗米修斯和厄庇墨透斯的兄弟。最后为宙斯所杀。",
    "Μέτις（Mêtis），墨提斯\n代表律师，咨询，规划，狡猾和智慧的女神。她是俄刻阿诺斯和忒堤斯的三千女儿俄刻阿尼得斯之一。宙斯的第一位妻子，雅典娜的母亲。",
    "Ὀφίων（Ophiôn），俄菲翁\n一个比较老的提坦神，一些神话的版本里提到他曾在被克洛诺斯推翻前和欧律诺墨一起统治地球。",
    "Πάλλας（Pallas），帕拉斯\n魔兽之神。克利俄斯与欧律比亚之子，珀耳塞斯和阿斯特赖俄斯的兄弟。他的配偶是俄刻阿尼得斯的斯堤克斯，他们生了四个拟人化神：胜利女神尼刻，强壮之神克拉托斯，热情之神仄罗斯和暴力女神比亚。",
    "Περσες（Persês），珀耳塞斯\n毁坏之神。克利俄斯与欧律比亚之子，帕拉斯和阿斯特赖俄斯的兄弟，其配偶是阿斯忒里亚，最有名的儿子是赫卡忒。",
    "Προμηθεύς（Promêtheus），普罗米修斯\n先见之神、献计之神，在第一次大战站在宙斯这一边，代表狡猾的智慧，人类的制造者之一。克吕墨涅与伊阿珀托斯的儿子。",
    "Σελήνη（Selênê），塞勒涅\n月亮女神。许珀里翁和忒亚之女，赫利俄斯（太阳）的姐妹。在罗马神话中，她的对应者是卢娜。",
    "Στύξ (Styx)，斯堤克斯\n掌管冥河之一斯堤克斯河的俄刻阿尼得斯，也代表了仇恨。俄刻阿诺斯和忒堤斯的女儿，她与帕拉斯结合，生下了四个拟人化神：胜利女神尼刻、强壮之神克拉托斯、热情之神仄罗斯和暴力女神比亚。",
    "Ἐκατόγχειρες (Hecatonchires)，百臂巨人\n有50个头、100只手臂的三个癸干忒斯的统称，强烈风暴和飓风之神。他们的名字分别为：\n*布里阿瑞俄斯（Βριάρεώς，“强壮”）\n*科托斯（Κόττος，“敌意、忌妒”）\n*古革斯（Γύης）\n他们的拉丁语名字为凯恩蒂马尼（Centimani）。",
    "Ἄγριος (Agrius)，阿格里俄斯\n野蛮者，吃人的半人半熊的巨人。最后在癸干忒斯战争中被摩伊赖所杀。",
    "Άλκυονεύς (Alcyoneus)，阿尔库俄纽斯\n众癸干忒斯之王，奥林匹斯山众神反对者的领袖。在癸干忒斯战争中由于被赫拉克勒斯所杀。阿尔库俄尼得斯七姐妹之父。",
    "Άθος (Athos)，阿索斯\n他将一座山投向宙斯，被宙斯打落于马其顿附近，成为了阿索斯山的圣峰。",
    "Κύκλωπες (cyclopes)，独眼巨人\n独眼的巨人三兄弟：\n*布隆特斯（Βρόντης，“闪电”）\n*史特罗佩斯（Στερόπης，“雷电”）\n*阿尔格斯（Ἄργης，“闪光”）\n力量强大技艺精湛的工匠，为宙斯打造了雷霆。",
    "Ἐγκέλαδος (Enceladus)，恩克拉多斯\n在癸干忒斯战争中被雅典娜埋葬在埃特那山下的癸干忒斯。",
    "Πορφυρίων (Porphyrion)，波耳费里翁\n在癸干忒斯战争中，由于其想要强奸赫拉而被赫拉克勒斯的毒箭射中，继而被宙斯用雷霆打死。",
    "Αλοαδαι ( Aloadae)，阿洛伊代\n波塞顿和伊菲美迪亚生育的巨人双胞胎：\n*奥图斯（Οτοσ）\n*厄菲阿尔忒斯（Επηιαλτες，“噩梦”）他们曾想摧毁奥林匹斯山。",
    "Ἀνταίος (Antaeus)，安泰俄斯\n盖娅和波塞冬的巨人后代，他强迫所有经过他的土地的人与他摔跤，并把他们杀死。直到赫拉克勒斯将其举到空中使其无法从盖娅那里获取力量，最后把他扼死了。",
    "Ἄργος Πανόπτης (Argus Panoptes)，阿古士\n具有百眼的巨人。被赫拉派遣去监视母牛的宙斯的情人伊俄交给他看管，最后被赫尔墨斯用笛声催眠所杀。",
    "Γεγενεες (Gegenees)，六臂巨人\n希腊史诗阿尔戈船英雄纪中提到的住在密细亚的长有六个手臂的巨人。",
    "Γηρυών (Geryon)，革律翁\n三头四翼的巨人，克律萨俄耳和卡利洛厄之子。在地中海西部的赫斯珀里得斯掌管的厄律提亚岛上放牧，最后被赫拉克勒斯夺走了牛群。",
    "Λαιστρυγονιανς (Laestrygonians)，拉斯忒吕戈涅斯\n奥德修斯旅途中遇到的巨型食人族。",
    "Ωρίων (Orion)，俄里翁\n巨人族中的猎人，在其被蝎子杀害之后，宙斯将其升上天空，成为猎户座。",
    "Πολύφημος (Polyphemus)，波吕斐摩斯\n住在西西里岛的独眼巨人，波塞顿和托俄萨之子。被奥德修斯所欺骗并被其戳瞎了独眼。",
    "Τάλως (Talos)，塔罗斯\n由赫菲斯托斯制造的机械巨人，宙斯将他送给了自己爱人欧罗巴作为守卫。",
    "Τιτυος (Tityos)，提堤俄斯\n宙斯与凡人少女厄拉拉之子。在企图强奸勒托的时候被其子女阿波罗和阿耳忒弥斯杀死。",
    "Τυφῶν (Typhon)，堤丰\n象征风暴的妖魔巨人。盖亚的最后一子。",
    "Ἀχλύς (Achlys)，艾柯吕斯\n雾之女神，特别指代死亡之雾。",
    "Ἀδηφαγία (Adephagia)，阿得法癸亚\n暴食女神。",
    "Ἀδικία (Adikia)，阿狄琪亚\n不义女神。",
    "Ἀεργία (Aergia)，埃吉娅\n懒惰女神。",
    "Ἀγών (Agon)，妮琪\n竞赛之神，胜利女神，在奥林匹克运动会（古希腊时代）时会作为裁判。",
    "Αιδος (Aidos)，爱多士\n代表谦虚，敬畏和尊重女神。",
    "Ἀλαλά (Alala)，艾拉菈\n呐喊和助威女神。",
    "Αλάστορ (Alastor)，阿拉斯托耳\n血仇和报复之神。",
    "Αλκη (Alce)，阿尔刻\n勇猛女神。",
    "ἀλήθεια (Aletheia)，阿勒忒娅\n真诚女神。",
    "Ἄλγεα (Algos)，阿勒贡斯\n代表疼痛和痛苦的女神。由三个女神组成：\n*阿科斯（ἄχος，“苦恼，哀情”）\n*阿尼娅（Ανια，“痛苦，困境”）\n*路姵（Λυπη）。",
    "Αμεκηανια (Amekhania)，阿美卡尼娅\n无奈女神。",
    "Αμπηιλογιαι (Amphilogiai)，安菲洛格亚\n争吵女神。",
    "Αναιδεια (Anaideia)，阿奈得亚\n冷酷女神。",
    "Ανδροκτασιαι (Androktasiai)，安德洛克达斯娅\n屠戮女神（复数）。",
    "Ανγελια (Angelia)，安革利亚\n消息女神。",
    "Απατε (Apate)，阿帕忒\n欺骗女神。",
    "Aπορία (Aporia)，艾珀瑞娅\n困惑女神。",
    "Ἀραί (Arae)，艾尔瑞娥\n诅咒女神。",
    "Aρετή (Arete)，阿瑞忒\n美德女神。",
    "ἄτη (Aite)，阿忒\n妄想女神。",
    "Βία (Bia)，比亚\n暴力之神。",
    "Καιρός (Caerus)，卡俄茹斯\n运气和机会之神。",
    "Δικαιοσύνη (Dikaiosyne)，迪凯娥斯涅\n正义女神。",
    "Δίκη (Dike)，狄刻\n代表公正，公平判决的权利和法律的女神。",
    "Δόλος (Dolos)，多洛斯\n代表弄虚作假，欺骗手段，奸诈，背信弃义和诡计的神。",
    "Δυσνομία (Dysnomia)，迪丝诺美亚\n代表无法律主义的女神。",
    "Δυσσεβια (Dyssebia)，狄斯瑟比娅\n代表宗教信仰上不敬的女神。",
    "Εκεχειρια (Ececheiria)，厄瑟刻伊拉\n代表停战或休战女神。",
    "Εἰρήνη (Eirene)，厄瑞涅\n和平女神。",
    "Ελεος (Eleos)，厄勒俄斯\n慈悲，怜悯和同情女神。",
    "Ελπίς (Elpis)，厄尔庇斯\n希望和期望女神。",
    "Επιπηρον (Epiphron)，埃皮菲隆\n谨慎，精明，体贴，细心和睿智之神。",
    "Έρις (Eris)，厄里斯\n代表纷争，不和，争论和对抗的女神。",
    "ἔρωτες (Erotes)，厄洛特斯\n众情欲之神，包括\n*安忒洛斯（Ἀντέρως ，Anteros），恩爱之神\n*厄洛斯（Έρος，Eros），吸引力之神\n*希莫勒斯（Ἵμερος，Himeros），性欲之神\n*波拖斯（Πόθος，Pothos）， 代表对性的渴望和向往的女神。",
    "Εθκελια (Eucleia)，欧克勒亚\n代表良好的声誉和荣耀的女神。",
    "Εὐνομία (Eunomia)，欧诺弥亚\n法则女神。",
    "Ευπηεμε (Eupheme)，欧斐墨\n赞美女神。",
    "Eὐσέβεια (Eusebeia)，欧塞拜亚\n代表虔诚，忠诚，责任和孝敬的女神。",
    "Ευτηενια (Euthenia)，欧赦涅亚\n代表繁荣，丰富和充足的女神。",
    "Γῆρας (Geras)，革剌斯\n衰老之神。",
    "Αρμονία (Harmonia)，哈耳摩尼亚\n和谐女神。",
    "Ήβη (Hebe)，赫柏\n青春女神。",
    "Ἡδονή (Hedone)，赫多奈\n代表快乐，享受和愉悦的女神。",
    "Ηομαδος (Homados)，哈马杜斯\n代表战争的喧嚣的神。",
    "Ὁμόνοια (Homonoia)，荷摩诺亚\n代表和谐，一致，心灵统一性的女神。",
    "Ὁρκος (Horkos)，荷耳克斯\n宣誓之神。",
    "Ηορμες (Hormes)，霍尔墨斯\n勤勉之神。",
    "Ύβρις (Hybris)，许布里斯\n骄横女神。",
    "Ύπνος (Hypnos)，修普诺斯\n睡神。",
    "Ηυσμιναι(Hysminai)，许丝米纳伊\n武斗女神（复数），代表非军事上的斗殴。",
    "Ιωκη (Ioce)，伊俄刻\n冲锋女神。",
    "Kακία (Kakia)，卡喀亚\n堕落和恶德女神。",
    "Κῆρες (Keres)，凯瑞斯\n暴力和酷死女神（复数）。",
    "Κοάλεμος (Koalemos)，科欧安勒莫斯\n愚蠢之神。",
    "Κορος (Koros)，柯洛斯\n轻蔑之神。",
    "Κράτος (Kratos)，克拉托斯\n力量之神。",
    "Κυδοιμος (Kydoimos)，库多伊莫斯\n战乱之神。",
    "λήθη (Lethe)，里忒\n遗忘女神。亦是冥界的河流。",
    "Λιμός (Limos)，利墨斯\n饥饿女神。",
    "Λιταί (Litae)，利泰\n祈祷女神（复数）。",
    "Λυσσα (Lyssa)，吕萨\n愤怒女神。",
    "Μάχαι (Makhai)，玛科海\n战斗女神（复数），代表军事上的战争。",
    "Μανία (Mania)，玛涅亚\n狂热女神。",
    "Μοίρες (Moirae)，摩伊赖\n命运三女神，包括\n* 克洛托（Κλωθώ，Clotho），纺命女神，负责将生命线从她的卷线杆缠到纺锤上。\n* 拉刻西斯（Λάχεσις，Lachesis），量命女神，用她的杆子丈量丝线。\n* 阿特罗波斯（Άτροπος，Atropos），断命女神，剪断生命线的女神。",
    "μῶμος (Momus)，摩墨斯\n嘲弄，谴责，讽刺之神。",
    "Μόρος (Moros)，摩罗斯\n厄运之神。",
    "Μορφεύς (Morpheus)，墨菲斯\n梦神。",
    "Νεικεα (Neicea)，奈克娅\n争吵女神(复数)。",
    "Νέμεσις (Nemesis)，涅墨西斯\n复仇女神。",
    "Νόμος (Nomos)，诺莫斯\n法律女神。",
    "Ὀϊζύς (Oizys)，俄匊斯\n穷困，忧伤和焦虑的女神。",
    "Όνειροι (Oneiroi)，俄涅洛伊\n三千梦神，包括：\n* 埃皮阿勒斯（Επιαλες，Epiales），噩梦之神。\n* 芳塔索斯（Φαντασος，Phantasos），梦幻之神。\n* 福柏托耳（Φοβετορ，Phobetor），噩梦之神。",
    "Παλιοξις (Palioxis)，帕利俄克斯\n回撤女神。",
    "Παρηγορον (Paregoron)，帕瑞戈戎\n安抚女神。",
    "Πειθώ (Peitho)，珀伊托\n劝说和诱惑女神。",
    "Πενία (Penia)，珀涅亚\n代表贫穷和需要的女神。",
    "Πεντηος (Penthus)，潘透斯\n悲痛之神。",
    "Φήμη (Pheme)，菲墨\n声望女神。",
    "Φιλοφροσυνη (Philophrosyne)，菲洛菲婼西涅\n代表亲切，友善和欢迎的女神。",
    "Φιλότης (Philotes)，菲罗忒斯\n代表友爱和爱慕的女神。",
    "Φόβος (Phobos)，佛洛斯\n象征恐惧与威吓的神。",
    "Φόνοι (Phonoi)，弗诺伊\n谋杀之神（复数）。",
    "Φρικε (Phrike)，戴摩斯\n恐怖之神。",
    "Φθόνος (Phthonus)，菲托努斯\n嫉妒之神。",
    "Πίστις (Pistis)，毗斯缇斯\n代表信任，诚实和善意的神。",
    "Ποινε (Poine)，珀伊涅\n代表报复和惩罚的神。",
    "Πονος (Ponos)，珀诺斯\n劳役之神。",
    "Πόρος (Poros)，波洛斯\n出路之神。",
    "Πραξιδικε (Praxidike)，普剌克西狄刻\n公断女神。",
    "Προιοξις (Proioxis)，普洛伊俄克斯\n突击女神。",
    "Ψευδολόγοι (Pseudologoi)，帕修多罗古伊\n虚伪诸神（复数）。",
    "Πτοκηεια (Ptocheia)，帕托箣亚\n乞讨女神。",
    "Σωτήρ (Soter)，索忒耳\n代表安全，保护和拯救的神。",
    "Σωτήρια (Soteria)，索忒耳亚\n代表安全，保护和拯救的女神，索忒耳的女性形式。",
    "Σωφροσύνη (Sophrosyne)，索菲洛许奈\n节制、自制女神。",
    "Θάνατος (Thanatos)，塔纳托斯\n死神。",
    "Τύχη (Tyche)，丝帕斯\n幸运女神。",
    "Ζῆλος (Zelus)，仄洛斯\n代表热情和好胜的神。",
    "ᾍδης (Hades)，哈迪斯\n冥界之王， 死亡和矿藏之神。他的妻子是珀耳塞福涅。他的象征物为哈迪斯之匙、黑暗之冠和地狱的三头狗刻耳柏洛斯。虽然他也是克罗诺斯和瑞亚之子，并且是宙斯的哥哥。",
    "Αμπηιαραυς (Amphiaraus)，安菲阿剌俄斯\n七将攻忒拜中的七位英雄之一，死后成为冥界的神的代表。",
    "Ἀσκάλαφος (Askalaphos)，阿斯卡拉福斯\n阿刻戎和俄耳菲涅之子，在被德墨忒尔变成猫头鹰前是冥界的神祇。",
    "Χάρων (Charon)，卡戎\n冥王哈迪斯的船夫。",
    "Έμπουσα (Empusa)，恩浦萨\n具有燃烧的头发，一条山羊的腿和一条青铜的腿的冥界灵魂（或为复数的存在）。",
    "Εκάτη (Hecate)，赫卡忒\n代表魔术，巫术，夜，月亮和鬼的女提坦。",
    "Κεθτηονυμοσ (Keuthonymos)，乔索尼莫斯\n冥界灵魂，墨诺忒斯的父亲。",
    "Κρόνος (Cronus)，克洛诺斯\n第一代提坦之王，当他被从塔耳塔罗斯释放后成为极乐岛（好人死后居住的岛）之王。",
    "Λάμια (Lamia)，拉米亚\n生活在冥界的半人半蛇的灵魂，赫卡忒的侍女。",
    "Λαμπάδες (Lampads)，拉姆帕德斯\n在冥界专门举火把的女神们，其中比较有名的是\n*俄耳菲涅（Ορπηνε ,Orphne），阿斯卡拉福斯的母亲。",
    "Μακαρια (Makaria)，玛卡里亚\n安息女神，冥王哈迪斯之女。",
    "Μελινοε (Melinoe)，墨利诺厄\n阴谋女神、亡魂女神，宙斯与珀耳塞福涅之女。",
    "Μενοιτες(Menoetes)，墨诺忒斯\n哈迪斯的牧牛人。",
    "Μορμώ (Mormo)，茉门\n赫卡忒的侍女。",
    "Περσεφόνη (Persephone)，珀耳塞福涅\n冥界之后。",
    "Αιακός (Aiakos)，艾亚哥斯\n宙斯与河流神女埃癸娜的儿子，珀琉斯和忒拉蒙的父亲，原本为埃癸那岛的国王。哈迪斯的钥匙的看管人，专门管理欧洲人种的冥界法官。",
    "Μίνως (Minos)，米诺斯\n克里特之王，宙斯和欧罗巴的儿子。进行最后判决的冥界法官。",
    "Ῥαδάμανθυς (Rhadamanthys)，拉达曼迪斯\n宙斯和欧罗巴的儿子。法律制定者和管理亚洲人种的冥界法官。",
    "Αχέρων (Akheron)，阿刻戎\n痛苦之河。",
    "Kωκυτός (Cocytus)，科基托斯\n哀叹之河。",
    "Πηλεγετηον (Phlegethon)，皮里佛勒戈同\n火焰之河。",
    "Αιγαίων (Aegaeon)，埃该翁\n海啸巨人，百臂巨人之一。",
    "Ακηειλος (Akheilos)，阿珂海罗斯\n鲨鱼外型的海神。",
    "Βριζώ (Brizo)，庇瑞佐\n保佑水手的女神。",
    "Κῆτώ (Ceto)，刻托\n代表海洋的危险和所有海怪的女神。",
    "Κυμοπολεια (Cymopoleia)，库墨珀勒亚\n波塞顿和巨浪女神的女儿。海浪女神。",
    "Δελπηιν (Delphin)，德尔芬\n所有海豚的首领。",
    "Δωρίς (Doris)，多里斯\n俄刻阿诺斯和忒堤斯的女儿，涅瑞伊得斯们的母亲，涅柔斯的妻子。",
    "Ειδοτηεα (Eidothea)，厄多忒亚\n早期的海仙女之一，普罗透斯的女儿。",
    "Γλαῦκος (Glaucus)，格劳科斯\n渔人的保护神。",
    "Γοργόνε (Gorgons)，戈耳工\n三位妖怪化的海洋精灵，包括：\n*斯忒诺(Σθεννώ，Stheno)\n*欧律阿勒(Εὐρυάλη，Euryale)\n* 美杜莎（Μέδουσα，Medusa），唯一由人类变化的戈耳工。",
    "Γραῖαι (Graeae)，格赖埃\n三位生活在原始海的女妖，代表了海水的白色泡沫，共用一只眼睛和一颗牙齿的三姐妹，包括：\n*得诺( Δεινο，Deino)\n*厄倪俄(Ἐνυώ，Enyo)\n*佩佛瑞多（Πεμφρεδο，Pemphredo）",
    "Ἁλια (Halia)，哈利娅\n海水女神，水质意义上的女神。",
    "Λευκοθέα (Leucothea)，琉喀忒亚\n专帮水手解脱困境的女神。",
    "Νηρέας (Nereus)，涅柔斯\n代表大海丰厚海产的海神，是宙斯推翻克洛诺斯后由波塞冬东取代的古代海神的代表之一。",
    "Νεριτε (Nerites)，涅里忒斯\n阿芙洛狄忒的初恋情人，亦是海王波塞冬的车夫兼情人，被嫉妒的海后安菲特里忒变成了海螺，后来成了海螺之神。",
    "Παλαίμων (Palaemon)，帕莱蒙\n专帮水手解脱困境的年轻海神。",
    "Φόρκυς (Phorcys)，福耳库斯\n原始海神，深海之化身。",
    "Πρωτεύς (Proteus)，普罗透斯\n“海洋老人”，是宙斯推翻克罗诺斯后由波塞冬取代的古代海神的代表之一。",
    "Σκύλλα (Scylla)，斯库拉\n由于喀耳刻的嫉恨而被其变为吞吃水手的海妖的海仙女。",
    "Σειρῆνες (Siren)，塞壬\n邪恶的海仙女，用自己的歌喉引诱过往的水手，使得航船触礁沉没。（复数的存在）",
    "Τελκηινες (Telchines)，忒尔喀涅斯\n罗得岛的第一批居民，后来他们变成了邪恶的巫师，被宙斯打入大海。（复数的存在）",
    "Θαῦμας (Thaumas)，陶玛斯\n蓬托斯和盖娅的儿子。",
    "Τριτεια (Triteia)，特里忒亚\n特里同的女儿，战神的同伴。",
    "Τρίτων (Triton)，特里同\n海之信使，海王波塞冬和海后安菲特里忒的儿子。",
    "Ακταιη (Actaea)，阿刻泰娅\n海滨女神。",
    "Ἀγαύη (Agaue)，阿伽薇\n杰出女神。",
    "Ακηειλος (Amphitrite)，安菲特里忒\n海王波塞冬的妻子，海界之后。",
    "Αρετούσα (Arethusa)，阿雷苏莎\n最后变成了喷泉的海洋女神。",
    "Αυτονοη (Autonoe)，奥托诺厄\n代表自身心灵的女神。",
    "Καλυψώ (Calypso)，卡吕普索\n奥吉吉亚岛的海洋女神，她将奥德修斯困在岛上七年。",
    "Κυμοδοκη (Cymodoce)，库墨多瑟\n收浪女神。",
    "Κυμοθοη (Cymothoe)，库墨托厄\n疾浪女神。",
    "Δωτω (Doto)，多托\n海赐女神。",
    "Δυναμένη (Dynamene)，狄娜墨妮\n和她的姐妹菲露莎一起代表伟大海洋的权力。",
    "Ερατω (Erato)，艾拉托\n海怜女神。",
    "Ευκραντη (Eucrante)，欧克然忒\n海统女神。",
    "Ευδωρη (Eudora)，欧朵拉\n海赠女神。",
    "Ευνικη (Eunice)，欧尼刻\n海胜女神。",
    "Ευλιμενη (Eulimene)，欧利墨涅\n海港女神。",
    "Ευπομπη (Eupompe)，欧彭珀\n海游女神。",
    "Ευαγορη (Evagora)，伊娃戈瑞\n聚集女神。",
    "Ευαρνη (Evarne)，伊娃尔涅\n海优女神。",
    "Γαλενε (Galene)，珈伦妮\n代表平静海洋的女神。",
    "Γαλατεια (Galateia)，伽拉忒亚\n代表乳白色浪花的女神。",
    "Γλαυκη (Glauce)，格劳刻\n代表碧绿色海洋的女神。",
    "Γλαυκονομη (Glauconome)，格劳科诺墨\n代表灰色海洋的女神。",
    "Άλιη (Halie)，哈利厄\n海咸女神。",
    "Άλιμηδη (Halimede)，哈利墨德\n代表海水盐分的女神。",
    "Ίπποθοη (Hipothoe)，希波托厄\n海驰神女。",
    "Ίππονοη (Hipponoe)，希波诺厄\n海俊女神。",
    "Λαομεδεια (Laomedia)，拉俄墨狄亚\n主导女神。",
    "Ηιονη (Leagora)，勒娅戈瑞\n汇聚女神。",
    "Λυσιανασσα (Lysianassa)，吕西安娜萨\n海释女神。",
    "Ληαγορη (Ione)，厄俄涅\n海滩女神。",
    "Μελιτη (Melite)，墨利忒\n甜蜜女神。",
    "Μενιππη (Menippe)，墨妮珀\n甜蜜女神。",
    "Νημερτησ(Nemertes)，涅墨耳忒斯\n代表无误的女神。",
    "Νησαιη (Nesaea)，涅萨亚\n代表海岸礁石的女神。",
    "Νησω (Neso)，涅索\n代表海洋中岛屿的女神。",
    "Πασιθεη(Panopeia)，帕诺珀亚\n代表广阔海洋的女神。",
    "Πανοπεια (Pasithea)，帕西忒亚\n万物女神。",
    "Φερουσα (Pherusa)，菲露莎\n和她的姐妹狄娜墨妮一起代表伟大海洋的权力。",
    "Πλωτω (Ploto)，普罗托\n海航女神。",
    "Πουλυνοη (Polynoe)，波丽诺厄\n代表他人心灵的女神。",
    "Ποντοπορεια (Pontoporia)，蓬托波瑞亚\n渡海女神。",
    "Προνοη (Pronoe)，普洛诺厄\n代表深谋远虑的女神。",
    "Πρωτομεδεια (Protomedea)，普罗托墨狄亚\n海治女神。",
    "Πσαματηε (Psamathe)，普萨玛忒\n沙滩女神。",
    "Σαω (Sao)，萨娥\n海安女神。",
    "Σπειω (Spio)，斯珀俄\n海穴女神。",
    "Θεμιστω (Themisto)，忒弥斯托\n海律女神。",
    "Θοη (Thoe)，托厄\n海疾女神。",
    "Θοοσα (Thoosa)，托俄萨\n急流女神。",
    "Διόνυσος (Dionysus)，狄俄尼索斯\n葡萄酒、狂欢和节日、疯狂、醉酒和快乐之神。他在艺术作品中或者被刻画为一个带胡须的老人，或者被描绘为一个漂亮的带点女人气的长发青年。他的象征物包括酒神杖（一个装饰有松果的权杖）、酒杯、葡萄串和长春藤做的桂冠。",
    "Ἀχελωΐς (Achelois)，阿刻罗伊斯\n她将带走一切痛苦，一位处于次要位置的月亮女神。",
    "Αίολος (Aiolos)，埃俄罗斯\n风神之王。",
    "Αλεκτρονα (Alectrona)，阿勒特渃娜\n代表清晨的太阳女神。",
    "Ἄνεμοι (Anemoi)，阿涅摩伊\n多位风神的总称。包括：\n* 玻瑞阿斯（Βορέας，Boreas），北风与冬季之神。\n* 欧洛斯（Εύρος，Eurus），带来坏运气的东风之神。\n* 诺特斯（Νότος，Notus），南风之神。\n* 俄瑞斯（Ζέφυρος，Zephyrus），西风之神。",
    "Αρκε (Arke)，阿尔珂\n霓虹女神，提坦神的信使。伊里斯的双胞姐妹。",
    "Αστρα Πλανετοι (Astra Planeti)，阿斯特拉\n星辰诸神，包括：\n* 斯提尔邦（Στιλβον，Stilbon），水星之神。\n* 厄俄斯福洛斯（Ηωσφόρος，Eosphorus ），启明星（黎明时出现的金星）之神。\n* 赫斯珀洛斯（Ἓσπερος，Hesperus），太白星（黄昏时出现的金星）之神。\n* 佩洛艾斯（Πυροεις，Pyroeis），火星之神。\n* 法厄同（Φαέθων，Phaethon），木星之神。\n* 淮农（Πηαινον，Phaenon），土星之神。",
    "Αὖρα (Aura)，奥拉\n微风女神。",
    "Αὖραι (Aurai)，奥瑞艾\n代表凉爽的微风女神（复数）。",
    "Χιονη (Chione)，喀俄涅\n雪之女神。",
    "Ἕρση (Herse)，赫耳塞\n露水神女。",
    "Ίρις (Iris)，伊丽丝\n彩虹的化身和奥林匹斯诸神的使者。",
    "Μεναι (Menae)，墨奈俄\n五十名代表月亮的五十个月相和每四个奥林匹克年的五十个月亮历的月份的女神。",
    "Νεφελαι (Nephelai)，讷菲莱\n云之女神（复数）。",
    "Νεφελη (Nephele)，涅斐勒\n云之女神。",
    "Ὠρείθυια (Orithyia)，俄瑞堤伊亚\n代表凉爽的山岚的女神。",
    "Πανδία (Pandia)，潘狄亚\n宙斯和塞勒涅的女儿，代表满月和露水的女神。",
    "Περιβοια (Periboea)，珀里波亚\n代表风和吐息的女神。",
    "Μαία (Maia)，迈亚\n昴星团七姐妹中最年长的，与宙斯生下了赫耳墨斯。",
    "Ηλέκτρα (Electra)，厄勒克特拉\n与宙斯生下了伊阿西翁和达耳达诺斯。",
    "Ταϋγέτη (Taygetea)，塔宇革忒\n与宙斯生下了拉刻代蒙和欧罗塔斯。",
    "Αλκυόνη (Alcyone)，阿尔库俄涅\n与波塞顿生下了许里俄斯。",
    "Κελαινώ (Celaeno)，刻莱诺\n与波塞顿生下了吕科斯和欧律皮洛斯。",
    "Στερόπη (Sterope)，斯忒洛珀\n与阿瑞斯生下了俄诺玛俄斯。",
    "Μερόπη (Merope)，墨洛珀\n昴星团七姐妹中最年幼的，为俄里翁所追求；另一些神话认为她与西绪福斯结婚，并成为人类。"
  ],
  "古希腊神祗": [ "[$t玩家]抽出了：{%_古希腊神祗}" ]
}