﻿{
  "_title": [ "哈利波特牌堆" ],
  "_author": [ "于言诺" ],
  "_date": [ "2022/5/21" ],
  "_version": [ "1.0.2" ],
  "_updateDate": [ "2022/8/16" ],
  "_brief": [ "魔咒、魔杖材质和课程的整理来自lof@如下月儿弯，神奇动物部分参考了神奇动物在哪里这本电子书。反正我不想做很细，就这样吧。\n1.0.1更新：有个比在我抓她壮丁的时候不来干活，我做完1.0.0她来了给我派活，气死了，解封了找她请我吃饭。更新的部分是比比多味豆，成绩单和分院。8.16更新：添加了_keys字段。" ],
  "_keys": [ "哈利波特魔杖", "哈利波特课程", "哈利波特咒语", "哈利波特神奇动物", "OWLS成绩", "哈利波特分院", "比比多味豆" ],
  "_魔杖长度": [
    "::1::八英寸长的，",
    "::2::八又四分之一英寸长的，",
    "::3::八又二分之一英寸长的，",
    "::4::八又四分之三英寸长的，",
    "::5::九英寸长的，",
    "::6::九又四分之一英寸长的，",
    "::7::九又二分之一英寸长的，",
    "::8::九又四分之三英寸长的，",
    "::9::十英寸长的，",
    "::9::十又四分之一英寸长的，",
    "::9::十又二分之一英寸长的，",
    "::9::十又四分之三英寸长的，",
    "::9::十一英寸长的，",
    "::9::十一又四分之一英寸长的，",
    "::9::十一又二分之一英寸长的，",
    "::9::十一又四分之三英寸长的，",
    "::9::十二英寸长的，",
    "::9::十二又四分之一英寸长的，",
    "::9::十二又二分之一英寸长的，",
    "::9::十二又四分之三英寸长的，",
    "::9::十三英寸长的，",
    "::9::十三又四分之一英寸长的，",
    "::9::十三又二分之一英寸长的，",
    "::9::十三又四分之三英寸长的，",
    "::9::十四英寸长的，",
    "::9::十四又四分之一英寸长的，",
    "::9::十四又二分之一英寸长的，",
    "::9::十四又四分之三英寸长的，",
    "::8::十五英寸长的，",
    "::7::十五又四分之一英寸长的，",
    "::6::十五又二分之一英寸长的，",
    "::5::十五又四分之三英寸长的，",
    "::4::十六英寸长的，",
    "::3::十六又四分之一英寸长的，",
    "::2::十六又二分之一英寸长的，",
    "::1::十六又四分之三英寸长的，"
  ],
  "_魔杖材质": [
    "金合欢木材质，",
    "桤木材质，",
    "苹果木材质，",
    "白蜡木材质，",
    "山杨木材质，",
    "山毛榉木材质，",
    "桦木材质，",
    "黑胡桃木材质，",
    "黑刺李木材质，",
    "雪松木材质，",
    "樱桃木材质，",
    "栗木材质，",
    "柏木材质，",
    "山茱萸木材质，",
    "黑檀木材质，",
    "接骨木材质，",
    "榆木材质，",
    "英国橡木材质，",
    "冷杉木材质，",
    "山楂木材质，",
    "榛木材质，",
    "冬青木材质，",
    "鹅耳枥木材质，",
    "落叶松木材质，",
    "月桂木材质，",
    "桃花心木材质，",
    "槭木材质，",
    "梨木材质，",
    "松木材质，",
    "白杨木材质，",
    "红橡木材质，",
    "红杉木材质，",
    "山梨木材质，",
    "银毛椴木材质，",
    "蛇木材质，",
    "云杉木材质，",
    "悬铃木材质，",
    "葡萄藤木材质，",
    "胡桃木材质，",
    "柳木材质，",
    "紫杉木材质，"
  ],
  "_魔杖内芯": [
    "内芯为蛇怪角，",
    "内芯为龙心弦，",
    "内芯为长角水蛇角，",
    "内芯为鹿角兔的鹿角，",
    "内芯为马形水怪鬃毛，",
    "内芯为凤凰羽毛，",
    "内芯为湿地狼人毛发，",
    "内芯为山暴龙心弦，",
    "内芯为夜骐尾毛，",
    "内芯为雷鸟尾羽，",
    "内芯为巨怪胡须，",
    "内芯为独角兽毛，",
    "内芯为媚娃的头发，",
    "内芯为猫豹毛发，",
    "内芯为怀特河怪背脊刺，"
  ],
  "_魔杖弹性": [
    "质地坚脆。",
    "挥起来嗖嗖响。",
    "柔韧。",
    "令人惊奇地柔韧。",
    "很柔韧。",
    "相当柔韧。",
    "柔韧度尚可。",
    "有弹性。",
    "令人惊奇地有弹性。",
    "很有弹性。",
    "相当有弹性。",
    "弹性尚可。",
    "轻微弹性。",
    "易弯曲。",
    "令人惊奇地易弯曲。",
    "很易弯曲。",
    "相当易弯曲。",
    "可弯曲的。",
    "坚硬。",
    "令人惊奇地坚硬。",
    "很坚硬。",
    "相当坚硬。",
    "硬度尚可。",
    "刚硬。",
    "令人惊奇地刚硬。",
    "很刚硬。",
    "相当刚硬。"
  ],
  "哈利波特魔杖": [ "[$t玩家]来到了魔杖店，一阵挑选之后，买到了这样的魔杖：{%_魔杖长度}{%_魔杖材质}{%_魔杖内芯}{%_魔杖弹性}" ],
  "_霍格沃茨课程": [
    "必修的变形课\n这门课的内容：\n变形课是霍格沃茨一至五年级学生的一门必修课。这门课程教授学生学习与了解如何改变某种对象的形状和外观。在课堂上会进行变形咒语的练习，有时课后也会留一些关于变形理论的作业。随着学习的深入，他们所接触的内容也就有更大的难度，课堂任务和课后作业也就会更难完成。",
    "必修的草药课\n这门课的内容：\n草药课是霍格沃茨一至五年级学生的必修课，一门研究魔法与普通的植物和蕈类的学科，相当于麻瓜世界中的植物学。在草药学课程中，学生会学习到如何照顾与利用不同种类的植物，并了解它们的魔法属性和应用。许多植物都可以作为魔药和药品的成分，而有些则本身就具有特殊的魔法效果。随着学习的深入，学生会接触到更加复杂与危险的植物。",
    "必修的飞行课\n这门课的内容：\n飞行课的授课内容是学习飞天扫帚的使用。飞行课每个星期都要上，只有一年级新生参加。",
    "必修的黑魔法防御术\n这门课的内容：\n这是一门学习如何用魔法来保护自己免受黑暗生物与黑魔法侵害的课程，学生会学习一些进攻性魔法用于抵御黑魔法。该课是教师替换率最高的一门课，据说是因为伏地魔曾想任该课教师被拒绝，所以诅咒了该课的任课教师。邓布利多曾提过“自从我拒绝伏地魔之后，就没有一个黑魔法防御术课教师能教满一年以上”。O.W.L.考试中，实际技能的考题包括破解咒、防御咒和博格特驱逐咒等。",
    "必修的魔法史\n这门课的内容：\n魔法史在一至五年级均为必修课，这门课主要教授魔法世界的历史。这是不需要实际使用魔法的课程之一，被公认为巫师界最枯燥的一门课程。在通过普通巫师等级考试之后，学生可以选择在六年级和七年级是否继续选修魔法史的N.E.W.T.级别课程。",
    "必修的魔药学\n这门课的内容：\n这是一门有关魔药配制的精密科学和严格工艺的课程，在一至五年级均为必修课。学生在课程中学习制作魔药的正确方法，根据具体的配方，使用各种魔法原料制作魔法药水。在学习过程中，内容由易到难。",
    "必修的魔咒学\n这门课的内容：\n魔咒学在一至五年级均为必修课，专注于教学生学习魔咒，例如漂浮咒、召唤咒和造水咒。魔咒课上学习的咒语可以在课本中找到，而学生在课上会学到魔杖的挥动方法和咒语的正确发音。学生经常会分组练习，在对方身上练习使用这些咒语。在赫敏1993年开始学习算术占卜学之前，魔咒学是她最喜欢的课。五年级的学生将会参加普通巫师等级考试。他们得到的O.W.L.成绩将会决定他们是否能继续上这一门课。在O.W.L.中取得“优秀”或者“良好”的成绩将能够继续参加N.E.W.T.级别的高级课程。",
    "必修的天文学\n这门课的内容：\n天文学是研究恒星和行星运行轨迹的魔法课程，在这门课程中学生并不需要使用任何使用魔法。天文学在一至五年级均为必修课，而在六至七年级为选修课程。在天文学这门课程中，学生在课程中会学习恒星、星座和行星的名字，学习它们的位置和运行方式，并且了解这些行星或卫星上的环境。",
    "选修的保护神奇生物\n这门课的内容：\n保护神奇生物是霍格沃茨的一门选修课，学生从三年级开始学习。在这门课中，学生将会学习一系列神奇生物，比如弗洛伯毛虫和火螃蟹，甚至还有独角兽和夜骐。在课上，学生们会了解如何进行喂食、保护、饲养这些生物，以及如何对待它们。擅长这一方面的巫师可能在未来成为神奇动物学家。",
    "选修的古代如尼文研究\n这门课的内容：\n古代如尼文是数百年前巫师使用的一种文字。古代如尼文研究这门课程是一门理论课程，主要研究古代如尼文的魔法文稿及其相关翻译。霍格沃茨从三年级开始可以选修这门课程。赫敏三年级时选修了该课。卢娜和谢诺菲留斯可能都上过这门课，因为在谢诺菲留斯主编的杂志《唱唱反调》中有一篇文章讲的是古如尼文，而卢娜解释了古如尼文中的信息。",
    "选修的幻影显形课\n这门课的内容：\n这是霍格沃茨开设的一门自愿报名的、为期12周的课程，教学生学习如何进行幻影显形。已年满17岁或到8月31日年满17岁的巫师，可以参加此课，学费为12加隆，需要额外支付（可能由于该课程非霍格沃茨常规课程，由魔法部负责授课），这门课程在圣诞节假期结束后不久开始。",
    "选修的麻瓜研究\n这门课的内容：\n麻瓜研究是霍格沃茨的选修课之一，主要研究并了解麻瓜的日常生活（包括麻瓜如何使用电力、科技），主要针对那些与麻瓜没有直接接触的巫师开设。赫敏在1993-1994学年选修了此课，因为她认为从魔法界的角度去研究麻瓜会很叫人入迷。1993-1994学年学生选课时，珀西曾对哈利提到“人们说选择麻瓜研究是愚蠢的，但我个人认为，巫师应该对非魔法社会有一个全面彻底的了解，尤其是如果他们想从事与麻瓜联系密切的工作的话——你看我父亲，他每时每刻都必须与麻瓜的事物打交道”。如果巫师毕业后想从事麻瓜联络方面的工作，就必须在N.E.W.T.终极巫师考试中麻瓜研究一科得到“优秀”。",
    "选修的算术占卜\n这门课的内容：\n这是霍格沃茨从三年级开始的一门选修课，它的主要授课内容是学习如何“利用数字预测未来”，也会讲授数字占卜的部分内容。这门课的作业包括撰写需要使用到复杂数字表的论文。算术占卜是赫敏在霍格沃茨最喜爱的一门课。在哈利表示“算术占卜看着怪吓人的”时候，她告诉哈利这门学问实际上“很奇妙”。如果想申请古灵阁巫师银行的解咒员工作，就需要取得算术占卜的O.W.L.证书。",
    "选修的占卜学\n这门课的内容：\n占卜学是霍格沃茨从三年级开始的一门选修课，通过观察茶叶渣的形状和水晶球等方式进行对未来的预测。特里劳尼教授称占卜学是魔法艺术中最难懂的一门，能从书本上学到的很有限，而少数拥有“视域”的人才能在该课程的学习出类拔萃。",
    "选修的炼金术\n这门课的内容：\n炼金术是魔法的一个分支，是一门古老的科学，研究四种基本元素的组成、结构和魔法属性，以及对物质的嬗变。它与魔药、化学和转化魔法有着密切的联系。炼金术可以追溯到古代，虽然麻瓜认为炼金术只是粗糙原始的化学，但仍有巫师在20世纪积极地学习和实践。炼金术是霍格沃茨的选修课，只有满足条件的六年级和七年级学生才能选修。"
  ],
  "_霍格沃茨课程成绩": [

    "::4::今天你获得的成绩是：优秀（O）。",
    "::8::今天你获得的成绩是：良好（E）。",
    "::16::今天你获得的成绩是：及格（A）。",
    "::4::今天你获得的成绩是：差（P）。",
    "::2::今天你获得的成绩是：很差（D）。",
    "::1::今天你获得的成绩是：极差（T）。"
  ],
  "哈利波特课程": [ "[$t玩家]今天所上的课程是：{%_霍格沃茨课程}\n{%_霍格沃茨课程成绩}" ],
  "_哈利波特咒语": [
    "Anapneo 安咳消",
    "Patented Daydream Charms 白日梦咒",
    "Muffliato Charm（Muffliato） 闭耳塞听咒（闭耳塞听）",
    "Flagrate 标记显现",
    "Colour Change Charm（Colovaria） 变色咒",
    "Supersensory Charm 超感咒",
    "Revulsion Jinx（Revulsio） 抽离咒（力松劲泄）",
    "Scouring Charm（Scourgify） 除垢咒（清理一新）",
    "Anti-Alohomora Charm 反开锁咒/反阿拉霍洞开",
    "Arrow-Shooting Spell 放箭咒",
    "Enlargement Charm 放大咒",
    "Bird-Conjuring Charm（Avis） 飞鸟召唤咒（飞鸟群群）",
    "Reviving Spell（Rennervate） 复苏咒（快快复苏/恢复活力）",
    "Gemino Curse/Doubling Charm（Geminio） 复制咒（复制成双）",
    "Confundus Charm（Confundo） 混淆咒（混淆视听）",
    "Apparate/Disapparate 幻影显形/移形",
    "Ferula 夹板紧扎",
    "Alohomora Charm（Alohomora） 开锁咒（阿拉霍洞开）",
    "Amplifying Charm（Sonorus） 扩音咒（声音洪亮）",
    "Cheering Charm 快乐咒",
    "Glisseo 滑道平平",
    "Mending Charm（Reparo） 修复咒（恢复如初）",
    "Orchideous 兰花盛开",
    "Unbreakable Charm 牢固咒",
    "Portus 门托斯",
    "Engorgement Charm 膨胀咒",
    "Quietening Charm（Quietus） 悄声咒（悄声细语）",
    "Severing Charm（Diffindo） 切割咒（四分五裂）",
    "Water-Making Spell（Aguamenti） 清水如泉咒/造水咒（清水如泉）",
    "Homenum Revelio 人形显身",
    "Priori Incantatem（Prior Incantato） 闪回咒（闪回前咒）",
    "Stretching Jinx 伸长咒",
    "Growth Charm 生长咒",
    "Hair-Thickening Charm 生发咒",
    "Erecto 竖立成形",
    "Scarpin’s Revela Spell 斯卡平现形咒",
    "Piertotum Locomotor 石墩出动",
    "Impervius Charm（Impervius） 水火不侵咒（防水防湿/水火不侵）",
    "Pack 收拾",
    "Talking Spell 说话咒",
    "Engorgio 速速变大",
    "Shrinking Charm（Reducio） 收缩咒（速速缩小）",
    "Gouging Spell（Defodio） 挖掘咒（掘进三尺）",
    "Undetectable Extension Charm 无痕伸展咒",
    "Silencing Charm（Silencio） 无声无息咒（无声无息）",
    "Extinguishing Spell 熄灭咒",
    "Revealing Charm（Aparecium） 现形咒（急急现形）",
    "Eradication Spell（Deletrius） 消影咒（消影无踪）",
    "Tergeo 旋风扫净",
    "Levitation Charm（Wingardium Leviosa） 悬停咒/漂浮咒（羽加迪姆勒维奥萨）",
    "Permanent Sticking Charm 永久粘贴咒",
    "Concealment Charms 隐藏咒",
    "Hardening Charm（Duro） 硬化咒（幻形石板）",
    "Wand-lighting Charm（Lumos） 魔杖发光咒（荧光闪烁）",
    "Wand-Extinguishing Charm（Nox） 魔杖熄灭咒（诺克斯）",
    "Descendo 应声落地",
    "Episkey 愈合如初",
    "Metelojinx Recanto 云咒撤回",
    "Specialis Revelio 原形立现",
    "Snowflake-Creating Spell 造雪咒",
    "Switching Spell 转换咒",
    "Summoning Charm（Accio） 召唤咒/飞来咒（飞来飞去）",
    "Blasting Curse（Confringo） 爆炸咒（霹雳爆炸）",
    "Trip Jinx 绊腿咒",
    "Freezing Charm（Immobulus） 冰冻咒（地冻天寒）",
    "Bat-Bogey Hex 蝙蝠精咒",
    "Protean Charm 变化咒",
    "Levicorpus 倒挂金钟",
    "Deprimo 房塌地陷",
    "Expulso Curse（Expulso） 飞沙走石咒（飞沙走石）",
    "Pimple Jinx（Furnunculus） 疙瘩咒（火烤热辣辣）",
    "Tickling Charm（Rictusempra） 呵痒咒/胳肢咒（咧嘴呼啦啦）",
    "Stunning Spell（Stupefy） 昏迷咒（昏昏倒地）",
    "Disarming Charm（Expelliarmus） 缴械咒（除你武器）",
    "Liberacorpus 金钟落地",
    "Flagrante Curse 烈火咒",
    "Fire-Making Spell/Fire-Making Charm（Incendio） 烈火咒（火焰熊熊）",
    "Densaugeo 门牙赛大棒",
    "Bubble-Head Charm 泡头咒",
    "Banishing Charm 驱逐咒",
    "Repelling Spell 驱避咒",
    "Full Body-Bind Curse（Petrificus 全身束缚咒（统统石化）",
    "Jelly-Legs Jinx 软腿咒",
    "Legilimency Spell（Legilimens） 摄神取念咒（摄神取念）",
    "Incarcerous 速速禁锢",
    "Langlock 锁舌封喉",
    "Leg-Locking Spell/Leg-locker Curse（Locomotor 锁腿咒（腿立僵停死）",
    "Dancing Feet Spell（Tarantallegra） 舞步咒（塔朗泰拉舞）",
    "Entrail-Expelling Curse 掏肠咒",
    "Slug-Vomiting Charm 吐鼻涕虫咒",
    "Waddiwasi 瓦迪瓦西",
    "Oppuano Jinx（Oppugno） 万弹齐发咒（万弹齐发）",
    "Serpensortia 乌龙出动",
    "Refilling Charm 续满咒",
    "Conjunectivitus Curse 眼疾咒",
    "Memory Charm/Forgetfulness Charm（Obliviate） 遗忘咒（一忘皆空）",
    "Locomotion Charm（Locomotor） 移动咒（移动）",
    "Stinging Jinx 蜇人咒",
    "Ear-shrivelling Curse 皱耳咒",
    "Fidelius Charm 赤胆忠心咒",
    "Anti-Intrudr Jinx 反侵入咒",
    "Defensive Spell 防御咒",
    "Anti-Cheating Charms/Anti-Cheating Spell 防作弊咒",
    "Mobilicorpus 僵尸飘行",
    "Disillusionment Charm/Bedazzling Hex 幻身咒",
    "Cushioning Charm 减震咒",
    "Imperturbable Charm 抗扰咒",
    "Locking Spell（Colloportus） 锁定咒（快快禁锢）",
    "Muggle-Repelling Charm（Repello Muggletum） 麻瓜驱逐咒（麻瓜屏蔽）",
    "Salvio Hexia 平安镇守",
    "Counter-Charm 破解咒",
    "Stealth Sensoring Spell 窃贼感应咒",
    "Shield Charm（Protego） 铁甲咒（盔甲护身）",
    "Protego Totalum 统统加护",
    "Caterwauling Charm 啸叫咒",
    "Cave Inimicum 降敌陷阱",
    "Mobiliarbus 移形换影/植物飘行",
    "Vanishing Spell/Evanesco 隐形咒（消隐无踪）",
    "Impediment Jinx（Impedimenta） 障碍咒（障碍重重）",
    "Boggart-Banishing Spell（Riddikulus） 博格特驱逐咒（滑稽滑稽）",
    "Occlumency 大脑封闭术",
    "Anti-Apparition Charm 反幻影显形咒",
    "Anti-Disapparition Jinx 反幻影移行咒",
    "Patronus Charm（Expecto Patronum） 守护神咒（呼神护卫）",
    "Finite Incantatem（Finite） 停止咒（咒立停）",
    "Morsmordre 尸骨再现",
    "Sectumsempra 神锋无影",
    "Necromancy 招魂术",
    "Fiendfyre 厉火",
    "Imperius Curse（Imperio） 夺魂咒（魂魄出窍）",
    "Killing Curse（Avada Kedavra） 杀戮咒（阿瓦达索命）",
    "Cruciatus Curse（Crucio） 钻心咒（钻心剜骨）",
    "Homorphus Charm 恢复人形咒",
    "Backfiring Jinx 回火咒",
    "Substantive Charm 基础运动魔咒",
    "Unbreakable Vow 牢不可破的誓言",
    "Shock Spell 魔法休克治疗",
    "Age Line 年龄线",
    "Reveal your secret！ 显示出你的秘密",
    "Unplottability 不可标绘"
  ],
  "哈利波特咒语": [ "[$t玩家]抽出了：{%_哈利波特咒语}。" ],
  "_哈利波特神奇动物": [
    "Acromantula 八眼巨蛛\n魔法部分类：XXXXX。",
    "Ashwinder 火灰蛇\n魔法部分类：XXX。",
    "Augurey 卜鸟\n魔法部分类：XX。",
    "Basilisk 蛇怪\n魔法部分类：XXXXX。",
    "Billywig 比利威格虫\n魔法部分类：XXX。",
    "Bowtruckle 护树罗锅\n魔法部分类：XX。",
    "Bundimun 斑地芒\n魔法部分类：XXX。",
    "Centaur 马人\n魔法部分类：XXXX。",
    "Chimaera 客迈拉兽\n魔法部分类：XXXXX。",
    "Chizpurfle 毛螃蟹\n魔法部分类：XX。",
    "Clabbert 树猴蛙\n魔法部分类：XX。",
    "Crup 燕尾狗\n魔法部分类：XXX。",
    "Demiguise 隐形兽\n魔法部分类：XXXX。",
    "Diricawl 球遁鸟\n魔法部分类：XX。",
    "Doxy 狐媚子\n魔法部分类：XXX。",
    "Dragon 火龙\n魔法部分类：XXXXX。",
    "Dugbog 沼泽挖子\n魔法部分类：XXX。",
    "Erkling 恶尔精\n魔法部分类：XXXX。",
    "Erumpent 毒角兽\n魔法部分类：XXXX。",
    "Fairy 仙子\n魔法部分类：XX。",
    "Fire Crab 火螃蟹\n魔法部分类：XXX。",
    "Flobberworm 弗洛伯毛虫\n魔法部分类：X。",
    "Fwooper 恶婆鸟\n魔法部分类：XXX。",
    "Ghoul 食尸鬼\n魔法部分类：XX。",
    "Glumbumble 伤心虫\n魔法部分类：XXX。",
    "Gnome 地精\n魔法部分类：XX。",
    "Graphorn 角驼兽\n魔法部分类：XXXX。",
    "Griffin 狮身鹰首兽\n魔法部分类：XXXX。",
    "Grindylow 格林迪洛\n魔法部分类：XX。",
    "Hippocampus 马头鱼尾海怪\n魔法部分类：XXX。",
    "Hippogriff 鹰头马身有翼兽\n魔法部分类：XXX。",
    "Horklump 霍克拉普\n魔法部分类：X。",
    "Imp 小魔鬼\n魔法部分类：XX。",
    "Javey 土扒貂\n魔法部分类：XXX。",
    "Jobberknoll 绝音鸟\n魔法部分类：XX。",
    "Kappa 卡巴\n魔法部分类：XXXX。",
    "Kelpie 马形水怪\n魔法部分类：XXXX。",
    "Knarl 刺佬儿\n魔法部分类：XXX。",
    "Kneazle 猫狸子\n魔法部分类：XXX。",
    "Leprechaun 小矮妖\n魔法部分类：XXX。",
    "Lethifold 伏地蝠\n魔法部分类：XXX。",
    "Lobalug 洛巴虫\n魔法部分类：XXX。",
    "Mackled Malaclaw 软爪陆虾\n魔法部分类：XXX。",
    "Manticore 人头狮身蝎尾兽\n魔法部分类：XXXXX。",
    "Merpeople 人鱼\n魔法部分类：XXXX。",
    "Moke 变形蜥蜴\n魔法部分类：XXX。",
    "Mooncalf 月痴兽\n魔法部分类：XX。",
    "Murtlap 莫特拉鼠\n魔法部分类：XXX。",
    "Niffler 嗅嗅\n魔法部分类：XXX。",
    "Nogtail 矮猪怪\n魔法部分类：XXX。",
    "Nundu 囊毒豹\n魔法部分类：XXXXX。",
    "Occamy 鸟蛇\n魔法部分类：XXXX。",
    "Phoenix 凤凰\n魔法部分类：XXXX。",
    "Pixie 小精灵\n魔法部分类：XXX。",
    "Plimpy 彩球鱼\n魔法部分类：XXX。",
    "Pogrebin 大头毛怪\n魔法部分类：XXX。",
    "Porlock 庞洛克\n魔法部分类：XXX。",
    "Puffskein 蒲绒绒\n魔法部分类：XX。",
    "Quintaped 五足怪\n魔法部分类：XXXXX。",
    "Ramora 拉莫拉鱼\n魔法部分类：XX。",
    "Red Cap 红帽子\n魔法部分类：XXX。",
    "Re'em 瑞埃姆牛\n魔法部分类：XXXX。",
    "Runespoor 如尼纹蛇\n魔法部分类：XXXX。",
    "Salamander 火蜥蜴\n魔法部分类：XXX。",
    "Sea Serpent 海蛇\n魔法部分类：XXX。",
    "Shrake 希拉克鱼\n魔法部分类：XXX。",
    "Snidget 飞侠\n魔法部分类：XXXX。",
    "Sphinx 斯芬克斯\n魔法部分类：XXXX。",
    "Streeler 变色巨螺\n魔法部分类：XXX。",
    "Tebo 特波疣猪\n魔法部分类：XXXX。",
    "Troll 巨怪\n魔法部分类：XXXX。",
    "Unicorn 独角兽\n魔法部分类：XXXX。",
    "Werewolf 狼人\n魔法部分类：XXXXX。",
    "Winged Horse 飞马\n魔法部分类：XX-XXXX。",
    "Yeti 雪人\n魔法部分类：XXX。"
  ],
  "哈利波特神奇动物": [ "[$t玩家]在冒险中遇到了：{%_哈利波特神奇动物}" ],
  "_单项成绩": [
    "::10::优秀（O）",
    "::10::良好（E）",
    "::10::及格（A）",
    "::4::差（P）",
    "::4::很差（D）",
    "::2::极差（T）"
  ],
  "_选修课成绩": [
    "保护神奇生物 {%_单项成绩}\n古代如尼文研究 {%_单项成绩}\n麻瓜研究 {%_单项成绩}",
    "保护神奇生物 {%_单项成绩}\n古代如尼文研究 {%_单项成绩}\n算术占卜 {%_单项成绩}",
    "保护神奇生物 {%_单项成绩}\n古代如尼文研究 {%_单项成绩}\n占卜学 {%_单项成绩}",
    "保护神奇生物 {%_单项成绩}\n麻瓜研究 {%_单项成绩}\n算术占卜 {%_单项成绩}",
    "保护神奇生物 {%_单项成绩}\n麻瓜研究 {%_单项成绩}\n占卜学 {%_单项成绩}",
    "保护神奇生物 {%_单项成绩}\n算术占卜 {%_单项成绩}\n占卜学 {%_单项成绩}",
    "古代如尼文研究 {%_单项成绩}\n麻瓜研究 {%_单项成绩}\n算术占卜 {%_单项成绩}",
    "古代如尼文研究 {%_单项成绩}\n麻瓜研究 {%_单项成绩}\n占卜学 {%_单项成绩}",
    "古代如尼文研究 {%_单项成绩}\n算术占卜 {%_单项成绩}\n占卜学 {%_单项成绩}",
    "麻瓜研究 {%_单项成绩}\n算术占卜 {%_单项成绩}\n占卜学 {%_单项成绩}"
  ],
  "OWLS成绩": [ "[$t玩家]的O.W.L.S.成绩单是：\n变形术 {%_单项成绩}\n草药学 {%_单项成绩}\n黑魔法防御术 {%_单项成绩}\n魔咒学 {%_单项成绩}\n魔药学 {%_单项成绩}\n魔法史 {%_单项成绩}\n天文学 {%_单项成绩}\n{%_选修课成绩}" ],
  "_玩家动作": [
    "[$t玩家]戴上了分院帽。",
    "[$t玩家]把分院帽扣在头上。",
    "[$t玩家]从头到脚都在颤抖。",
    "[$t玩家]跌跌撞撞地走出队列，戴上分院帽。",
    "[$t玩家]捂着鼻子戴上分院帽，一副很嫌弃味道的样子。",
    "[$t玩家]脸色发青，小声嘟囔着“不要{%_学院}”。",
    "[$t玩家]几乎跑到帽子跟前，急急忙忙戴上分院帽。",
    "[$t玩家]朝凳子跑的路上摔了一跤。",
    "[$t玩家]大得出奇的耳朵卡住了帽檐，让分院帽没有落到他肩膀上。",
    "[$t玩家]的头太小，分院帽一路盖到了他的肩膀。",
    "[$t玩家]大摇大摆地走向分院帽。",
    "[$t玩家]微笑着走上前去，向分院帽打招呼。",
    "[$t玩家]给分院帽行了三拜九叩大礼。",
    "[$t玩家]持着麻瓜手枪威胁分院帽。",
    "[$t玩家]弹了弹分院帽上千年没弹过的灰。",
    "[$t玩家]对分院帽使用了火焰熊熊，效果绝佳。"
  ],
  "_帽子反应": [
    "片刻停顿后，帽子喊道：",
    "帽子宣布：",
    "帽子几乎刚碰到[$t玩家]的头就尖叫道：",
    "帽子用了很长时间才作出决定：",
    "帽子气得快要着火了：",
    "帽子大声宣布：",
    "帽子纠结了半个小时：",
    "帽子支支吾吾：",
    "帽子感到了一丝莫名地恐惧：",
    "帽子被威胁了：",
    "帽子只在[$t玩家]头上呆了一会就决定：",
    "帽子在[$t玩家]头上睡着了，嘴里念叨着梦话：",
    "帽子使用骰子为[$t玩家]进行了一次分院："
  ],
  "_学院": [
    "格兰芬多",
    "拉文克劳",
    "斯莱特林",
    "赫奇帕奇"
  ],
  "哈利波特分院": [ "{%_玩家动作}\n{%_帽子反应}“{%_学院}！”" ],
  "_比比多味豆口味": [
    "香蕉味（Banana）",
    "黑胡椒味（Black Pepper）",
    "蓝莓味（Blueberry）",
    "耳屎味（Booger）",
    "棉花糖味（Candyfloss）",
    "樱桃味（Cherry）",
    "肉桂味（Cinnamon）",
    "泥土味（Dirt）",
    "蚯蚓味（Earthworm）",
    "耳屎味（Earwax）",
    "青草味（Grass）",
    "青苹果味（Green Apple）",
    "烤棉花糖味（Marshmallow）",
    "臭鸡蛋味（Rotten Egg）",
    "香肠味（Sausage）",
    "柠檬味（Lemon）",
    "肥皂味（Soap）",
    "什锦水果味（Tutti-Fruitti）",
    "呕吐物味（Vomit）",
    "西瓜味（Watermelon）"
  ],
  "比比多味豆": [ "[$t玩家]今天吃到了{%_比比多味豆口味}的比比多味豆。味道如何？" ]

}