﻿{
  "_title": [ "洋果子店ROSE" ],
  "_author": [ "于言诺（QQ:3406451799），太初" ],
  "_date": [ "2022/6/28" ],
  "_version": [ "1.1.1" ],
  "_updateDate": [ "2022/8/16" ],
  "_brief": [ "麻烦太初了！！！以及推荐用法：用ROSE菜品这个关键词来抽你的pc今晚吃啥。8.16更新：添加了_keys字段。" ],
  "_keys": ["ROSE食材","ROSE菜品"],
  "_面粉食材": [
    "小麦粉",
    "鱼胶粉",
    "白玉粉",
    "葛粉",
    "发粉",
    "肉桂",
    "牛油饼皮",
    "蕨粉",
    "黄豆粉",
    "荞麦粉",
    "酵母",
    "咖喱粉"
  ],
  "_畜产食材": [
    "奶油",
    "吉士",
    "牛奶",
    "奶油起司",
    "鸡蛋",
    "牛油",
    "焦糖",
    "香肠",
    "培根",
    "鸡肉",
    "猪肉",
    "烤牛肉",
    "炼奶"
  ],
  "_农作物食材": [
    "红豆",
    "米",
    "糯米",
    "抹茶",
    "红茶",
    "咖啡豆",
    "南瓜",
    "红薯",
    "黄豆",
    "艾草",
    "马铃薯",
    "姜",
    "玉米",
    "黑芝麻",
    "生菜",
    "菠菜",
    "番茄",
    "胡萝卜",
    "洋葱",
    "黑麦",
    "蚕豆",
    "杂菌",
    "焙茶",
    "薄荷",
    "食用玫瑰",
    "燕麦片",
    "白腰豆"
  ],
  "_生果食材": [
    "杏仁",
    "栗子",
    "草莓",
    "苹果",
    "蜜瓜",
    "橘子",
    "可可",
    "香蕉",
    "芒果",
    "柠檬",
    "蓝莓",
    "水蜜桃",
    "葡萄",
    "柚子",
    "覆盆子",
    "樱桃",
    "梅",
    "混合果仁",
    "香草",
    "牛油果",
    "蔓越莓",
    "菠萝",
    "白草莓",
    "麝香葡萄",
    "西洋梨",
    "西瓜",
    "椰子",
    "无花果",
    "杏子"
  ],
  "_其他食材": [
    "寒天",
    "白玉",
    "砂糖",
    "鲜虾",
    "黑蜜",
    "酱油",
    "盐",
    "海苔",
    "法式清汤",
    "水",
    "白兰地",
    "蜂蜜",
    "樱花",
    "和三盆",
    "巧克力",
    "樱花馅",
    "鱼排",
    "明太子",
    "天然酵母",
    "金箔",
    "高级油腌鲱鱼",
    "食用色素",
    "麹",
    "生面",
    "杂果罐头",
    "碳酸水",
    "橄榄油",
    "珍珠",
    "鲑鱼",
    "贝盛合"
  ],
  "_面粉": [
    "{_面粉食材}",
    "{_面粉食材}，{_面粉食材}"
  ],
  "_畜产": [
    "{_畜产食材}",
    "{_畜产食材}，{_畜产食材}"
  ],
  "_农作物": [
    "{_农作物食材}",
    "{_农作物食材}，{_农作物食材}",
    "{_农作物食材}，{_农作物食材}，{_农作物食材}"
  ],
  "_生果": [
    "{_生果食材}",
    "{_生果食材}，{_生果食材}",
    "{_生果食材}，{_生果食材}，{_生果食材}"
  ],
  "_其他": [
    "{_其他食材}",
    "{_其他食材}，{_其他食材}",
    "{_其他食材}，{_其他食材}，{_其他食材}"
  ],
  "ROSE食材": [ "[$t玩家]抽出了：\n店主在农场中收获了{_面粉}，{_畜产}，{_农作物}，{_生果}，{_其他}。" ],
  "_ROSE菜品": [
    "草莓蛋糕，合计300",
    "巧克力蛋糕，合计600",
    "柠檬蛋糕，合计400",
    "烤起司蛋糕，合计400",
    "奶油起司蛋糕，合计500",
    "巧克力起司蛋糕，合计500",
    "栗子蛋糕，合计400",
    "蜜瓜蛋糕，合计800",
    "抹茶蛋糕，合计450",
    "小鸡蛋糕，合计600",
    "狸猫蛋糕，合计600",
    "雪芳蛋糕，合计300",
    "红茶雪芳蛋糕，合计350",
    "柠檬雪芳蛋糕，合计350",
    "法式巧克力蛋糕，合计800",
    "咖啡瑞士卷，合计300",
    "草莓瑞士卷，合计300",
    "焦糖瑞士卷，合计300",
    "肉桂卷，合计400",
    "生姜瑞士卷，合计400",
    "南瓜瑞士卷，合计400",
    "樱花瑞士卷，合计400",
    "日式瑞士卷，合计500",
    "经典瑞士卷，合计500",
    "黄豆粉瑞士卷，合计500",
    "草莓奄列蛋糕，合计550",
    "圣诞树干蛋糕，合计2500",
    "栗子蒙布朗，合计500",
    "秋季特典蒙布朗，合计550",
    "草莓蒙布朗，合计550",
    "Tiramisu（提拉米苏蛋糕），合计500",
    "苹果派，合计500",
    "巧克力派，合计500",
    "柠檬派，合计500",
    "冧酒提子派，合计550",
    "樱桃派，合计500",
    "覆盆子派，合计500",
    "水蜜桃派，合计500",
    "蓝莓起司派，合计600",
    "法式千层酥，合计600",
    "草莓塔，合计500",
    "蓝莓塔，合计500",
    "蛋塔，合计500",
    "奶油起司塔，合计500",
    "芒果塔，合计500",
    "栗子塔，合计550",
    "南瓜塔，合计500",
    "美国热狗，合计300",
    "沙翁，合计300",
    "巧克力马卡龙，合计800",
    "咖啡马卡龙，合计800",
    "抹茶马卡龙，合计800",
    "草莓马卡龙，合计800",
    "布丁，合计200",
    "巧克力布丁，合计300",
    "草莓布丁，合计300",
    "艾草布丁，合计400",
    "芒果布丁，合计400",
    "南瓜布丁，合计350",
    "红薯布丁，合计350",
    "意大利奶冻，合计400",
    "热香饼，合计250",
    "玛德莲贝壳小蛋糕，合计200",
    "百露华，合计300",
    "法式吐司，合计300",
    "松饼，合计350",
    "巧克力松饼，合计350",
    "覆盆子松饼，合计350",
    "Biscotti（意大利脆饼），合计400",
    "意大利巧克力脆饼，合计450",
    "窝夫，合计400",
    "糯米窝夫，合计450",
    "布朗尼，合计600",
    "曲奇，合计100",
    "巧克力曲奇，合计200",
    "起司曲奇，合计200",
    "芝麻曲奇，合计150",
    "红茶曲奇，合计250",
    "黄豆粉曲奇，合计250",
    "南瓜曲奇，合计150",
    "姜饼，合计200",
    "甜面包干，合计200",
    "草莓面包干，合计250",
    "巧克力面包干，合计250",
    "蜂蜜面包干，合计300",
    "抹茶面包干，合计300",
    "草莓法式可丽饼，合计450",
    "香蕉法式可丽饼，合计450",
    "巧克力法式可丽饼，合计450",
    "千层蛋糕，合计450",
    "忌廉泡芙，合计100",
    "草莓泡芙，合计150",
    "生巧克力泡芙，合计400",
    "牛奶泡芙，合计150",
    "巧克力曲奇泡芙，合计250",
    "抹茶忌廉泡芙，合计300",
    "吉士忌廉泡芙，合计300",
    "羊羹，合计100",
    "水羊羹，合计200",
    "栗子羊羹，合计650",
    "红薯羊羹，合计300",
    "日本蒸果子，合计200",
    "金锷，合计500",
    "铜锣烧，合计150",
    "鲜忌廉铜锣烧，合计200",
    "荻饼（红豆），合计100",
    "草饼，合计400",
    "馅衣饼，合计350",
    "大福，合计100",
    "豆大福，合计300",
    "盐大福，合计300",
    "草莓大福，合计400",
    "忌廉大福，合计400",
    "日式酱油丸子，合计150",
    "月见团子，合计900",
    "年糕红豆汤，合计450",
    "葛切粉条，合计800",
    "蕨饼，合计750",
    "豆沙水果凉粉，合计500",
    "豆沙水果冰淇淋凉粉，合计600",
    "白玉红豆汤，合计500",
    "小丸子冰淇淋红豆汤，合计600",
    "花林糖，合计150",
    "炸红薯条，合计200",
    "炸黑糖红豆馒头，合计150",
    "酱油仙贝，合计100",
    "盐味仙贝，合计100",
    "虾仙贝，合计350",
    "炸年糕，合计200",
    "长崎蛋糕，合计750",
    "八桥饼，合计800",
    "生八桥饼，合计1500",
    "红豆寒天，合计1000",
    "杏仁豆腐，合计350",
    "梅干，合计50",
    "糖渍栗子，合计600",
    "焗红薯，合计300",
    "棉花糖，合计450",
    "苹果糖，合计400",
    "巧克力香蕉，合计200",
    "豆沙面包，合计250",
    "棉花软糖，合计100",
    "草莓棉花软糖，合计150",
    "巧克力棉花软糖，合计150",
    "橘子果冻，合计300",
    "草莓果冻，合计300",
    "春梅果冻，合计300",
    "咖啡果冻，合计300",
    "红茶果冻，合计300",
    "奶冻，合计400",
    "盐味爆米花，合计300",
    "巧克力爆米花，合计300",
    "焦糖爆米花，合计300",
    "盐味薯片，合计250",
    "清汤味薯片，合计250",
    "海苔味薯片，合计250",
    "牛奶甜甜圈，合计300",
    "草莓甜甜圈，合计300",
    "巧克力甜甜圈，合计350",
    "奶油起司甜甜圈，合计350",
    "红豆甜甜圈，合计300",
    "米香甜甜圈，合计450",
    "经典甜甜圈，合计500",
    "豆浆甜甜圈，合计500",
    "荞麦甜甜圈，合计600",
    "西班牙油条，合计250",
    "草莓西班牙油条，合计350",
    "可可西班牙油条，合计350",
    "草莓巧克力，合计100",
    "杏仁巧克力，合计100",
    "松露巧克力，合计600",
    "香草冰淇淋，合计200",
    "草莓冰淇淋，合计250",
    "巧克力冰淇淋，合计250",
    "咖啡冰淇淋，合计250",
    "豆浆冰淇淋，合计250",
    "冰淇淋泡芙，合计250",
    "草莓刨冰，合计400",
    "蜜瓜刨冰，合计400",
    "柠檬刨冰，合计400",
    "抹茶刨冰，合计400",
    "草莓牛奶刨冰，合计450",
    "蜜瓜牛奶刨冰，合计450",
    "柠檬牛奶刨冰，合计450",
    "抹茶牛奶刨冰，合计450",
    "草莓芭菲，合计700",
    "巧克力芭菲，合计700",
    "抹茶芭菲，合计700",
    "鲜橙汁，合计200",
    "苹果汁，合计200",
    "西柚汁，合计200",
    "杂果果汁，合计300",
    "咖啡，合计300",
    "红茶，合计250",
    "奶茶，合计300",
    "柠檬茶，合计300",
    "英国皇家奶茶，合计500",
    "印度奶茶，合计500",
    "抹茶拿铁，合计400",
    "豆浆拿铁，合计400",
    "焦糖玛奇朵，合计500",
    "浮冰咖啡，合计500",
    "浮冰可可，合计500",
    "香草奶昔，合计500",
    "草莓奶昔，合计500",
    "巧克力奶昔，合计500",
    "香蕉奶昔，合计500",
    "抹茶奶昔，合计550",
    "优格奶昔，合计500",
    "焦糖牛奶奶昔，合计600",
    "焦糖冰咖啡，合计600",
    "吐司，合计200",
    "葡萄干面包，合计300",
    "抹茶面包，合计350",
    "披萨吐司，合计400",
    "味噌起司吐司，合计400",
    "蜜糖吐司，合计400",
    "蜜瓜包，合计200",
    "炸面包，合计200",
    "樱花抹茶面包，合计300",
    "玉米包，合计300",
    "法式奶油烤面包，合计400",
    "法式杂菌奶油烤面包，合计450",
    "热狗面包，合计200",
    "核桃面包，合计300",
    "奶油小餐包，合计300",
    "热狗，合计400",
    "吉士面包，合计400",
    "牛油面包，合计200",
    "咸牛油面包，合计250",
    "咖喱包，合计200",
    "培根起司面包，合计300",
    "白面包，合计300",
    "蚕豆面包，合计300",
    "螃蟹面包，合计350",
    "龟面包，合计350",
    "兔子面包，合计350",
    "熊猫面包，合计350",
    "小鸡面包，合计350",
    "起司面包条，合计200",
    "吉士螺旋面包，合计300",
    "巧克力螺旋面包，合计350",
    "抹茶螺旋面包，合计350",
    "法式长棍面包，合计300",
    "明太子法国面包，合计500",
    "小猪面包，合计400",
    "奶油长面包，合计400",
    "日式长棍面包，合计400",
    "培根穗麦面包，合计400",
    "起司面包，合计500",
    "戒指面包，合计400",
    "核桃蔓越莓面包，合计500",
    "法国乡村面包，合计500",
    "牛角面包，合计200",
    "果仁牛角面包，合计300",
    "抹茶牛角面包，合计300",
    "巧克力奶油牛角面包，合计400",
    "牛角面包三明治，合计600",
    "肉馅饼，合计600",
    "鸡肉松露馅饼，合计700",
    "鲱鱼南瓜派，合计800",
    "南瓜奶油派，合计500",
    "牧羊人派，合计500",
    "菠萝苹果派，合计600",
    "香脆酥饼配冰淇淋，合计500",
    "凤梨酥，合计800",
    "意大利三明治，合计800",
    "丹麦酥，合计400",
    "明太子马铃薯丹麦酥，合计500",
    "奶油丹麦酥，合计600",
    "巧克力丹麦酥，合计600",
    "草莓丹麦酥，合计500",
    "洋梨丹麦酥，合计600",
    "蜜桃丹麦酥，合计700",
    "芒果丹麦酥，合计600",
    "柚子丹麦酥，合计600",
    "樱桃丹麦酥，合计800",
    "法式咸派，合计500",
    "布莉欧冰淇淋，合计500",
    "德式圣诞蛋糕，合计800",
    "班尼迪克蛋，合计1000",
    "法式三文治，合计800",
    "巧克力熔岩蛋糕，合计900",
    "香蕉巧克力松饼，合计900",
    "草莓巧克力松饼，合计900",
    "彩虹蛋糕，合计1000",
    "巧克力香蕉玛芬，合计700",
    "抹茶玛芬，合计700",
    "曲奇玛芬，合计700",
    "蔓越莓香蕉玛芬，合计800",
    "红豆荞麦玛芬，合计800",
    "蓝莓玛芬，合计800",
    "红茶玛芬，合计800",
    "樱花玛芬，合计800",
    "法式咖喱鱼加莱特，合计900",
    "水果蛋糕，合计1000",
    "胡萝卜蛋糕，合计700",
    "柚子慕斯蛋糕，合计800",
    "清爽柑橘塔，合计1000",
    "培根生菜三明治，合计500",
    "碎蛋三明治，合计500",
    "鱼排三明治，合计700",
    "吉列虾饼三明治，合计900",
    "吉列虾牛油果三明治，合计1000",
    "炸猪排三明治，合计1000",
    "炒面面包，合计300",
    "意式番茄意粉面包，合计300",
    "炸鸡三明治，合计500",
    "香烤牛肉三明治，合计1100",
    "水果三明治，合计700",
    "金箔冰淇淋，合计600",
    "金箔抹茶冰淇淋，合计800",
    "水蜜桃芭菲，合计1000",
    "樱桃芭菲，合计1000",
    "杂莓芭菲，合计1200",
    "马卡龙草莓芭菲，合计1300",
    "宇治抹茶马卡龙芭菲，合计1300",
    "樱花芭菲，合计1200",
    "金箔和风芭菲，合计1500",
    "白草莓芭菲，合计1500",
    "白草莓塔，合计1500",
    "洋梨塔，合计1200",
    "豪华巨峰葡萄芭菲，合计1500",
    "翠绿麝香葡萄塔，合计1200",
    "樱花曲奇，合计400",
    "樱花抹茶大福，合计400",
    "樱花丸子，合计500",
    "传统烧丸子，合计400",
    "鲷鱼烧，合计300",
    "黄金鲷鱼烧，合计500",
    "笹团子，合计300",
    "烤红薯冰淇淋，合计300",
    "棉花糖梳打，合计500",
    "梅子梳打，合计700",
    "手工可乐，合计700",
    "柠檬特饮，合计700",
    "黑芝麻香蕉冰沙，合计600",
    "胡萝卜冰沙，合计600",
    "可可杏仁冰沙，合计600",
    "绿色冰沙，合计600",
    "蓝莓冰沙，合计600",
    "姜味冰沙，合计600",
    "红色冰沙，合计600",
    "番茄汁，合计600",
    "拉花拿铁，合计700",
    "维纳咖啡，合计700",
    "蜜瓜浮冰，合计900",
    "原颗蜜瓜梳打，合计1200",
    "香橙巧克力饼，合计1000",
    "味噌核桃，合计500",
    "香蕉春卷，合计500",
    "金砖蛋糕，合计1000",
    "意大利奶油甜馅饼卷，合计1000",
    "法式贝涅饼，合计1000",
    "粒粒棉花糖，合计1000",
    "古格霍夫干果面包，合计1000",
    "可露丽，合计1000",
    "法式奶冻，合计1000",
    "猫舌饼，合计1000",
    "意大利千层贝壳酥，合计1000",
    "夹心蛋糕，合计1000",
    "土耳其软糖，合计1000",
    "月饼，合计1000",
    "豆花，合计1000",
    "肉花卷，合计1000",
    "龙须糖，合计1000",
    "荷式松饼，合计1000",
    "蚕豆荞麦法式烘饼，合计1000",
    "法国国王蛋糕，合计1000",
    "甜酒，合计400",
    "大虾蚕豆意大利面，合计800",
    "明太子奶油意大利面，合计800",
    "菠菜蘑菇意大利面，合计800",
    "菠菜培根意大利面，合计800",
    "野菜意大利面，合计800",
    "烤牛肉梅子意大利面，合计950",
    "烤牛肉盖饭（滑蛋），合计950",
    "烤牛肉盖饭（牛油果），合计950",
    "烤牛肉蘑菇沙拉，合计950",
    "烤牛肉开胃小饼干，合计900",
    "腌鱼开胃小饼干，合计850",
    "番茄蚕豆冷意大利面，合计850",
    "鸡肉牛油果盖饭，合计850",
    "野菜素面，合计850",
    "牛油果大虾意大利面，合计850",
    "腌鱼公司三明治，合计780",
    "腌鱼洋葱小吃，合计780",
    "意大利腌鱼开胃小吃，合计900",
    "海鲜果冻鸡尾酒开胃小吃，合计950",
    "意式狂水煮鱼，合计2000",
    "鲜虾开胃小吃，合计1800",
    "蔓越莓起司蛋糕，合计460",
    "咖喱炒饭，合计650",
    "墨西哥牛油果酱沙拉，合计500",
    "香蕉披萨，合计400",
    "半熟蛋马铃薯，合计650",
    "菠萝起司派，合计650",
    "墨西哥饭，合计750",
    "温泉蛋香菇沙拉，合计450",
    "三明治卷，合计650",
    "水果寒天，合计300",
    "杂果滨治果冻，合计460",
    "水晶糖，合计300",
    "夏色寒天，合计300",
    "樱花奶油丸子，合计540",
    "生姜猪肉丼，合计750",
    "奶油起司球，合计600",
    "草莓酱，合计500",
    "蓝莓酱，合计500",
    "葡萄酱，合计500",
    "水蜜桃酱，合计500",
    "橘子酱，合计500",
    "蔓越莓酱，合计500",
    "洋梨果酱，合计500",
    "梅酱，合计500",
    "覆盆子果酱，合计500",
    "苹果酱，合计500",
    "杏仁牛油，合计500",
    "菠萝冰淇淋，合计200",
    "菠萝优格冰沙，合计600",
    "菠萝牛奶寒天，合计300",
    "荻饼（黄豆粉），合计100",
    "荻饼（黑芝麻），合计100",
    "荻饼（枝豆），合计200",
    "枝豆麻薯，合计300",
    "蘑菇味噌披萨，合计600",
    "松露披萨，合计1900",
    "五平饼，合计400",
    "艾草豆腐，合计500",
    "艾草奶油蛋糕，合计600",
    "艾草曲奇，合计300",
    "海苔起司脆条，合计500",
    "香肠番茄汤，合计500",
    "牛奶高汤，合计500",
    "炒黄豆咖喱饭，合计600",
    "腌黄豆番茄，合计300",
    "鲱鱼开胃小饼干，合计650",
    "鲱鱼油意大利面，合计750",
    "蜂蜜腌胡萝卜，合计300",
    "胡萝卜曲奇，合计200",
    "芒果优格乳脂松糕，合计400",
    "牛奶炼乳冰淇淋，合计200",
    "抹茶奶油海绵蛋糕，合计400",
    "青蛙慕斯蛋糕，合计600",
    "抹茶芝士蛋挞，合计500",
    "抹茶蒙布朗，合计500",
    "抹茶甜甜圈，合计400",
    "抹茶可丽饼，合计300",
    "抹茶松饼，合计700",
    "抹茶酱糜蛋糕，合计500",
    "抹茶，合计400",
    "抹茶铜锣烧，合计400",
    "抹茶生八桥饼，合计500",
    "抹茶蕨饼，合计500",
    "抹茶善哉，合计500",
    "抹茶羊羹，合计500",
    "抹茶鲷鱼烧，合计500",
    "抹茶饼干，合计300",
    "抹茶最中雪糕，合计400",
    "小仓最中雪糕，合计400",
    "和三盆最中冰淇淋，合计500",
    "草莓最中雪糕，合计500",
    "樱花最中饼，合计400",
    "地瓜最中饼，合计400",
    "小鸡栗子最中饼，合计500",
    "最中神代，合计700",
    "最中善哉，合计500",
    "最中球，合计700",
    "炸白身鱼最中饭团饼，合计500",
    "最中酸梅饭团，合计400",
    "最中鲜虾寿司，合计600",
    "最中免治鸡肉碎饭团，合计500",
    "最中明太子，合计600",
    "最中番茄鳄梨卡布里沙拉，合计600",
    "菠菜培根最中盒，合计500",
    "鲷鱼宝宝茶泡饭，合计700",
    "水果糖，合计300",
    "玻璃曲奇，合计400",
    "寒天绣球花蛋糕，合计500",
    "龟甲饴，合计400",
    "棒棒糖，合计700",
    "Lego方块软糖，合计500",
    "金太郎饴，合计600",
    "金平糖，合计500",
    "酸甜草莓披萨，合计800",
    "苹果香草披萨，合计800",
    "新鲜杂果披萨，合计900",
    "浆果多多披萨，合计1000",
    "巧克力配棉花糖披萨，合计900",
    "焦糖南瓜甘薯披萨，合计1000",
    "芝士蜂蜜披萨，合计1000",
    "抹茶芝士披萨，合计900",
    "仙气满满白草莓披萨，合计1100",
    "柑橘奶油芝士披萨，合计1100",
    "德国马铃薯披萨，合计1100",
    "明太子起司披萨，合计1100",
    "照烧鸡肉披萨，合计1100",
    "香肠番茄披萨，合计1000",
    "玛格丽塔披萨，合计1000",
    "鸡蛋玉米披萨，合计1000",
    "海鲜披萨，合计1200",
    "酪梨番茄披萨，合计1200",
    "鳀鱼香菇披萨，合计1200",
    "草莓三明治，合计600",
    "香橙三明治，合计600",
    "四叶草柠檬窝夫，合计700",
    "樱花馅面包，合计700",
    "玫瑰苹果派，合计800",
    "提拉米苏盆栽，合计1000",
    "香肠花束三明治，合计1100",
    "麝香葡萄花束三明治，合计1200",
    "熊猫蒸包，合计500",
    "猪猪蒸包，合计500",
    "小鸭蒸包，合计600",
    "寿桃包，合计700",
    "小笼包，合计700",
    "七彩小笼包，合计800",
    "烧卖，合计600",
    "煎堆，合计500",
    "草莓冰棒，合计800",
    "薄荷巧克力冰棒，合计600",
    "凤梨冰棒，合计800",
    "抹茶冰棒，合计600",
    "巧克力冰棒，合计600",
    "葡萄冰棒，合计700",
    "碳酸冰棒，合计500",
    "抹茶巴伐利亚奶油羹，合计800",
    "草莓巴伐利亚奶油羹，合计800",
    "鲜橙巴伐利亚奶油羹，合计900",
    "七夕巴伐利亚奶油羹，合计900",
    "蓝天果冻，合计900",
    "葛制日式馒头，合计700",
    "香橙牛奶寒天，合计800",
    "樱桃寒天果冻，合计700",
    "锦玉羹，合计800",
    "金鱼果冻，合计1000",
    "夏衣锦玉羹，合计800",
    "琥珀糖，合计700",
    "西瓜，合计600",
    "西瓜牛奶寒天，合计600",
    "西瓜雪酪，合计600",
    "西瓜果冻，合计600",
    "西瓜冰棒，合计500",
    "西瓜刨冰，合计600",
    "西瓜汁，合计600",
    "西瓜宾治，合计700",
    "柠檬苏打，合计600",
    "蓝色夏威夷苏打，合计800",
    "橙汁芒果漾，合计800",
    "优格香桃拉西，合计800",
    "草莓费士，合计800",
    "葡萄莫希托，合计900",
    "冰洋梨鸡尾酒，合计700",
    "蜜瓜特饮，合计800",
    "软绵绵抹茶刨冰，合计700",
    "软绵绵草莓刨冰，合计800",
    "软绵绵洋梨刨冰，合计800",
    "软绵绵葡萄刨冰，合计800",
    "软绵绵巧克力刨冰，合计1000",
    "白熊鲜奶刨冰，合计1000",
    "软绵绵黑蜜黄豆纷刨冰，合计900",
    "软绵绵起司柠檬刨冰，合计900",
    "软绵绵奶茶刨冰，合计800",
    "软绵绵芒果刨冰，合计900",
    "黑芝麻企鹅刨冰，合计1000",
    "焙茶拿铁，合计1000",
    "焙茶冰淇淋，合计800",
    "焙茶豆奶布丁，合计900",
    "焙茶卷蛋糕，合计1000",
    "焙茶蒸糕，合计800",
    "焙茶日式馒头，合计900",
    "焙茶蒙布朗，合计1000",
    "焙茶馅蜜，合计800",
    "焙茶大学地瓜百汇，合计900",
    "珍珠奶茶，合计600",
    "珍珠抹茶牛奶，合计600",
    "珍珠巧克力薄荷拿铁，合计700",
    "珍珠芒果特饮，合计800",
    "珍珠浮冰咖啡，合计800",
    "焦糖起司奶盖红茶，合计600",
    "草莓起司奶盖红茶，合计700",
    "起司奶盖抹茶拿铁，合计800",
    "巧克力薄荷棉花糖，合计600",
    "巧克力薄荷慕斯，合计700",
    "巧克力薄荷冰淇淋，合计600",
    "巧克力薄荷起司蛋糕，合计800",
    "巧克力薄荷布朗尼，合计700",
    "巧克力薄荷马卡龙，合计700",
    "巧克力薄荷大福，合计500",
    "薄荷巧克力热饮，合计500",
    "薄荷茶，合计300",
    "薄荷雪酪，合计800",
    "香草沙拉，合计700",
    "香草欧姆蛋，合计500",
    "薄荷咖喱饭，合计800",
    "薄荷番茄凉意面，合计700",
    "烤牛肉薄荷法式面包，合计700",
    "薄荷炒鱼柳，合计800",
    "芬兰圣诞风车派，合计600",
    "意大利圣诞面包，合计800",
    "墨西哥潘趣酒，合计700",
    "大米布丁，合计600",
    "加乃隆，合计800",
    "圣诞火腿，合计1000",
    "圣诞烤鸡，合计1000",
    "ROSE特制圣诞蛋糕，合计1200",
    "烧玉米，合计600",
    "烤鸡串，合计600",
    "玉子煎饼，合计600",
    "大阪烧，合计800",
    "日式炒面，合计800",
    "奶油马铃薯，合计600",
    "炸面条，合计400",
    "日式爆米花，合计500",
    "起司热狗，合计1000",
    "咖喱饭，合计800",
    "奶油鸡肉咖喱，合计800",
    "杂菌咖喱锅饼，合计900",
    "咖喱汤饭，合计900",
    "咖喱法式咸蛋糕，合计600",
    "咖喱角，合计800",
    "印度烤鸡，合计900",
    "炸薯角（咖喱味），合计600",
    "贝果，合计500",
    "芝麻贝果，合计600",
    "可可贝果，合计600",
    "抹茶巧克力贝果，合计800",
    "蓝莓贝果，合计600",
    "彩虹贝果，合计800",
    "草莓贝果三明治，合计900",
    "贝果披萨，合计600",
    "奶油乳酪蜂蜜贝果，合计800",
    "鲱鱼贝果三明治，合计800",
    "酪梨贝果三明治，合计900",
    "南饼，合计700",
    "巴布卡，合计800",
    "椒盐卷饼，合计700",
    "柏林果酱包，合计800",
    "巴西起司面包，合计900",
    "玉米面包，合计600",
    "馒头，合计300",
    "黑芝麻意大利面包棒，合计700",
    "法式香料面包，合计800",
    "半熟蛋烤三明治，合计500",
    "培根配卡芒贝尔起司，合计600",
    "香菇砂囊西班牙锅，合计700",
    "西班牙海鲜炒饭，合计700",
    "S'more烤棉花糖，合计800",
    "焗苹果，合计600",
    "烧香蕉，合计400",
    "烤番薯，合计300",
    "鲜果巧克力锅，合计800",
    "玫瑰冰淇淋，合计500",
    "玫瑰马卡龙，合计600",
    "玫瑰巧克力挞，合计700",
    "玫瑰红莓慕斯蛋糕，合计700",
    "花香沙拉，合计700",
    "玫瑰果冻，合计600",
    "玫瑰果酱，合计500",
    "玫瑰茶，合计400",
    "玫瑰碳酸饮料，合计600",
    "三色团子，合计500",
    "樱花饼，合计600",
    "葛饼，合计700",
    "若鲇，合计700",
    "水无月，合计700",
    "梅干果冻，合计600",
    "栗金饨，合计500",
    "即时团子，合计600",
    "奶油饼，合计600",
    "荞麦饼干，合计600",
    "甘纳豆，合计500",
    "佛罗伦斯脆饼，合计700",
    "天使蛋糕，合计600",
    "雪浮岛，合计700",
    "巴拉瓦饼，合计800",
    "厚皮洋梨派，合计700",
    "白草莓修女泡芙，合计900",
    "天然酵母制英式松饼，合计600",
    "芝麻瓦片饼，合计500",
    "抹茶达克瓦兹蛋糕，合计700",
    "焙茶年轮蛋糕，合计800",
    "印度冰淇淋，合计700",
    "越式咖啡，合计600",
    "越式焦糖布丁，合计700",
    "越式西瓜甜汤，合计800",
    "杨枝甘露，合计700",
    "芒果糯米饭，合计900",
    "咖椰吐司，合计600",
    "菲律宾甜米糕，合计500",
    "哈啰哈啰，合计700",
    "玉米浓汤，合计600",
    "蚕豆浓汤，合计600",
    "马赛鱼汤，合计900",
    "法式洋葱焗汤，合计700",
    "意大利杂菜汤，合计700",
    "维琪冷汤，合计800",
    "墨西哥辣豆汤，合计700",
    "蛋花汤，合计600",
    "明太子豆奶汤，合计600",
    "甘酒味噌汤，合计700",
    "人参鸡汤，合计900",
    "椰奶咖喱汤，合计800",
    "冬阴功，合计800",
    "鲜奶油鸡汤，合计800",
    "鲱鱼小吃串，合计700",
    "巴马火腿配蜜瓜，合计600",
    "酪梨鲑鱼泡芙，合计700",
    "荞麦布利尼，合计700",
    "迷你鲑鱼派，合计700",
    "烤牛肉手鞠寿司，合计800",
    "炸起司球，合计700",
    "海苔盐水炒大豆，合计600",
    "明太子马铃薯饼，合计800",
    "鲜果胖卡龙，合计800",
    "无花果甘露煮，合计600",
    "无花果巧克力挞，合计600",
    "无花果蜜桃挞，合计700",
    "无花果蛋糕，合计700",
    "无花果红茶卷蛋糕，合计700",
    "无花果布丁，合计800",
    "无花果起司丹麦面包，合计700",
    "无花果胡桃黑麦面包，合计900",
    "无花果吐司，合计800",
    "无花果意式吐司，合计800",
    "椰子曲奇，合计600",
    "椰子蛋白霜，合计600",
    "椰香橘子皮贝果，合计700",
    "无花果椰子磅蛋糕，合计700",
    "椰子巧克力甜甜圈，合计700",
    "椰果优格，合计700",
    "凤梨椰子慕斯，合计700",
    "热带风情蔬菜冰沙，合计800",
    "椰香炸虾，合计600",
    "炸猪排丼，合计800",
    "亲子丼，合计800",
    "明太子年糕烤焗，合计700",
    "脆烤鲱鱼，合计700",
    "蛋包饭，合计700",
    "鲑鱼锵锵烧，合计800",
    "鱼柳西京烧，合计700",
    "薄荷巧克力挞，合计700",
    "拿破仑蛋糕，合计700",
    "玫瑰奶油夹心面包，合计600",
    "鲷鱼烧百汇，合计700",
    "树莓窝夫棒，合计700",
    "焦糖闪电泡芙，合计600",
    "烟囱蛋糕冰淇淋，合计800",
    "三文鱼隐形蛋糕，合计700",
    "黑蜜蒸包，合计600",
    "艾草蒸包，合计700",
    "南瓜葡萄干蒸包，合计600",
    "起司蒸包，合计700",
    "紫薯蒸包，合计700",
    "樱花蒸米糕，合计600",
    "蚕豆培根蒸包，合计700",
    "番茄蒸包，合计700",
    "夏威夷鲑鱼沙拉，合计800",
    "夏威夷鲑鱼拌，合计700",
    "夏威夷汉堡饭，合计900",
    "夏威夷炸鸡，合计700",
    "夏威夷刨冰，合计500",
    "夏威夷甜甜圈，合计600",
    "夏威夷松饼，合计700",
    "夏威夷巧克力椰汁派，合计700",
    "纳奈莫条，合计600",
    "披萨曲奇，合计900",
    "热烤阿拉斯加，合计700",
    "花样纸杯蛋糕，合计700",
    "爆米香，合计500",
    "蜂鸟蛋糕，合计700",
    "魔鬼蛋糕，合计700",
    "胡桃派，合计700",
    "西班牙酥饼，合计600",
    "恩潘纳达，合计800",
    "胡米塔，合计700",
    "阿根廷夹心饼，合计700",
    "巴西巧克力球，合计600",
    "巴西少女布丁，合计700",
    "阿根廷酥饼，合计600",
    "破内裤饼干，合计700",
    "软糖蛋糕，合计800",
    "林明顿蛋糕，合计700",
    "黄金糕，合计700",
    "珍多冰，合计700",
    "娘惹糕，合计600",
    "芒果千层蛋糕，合计700",
    "菲律宾豆花，合计600",
    "菲律宾椰子派，合计900",
    "俄式水果糖，合计800",
    "俄式蜂蜜蛋糕，合计900",
    "俄式水果软糖卷，合计600",
    "俄式馅饼，合计700",
    "卡莎，合计700",
    "哈尔瓦酥糖，合计700",
    "帕斯哈，合计800",
    "库利奇面包，合计900",
    "土耳其棉花糖，合计800",
    "帕帕纳西，合计900",
    "匈牙利千层蛋糕，合计600",
    "奥地利甜馒头，合计700",
    "萨赫蛋糕，合计800",
    "香料糕饼，合计900",
    "乌克兰胡萝卜蛋糕，合计800",
    "波兰甜甜圈，合计800",
    "黑芝麻牛奶意大利冰淇淋，合计800",
    "栗子南瓜意大利冰淇淋，合计800",
    "麝香葡萄意大利冰淇淋，合计700",
    "树莓巧克力意大利冰淇淋，合计800",
    "焦糖果仁意大利冰淇淋，合计800",
    "西瓜意大利冰淇淋，合计700",
    "甘酒白桃意大利冰淇淋，合计800",
    "提拉米苏意大利冰淇淋，合计800",
    "无花果优格沙拉，合计800",
    "洋梨布拉塔起司沙拉，合计800",
    "蚕豆马铃薯沙拉，合计700",
    "胡萝卜丝沙拉，合计700",
    "鲑鱼法式酱糜，合计800",
    "杏子煮猪肋骨，合计900",
    "盐麹鲑鱼烧，合计800",
    "豆奶玉米奶油可乐饼，合计800",
    "蜘蛛南瓜汤，合计800",
    "木乃伊面包卷，合计700",
    "黑猫贝果，合计700",
    "鲑鱼寿司灯笼，合计800",
    "怪兽汉堡包，合计900",
    "蝙蝠杯子蛋糕，合计900",
    "冰大福小鬼，合计800",
    "万圣节蛋糕，合计1000",
    "糖腌杏子，合计500",
    "杏子果酱，合计500",
    "杏子挞，合计900",
    "杏子起司三明治，合计700",
    "杏子馅蜜，合计800",
    "杏子法式奶冻，合计900",
    "杏子刨冰，合计600",
    "杏子碳酸饮料，合计800",
    "番茄果冻，合计600",
    "玉米布丁，合计600",
    "菠菜戚风蛋糕，合计600",
    "酪梨起司蛋糕，合计700",
    "蚕豆挞，合计800",
    "马铃薯松饼，合计700",
    "甜薯巧克力冻，合计700",
    "南瓜拿铁，合计600",
    "抹茶红豆葛粉冰棒，合计600",
    "草莓牛奶葛粉冰棒，合计600",
    "杂果葛粉冰棒，合计600",
    "莓莓葛粉冰棒，合计600",
    "汽水葛粉冰棒，合计600",
    "玉子烧，合计600",
    "南京豆腐，合计700",
    "蔬菜炸什锦，合计700",
    "炸虾真薯，合计700",
    "马铃薯炖肉，合计800",
    "猪肉生姜烧，合计800",
    "鸡肉芝麻味噌烧，合计900",
    "樱花梅子饭团，合计600",
    "酱油拉面，合计600",
    "味噌拉面，合计900",
    "家系拉面，合计700",
    "番茄拉面，合计900",
    "担担面，合计800",
    "鲜虾云吞面，合计800",
    "八宝饭，合计700",
    "水晶汤圆，合计800",
    "芋圆，合计700",
    "沙琪玛，合计800",
    "豆奶配油条，合计600",
    "合桃糊，合计700",
    "芝麻糊，合计700",
    "煎饺子，合计600",
    "麻婆豆腐，合计800",
    "腰果鸡丁，合计700",
    "番茄炒蛋，合计800",
    "裹蒸粽，合计700",
    "五目炒面，合计800",
    "鲑鱼炒饭，合计900",
    "牛奶糖，合计600",
    "烤面饼，合计700",
    "维多利亚海绵蛋糕，合计700",
    "英式水果蛋糕，合计800",
    "柠檬糖霜蛋糕，合计800",
    "树莓乳脂松糕，合计1000",
    "果酱布丁卷，合计800",
    "卡利颂，合计600",
    "科西嘉小饼干，合计700",
    "克拉芙堤，合计800",
    "科隆比耶，合计800",
    "法式杏仁馅饼，合计900",
    "安曼奶油卷，合计700",
    "阿尔萨斯火腿薄饼，合计800",
    "薄荷水，合计600",
    "厚烧玉子三明治，合计600",
    "烟熏鲑鱼三明治，合计600",
    "马铃薯沙拉三明治，合计600",
    "照烧鸡三明治，合计700",
    "生菜三明治，合计600",
    "明太子酪梨飞碟三明治，合计700",
    "番茄飞碟三明治，合计600",
    "咖喱飞碟三明治，合计800",
    "淑女之吻，合计800",
    "嘉年华小脆饼，合计600",
    "意大利圆顶蛋糕，合计700",
    "意式半冷冻冰淇淋，合计700",
    "西西里咖啡雪葩，合计600",
    "意大利炸披萨球，合计800",
    "佛卡夏，合计800",
    "俄国饺子，合计700",
    "秘鲁鸡肉炖煮，合计800",
    "鱼生，合计900",
    "黄梨挞，合计700",
    "希腊新年蛋糕，合计1000",
    "椰汁米糕，合计800",
    "栗子赤饭，合计800",
    "海苔麻糬，合计700",
    "纳豆麻糬，合计600",
    "明太子奶油麻糬，合计700",
    "培根麻糬，合计700",
    "麻糬披萨，合计900",
    "麻糬窝夫，合计1000",
    "焦糖御欠，合计700",
    "巧克力麻糬，合计800",
    "西班牙曲奇，合计700",
    "西班牙杏仁糖，合计800",
    "杏仁膏，合计700",
    "西班牙南瓜饼，合计700",
    "西班牙炸牛奶，合计600",
    "加泰隆尼亚焦糖奶冻，合计1000",
    "巴斯克起司蛋糕，合计900",
    "西班牙国王饼，合计1000",
    "豆奶生起司蛋糕，合计800",
    "豆腐黑芝麻巴伐利亚奶油，合计800",
    "豆腐松露巧克力，合计700",
    "大豆谷麦棒，合计700",
    "纳豆仙贝，合计600",
    "大豆奄列蛋糕，合计900",
    "黄豆粉豆奶饮料，合计700",
    "燕麦曲奇，合计800",
    "燕麦荞麦司康饼，合计700",
    "五谷面包，合计900",
    "燕麦棒，合计700",
    "帕金蛋糕，合计600",
    "抹茶隔夜燕麦，合计700",
    "燕麦优格，合计800",
    "糖煮栗子，合计600",
    "栗子红豆面包，合计700",
    "栗子铜锣烧，合计600",
    "栗子拿破仑蛋糕，合计900",
    "栗子巧克力挞，合计900",
    "法式栗子奶油蛋糕，合计800",
    "托斯卡尼栗子蛋糕，合计800",
    "蒙布朗百汇，合计1100",
    "凯努莓果派，合计700",
    "芬兰蓝莓派，合计700",
    "丹麦松饼球，合计900",
    "丹麦甜面包卷，合计700",
    "苹果粥，合计800",
    "瑞典硬饼，合计600",
    "瑞典甜面包卷，合计700",
    "公主蛋糕，合计1000",
    "水果大福，合计800",
    "水果水羊羹，合计700",
    "水果最中，合计800",
    "牛奶馒头，合计600",
    "南瓜酒香馒头，合计700",
    "雏霰饼，合计600",
    "豆沙水晶玉，合计700",
    "练切和果子，合计900",
    "果汁软糖，合计700",
    "牛奶蛋糕，合计600",
    "黄豆粉棒，合计600",
    "点心面，合计600",
    "麸果子，合计700",
    "黑棒，合计800",
    "炒萝卜丝，合计600",
    "冲绳荞麦汤面，合计800",
    "油炸双带乌尾鮗，合计700",
    "猪肉玉子饭团，合计600",
    "咸金楚糕，合计600",
    "琉球煎饼，合计900",
    "冲绳风善哉，合计700",
    "光饼，合计700",
    "红白馒头，合计600",
    "拉杜，合计800",
    "糖衣果仁，合计800",
    "巴滕伯格蛋糕，合计1000",
    "马卡龙塔，合计1400",
    "挪威杏仁蛋糕，合计1200",
    "泡芙塔，合计1300",
    "英式婚礼蛋糕，合计1200",
    "ROSE特制婚礼蛋糕，合计1500",
    "白腰果汤，合计600",
    "真鲷小吃串，合计600",
    "春胡萝卜三明治，合计700",
    "奶油起司鱼子开味饼干，合计800",
    "无花果司康饼，合计700",
    "白桃慕斯，合计800",
    "法式草莓蛋糕，合计900",
    "樱花红茶，合计500",
    "烘烤咖喱面包，合计800",
    "大豆墨西哥夹饼，合计600",
    "炸豆腐干，合计600",
    "豆腐汉堡排，合计700",
    "豆渣肉卷，合计800",
    "燕麦披萨，合计800",
    "豆奶意大利炖燕麦，合计700",
    "鲑鱼茶渍燕麦，合计600",
    "栗子馒头，合计500",
    "浮岛，合计700",
    "黄身时雨，合计600",
    "花瓣麻糬，合计700",
    "生巧克力大福，合计800",
    "落雁，合计600",
    "核桃最中，合计600",
    "佛罗伦斯最中饼，合计700",
    "蜜瓜西瓜冰淇淋蛋糕，合计700",
    "热带风情冰淇淋蛋糕，合计600",
    "薄荷巧克力冰淇淋蛋糕，合计900",
    "蜜桃冰淇淋蛋糕，合计800",
    "蓝莓冰淇淋蛋糕，合计800",
    "提拉米苏冰淇淋蛋糕，合计800",
    "焦糖冰淇淋蛋糕，合计800",
    "抹茶冰淇淋蛋糕，合计700",
    "鲑鱼可丽饼卷，合计800",
    "酪梨鸡蛋可丽饼卷，合计600",
    "起司香肠可丽饼卷，合计800",
    "凯撒沙拉可丽饼卷，合计800",
    "咖喱鸡肉可丽饼卷，合计700",
    "肉味噌可丽饼卷，合计800",
    "拿破仑可丽饼卷，合计800",
    "苹果可丽饼卷，合计600",
    "无花果果仁可丽饼卷，合计700",
    "焦糖奶冻可丽饼卷，合计700",
    "樱花抹茶可丽饼卷，合计600",
    "焙茶可丽饼卷，合计700",
    "蛤蜊巧达浓汤，合计700",
    "蛤蜊炖饭，合计600",
    "烤焗海鲜，合计700",
    "烤焗牡蛎，合计800",
    "矶烧明太子奶油扇贝，合计700",
    "酥炸海鲜，合计600",
    "白汁蛤蜊意面，合计700",
    "海鲜咖喱，合计800",
    "极光曲奇饼，合计600",
    "地球冰淇淋，合计600",
    "星球百汇，合计1000",
    "星河起司蛋糕，合计900",
    "银河系甜甜圈，合计800",
    "宇宙杯子蛋糕，合计700",
    "琥珀流星梳打，合计700",
    "星云珍珠酸奶，合计800"
  ],
  "ROSE菜品": [ "[$t玩家]在洋果子店Rose中购买了一份{%_ROSE菜品}日元。" ]
}