﻿{
  "_title": [ "随机菜品" ],
  "_author": [ "于言诺" ],
  "_date": [ "2022/7/2" ],
  "_version": [ "1.1.1" ],
  "_updateDate": [ "2022/8/16" ],
  "_brief": [ "感谢参与了本牌堆的数据收集工作的共计35人。该统计截止至2022/7/2，凌晨2：33.以及这个他妈的麻烦死了，还好我没作死去写把西餐分成六种，现在这样唯一的问题是可能在意大利餐厅抽到菠萝披萨但是你们可以再抽一次。1.1.0更新：改了一下排版啥的，不过没加条目因为我懒狗。8.16更新：添加了新的条目至共计1711条目，添加了keys字段。" ],
  "_keys": [ "西式快餐", "西式正餐", "东南亚式", "日式", "日式小吃", "西式早餐", "中式早餐", "印度式", "中式", "中式小吃", "方便食品", "火锅", "茶", "咖啡", "酒", "调制酒", "软饮料", "瓶装饮料", "冰淇淋", "甜品", "水果", "奶制品", "甜味零食", "咸味零食", "随机种类" ],
  "西式快餐：主食": [
    "双层吉士堡",
    "夏威夷披萨",
    "北京烤鸭披萨",
    "香辣/劲脆鸡腿堡",
    "照烧鸡肉堡",
    "培根帕尼尼",
    "墨西哥鸡肉卷",
    "田园脆鸡堡",
    "巨无霸",
    "塔可饼",
    "嫩牛五方",
    "十三香小龙虾堡",
    "熏鸡法风烧饼",
    "猪柳蛋帕尼尼",
    "深海鳕鱼堡",
    "鸡蛋鲜虾卷",
    "奥尔良鸡腿堡",
    "老北京鸡肉卷"
  ],
  "西式快餐：小食": [
    "麦麦脆汁鸡",
    "炸鱿鱼圈",
    "炸凤尾虾",
    "洋葱圈",
    "炸薯条",
    "炸鸡块",
    "新奥尔良烤翅",
    "土豆泥",
    "鸡米花",
    "炸鱼",
    "正新鸡排"
  ],
  "西式快餐：甜品": [
    "麦旋风",
    "红豆派",
    "圣代",
    "冰淇淋",
    "香芋派",
    "菠萝派",
    "蛋挞",
    "华夫饼",
    "香芋甜心",
    "香芋地瓜丸",
    "玉米沙拉",
    "苹果片",
    "苹果派"
  ],
  "西式快餐：饮品": [
    "可口可乐",
    "百事可乐",
    "雪碧",
    "七喜",
    "美年达",
    "芬达",
    "果粒橙",
    "苹果汁",
    "橙汁",
    "无糖可口可乐",
    "奶茶",
    "北冰洋",
    "凉茶",
    "牛奶",
    "椰奶"
  ],
  "西式正餐：头盘": [
    "熏鲑鱼",
    "芙蓉蛋",
    "焗蜗牛",
    "腌银鱼",
    "鹅肝",
    "鱼子酱",
    "小虾杯",
    "鹅肝酱煎鲜贝",
    "巴黎卷心菜",
    "法式枫糖浆吐司",
    "煎牛小排",
    "卷心菜包肉",
    "咖喱油烟虾段",
    "咖喱起司法式面包",
    "煎龙虾肉",
    "茭白虾冻",
    "马郁兰鲑鱼卷",
    "法式烩土豆",
    "法式火焰薄饼",
    "烤冷鸡",
    "香脂醋风味烤鸡",
    "奶汁海带",
    "苹果炒牛肉",
    "法式鱼卷",
    "烤茄酱法式面包",
    "蟹黄活虾",
    "华尔道夫苹果鸡"
  ],
  "西式正餐：汤": [
    "奶油蘑菇汤",
    "番茄汤",
    "南瓜汤",
    "哈佛蔬菜汤",
    "西班牙凉菜汤",
    "西兰花浓汤",
    "意式渔夫海鲜汤",
    "菠菜浓汤",
    "酥皮奶油蛤蜊汤",
    "法式南瓜浓汤",
    "意式香浓菜汤",
    "鸡茸蘑菇汤",
    "多味鱼汤",
    "芦笋浓汤",
    "马赛海龙王鲜汤",
    "奶油牛肉丁番茄浓汤",
    "素菜泥汤",
    "法式奶油龙虾汤",
    "法式洋葱汤",
    "法式香培青豆汁浓汤",
    "翡翠肉汤",
    "海鳗汤",
    "圣女翡翠菠菜汁浓汤",
    "法式玉米浓汤",
    "鸡肉丸子汤",
    "牛肉丸子汤"
  ],
  "西式正餐：副菜": [
    "法式柠汁煎鱼",
    "奶油炖菜",
    "煎蜂蜜柠檬鸡胸肉",
    "芝士焗大虾",
    "墨西哥牛排塔可",
    "法式鹅肝吐司",
    "法式三角吐司",
    "青酱鳐鱼",
    "生腌马哈鱼",
    "普鲁旺斯鲜贝",
    "红酒鹅肝",
    "法式鹅肝批",
    "奶酪火腿鸡排",
    "巴黎黄油烤龙虾",
    "烟熏三文鱼",
    "红酒烩鸡",
    "煎比目鱼",
    "烤三文鱼柳",
    "烤三文鱼排",
    "黄油柠檬汁扒鱼柳",
    "蒜蓉大虾",
    "荷兰汁青口贝",
    "奶酪汁龙虾",
    "火腿煎蛋",
    "罗琳乳蛋饼",
    "茄汁烩鱼片",
    "什锦蔬菜",
    "俄式煎鱼"
  ],
  "西式正餐：主菜": [
    "黑椒牛扒",
    "黄油龙虾",
    "菠萝海鲜披萨",
    "玛格丽特披萨",
    "红酒炖牛肉",
    "西班牙海鲜焗饭",
    "那不勒斯意面",
    "黄油蒜蓉扇贝",
    "豌豆炖羔羊肉",
    "香煎肋眼牛扒",
    "黑椒牛柳意面",
    "蒜香虾仁意面",
    "意大利肉酱面",
    "烤鸡",
    "番茄罗勒意面",
    "德式维京奶汁烩肉丸",
    "烤火鸡",
    "托斯卡纳奶油芝士三文鱼配面包",
    "芝士焗大虾配番茄罗勒意面",
    "奶油番茄辣炖香肠水波蛋",
    "至尊薄饼披萨",
    "番茄肥牛芝士拌饭",
    "法式奶油龙虾浓汤配蒜香面包",
    "鸡肉蔬菜芝士烤茄子",
    "土耳其Pide饼",
    "德式煎土豆香肠拼盘",
    "法式花朵千层火腿蔬菜咸派",
    "清爽意式春天意面",
    "俄式蘑菇馅布林薄煎饼",
    "日式鸡肉奶油炖菜",
    "土豆蔬菜牛肉挞",
    "地中海风鸡肉糙米海鲜炖饭",
    "土豆芝士凤尾虾球",
    "苹果烤鸡",
    "蒜香奶油柠檬三文鱼",
    "匈牙利炖牛肉",
    "意式培根蛋黄意面",
    "蒜香虾仁烤番茄南瓜意面",
    "法式红酒炖鸡",
    "蒜香奶油蘑菇炖鸡",
    "芝士芦笋虾仁吐司卷",
    "土豆泥芝士肉酱饼",
    "炸鱼薯条",
    "地中海时蔬烤鸡",
    "午餐肉三明治",
    "惠灵顿牛排",
    "土豆丝三文鱼",
    "苹果烤猪肉",
    "生蚝蒜香奶油土豆派",
    "彩虹蔬菜卷饼披萨",
    "太阳鸡肉彩椒蘑菇卷饼披萨",
    "番茄芝士牛肉卷",
    "番茄肉酱千层面",
    "蛤蜊意面",
    "焗烤匈牙利辣鸡腿",
    "烤猪肋排",
    "奶油菌菇鸡肉培根意面",
    "肋眼牛排",
    "西冷牛排",
    "烤海鲈鱼"
  ],
  "西式正餐：沙拉": [
    "牛油果色拉",
    "杂蔬沙拉",
    "凯撒色拉",
    "土豆色拉",
    "金枪鱼色拉",
    "培根色拉",
    "酸奶油佐腌番茄沙拉",
    "油浸小番茄",
    "奶香土豆泥",
    "牛油果芒果莎莎酱",
    "凉拌凤尾西芹",
    "法式金枪鱼尼斯沙拉",
    "青豆泥配塔塔酱",
    "芦笋油醋沙拉",
    "鸡胸彩蔬热沙拉碗",
    "牛油果虾仁脆脆杯",
    "鸡块牛油果蔬菜沙拉",
    "法式经典尼斯沙拉"
  ],
  "西式正餐：甜品": [
    "舒芙蕾",
    "松饼",
    "柠檬蛋白霜酥皮挞",
    "焦糖布丁",
    "提拉米苏",
    "蒙布朗蛋糕",
    "黑森林蛋糕",
    "姜饼人",
    "黄油曲奇",
    "爆米花",
    "芝士蛋糕",
    "拿破仑蛋糕",
    "冰激凌球",
    "苹果派",
    "柠檬塔",
    "法式苹果隐形蛋糕",
    "咖啡白脱蛋糕",
    "蛋挞",
    "芝士流心蛋挞",
    "蓝莓白脱蛋糕",
    "奶油小方",
    "巧克力慕斯",
    "蓝莓酸奶蛋糕",
    "瑞士卷",
    "虎皮蛋糕",
    "开心果冰淇淋",
    "薄荷开心果冰淇淋",
    "香菜花生冰淇淋",
    "莓果燕麦麦芬",
    "红薯巧克力布朗尼",
    "肉桂麦芬杯",
    "意面脆脆酥",
    "吐司边巧克力坚果Pocky",
    "蒜香黄油吐司脆脆酥",
    "黄油肉桂棒",
    "巧克力莓果慕斯",
    "栗子玛德琳",
    "红酒雪梨",
    "焦糖法式芭菲",
    "香草柠檬玛德琳",
    "苹果布丁",
    "欧式重乳酪蛋糕"
  ],
  "西式正餐：茶饮": [
    "卡布奇诺",
    "拿铁",
    "热巧克力",
    "伯爵茶",
    "水果茶",
    "热可可",
    "摩卡",
    "苹果茶",
    "柠檬红茶"
  ],
  "西式正餐：配酒": [
    "波尔多红酒",
    "味美思（餐前酒）",
    "比特酒（餐前酒）",
    "茴香酒（餐前酒）",
    "雪莉酒（餐前酒/甜食酒）",
    "波特酒（甜食酒）",
    "马德拉（甜食酒）",
    "玛萨拉（甜食酒）",
    "金万利（餐后酒）",
    "查特酒（餐后酒）",
    "甘桂酒（餐后酒）",
    "君度（餐后酒）",
    "薄荷甜酒（餐后酒）",
    "赤霞珠红酒",
    "霞多丽白酒",
    "长相思/白苏维浓白酒",
    "维欧尼白酒",
    "慕斯卡德白酒",
    "灰皮诺白酒",
    "桑娇维塞红酒",
    "阿尔巴利诺白酒",
    "黑皮诺红酒",
    "白诗南白酒",
    "嘉美红酒",
    "梅洛红酒",
    "阿苏贵腐酒",
    "苏玳贵腐甜白"
  ],
  "东南亚式：主食": [
    "越南牛肉米粉",
    "菠萝海鲜炒饭",
    "椰香咖喱面包鸡",
    "越南春卷",
    "酱油炒稞条",
    "碎猪肉盖饭",
    "海鲜炒面",
    "泰式炒粉"
  ],
  "东南亚式：菜肴": [
    "罗勒炒牛肉",
    "冬阴功汤",
    "泰式酸辣凉拌猪肉",
    "泰式酸辣柠檬鲈鱼",
    "泰式椒麻鸡",
    "虾酱炒空心菜",
    "牛排沙拉",
    "酸辣凉拌面",
    "酸辣蒸鱿鱼",
    "青木瓜沙拉",
    "鲜虾娘惹叻沙",
    "绿咖喱鸡肉",
    "泰式柠檬虾滑",
    "鲜蔬炒杂菇",
    "泰式咖喱蟹",
    "香兰叶鸡蛋烧",
    "炭烤大虾",
    "泰式椰汁鸡汤",
    "泰式烤肉酱西葫芦",
    "辣味金枪鱼",
    "咖喱红薯小鸡块"
  ],
  "东南亚式：甜品": [
    "芒果糯米饭",
    "榴莲班戟",
    "菠萝蜜糯米饭",
    "西米露",
    "椰子冰淇淋",
    "香蕉薄饼"
  ],
  "东南亚式：饮品": [
    "椰子奶昔",
    "泰式绿茶",
    "香茅班兰茶"
  ],
  "东南亚式：水果": [
    "榴莲",
    "山竹",
    "菠萝蜜",
    "芭乐",
    "菠萝",
    "莲雾"
  ],
  "日式：小菜": [
    "芥末章鱼",
    "土豆沙拉",
    "凉拌海藻",
    "味噌汤",
    "香辣海螺片",
    "麻辣鲜蛤",
    "日式白螺片",
    "照烧扇贝",
    "茶碗蒸",
    "腌萝卜",
    "红姜",
    "昆布"
  ],
  "日式：刺身": [
    "三文鱼",
    "金枪鱼",
    "北极贝",
    "鲷鱼",
    "鹅肝",
    "鱼子酱",
    "甜虾",
    "海胆",
    "贝柱",
    "牡丹虾",
    "鳌虾",
    "生蚝"
  ],
  "日式：寿司": [
    "豆皮寿司",
    "玉米军舰寿司",
    "鱼籽军舰寿司",
    "海藻军舰寿司",
    "玉子手握",
    "鱼籽手握",
    "鹅肝手握",
    "活鳗手握",
    "甜虾手握",
    "北极贝手握",
    "金枪鱼手握",
    "海螺军舰",
    "金枪鱼军舰",
    "三文鱼籽军舰",
    "雪蟹腿手握",
    "蟹子寿司",
    "三文鱼手卷",
    "唐扬鸡块手卷"
  ],
  "日式：面类": [
    "味噌拉面",
    "酱油拉面",
    "豚骨拉面",
    "荞麦凉面",
    "盐味拉面",
    "乌冬面",
    "地狱拉面",
    "牛肉乌冬面",
    "咖喱乌冬面",
    "牛肉荞麦面",
    "蔬菜荞麦面",
    "咖喱荞麦面",
    "蔬菜乌冬面",
    "海鲜拉面",
    "中华冷面",
    "什锦炒乌冬",
    "流水素面"
  ],
  "日式：饭类": [
    "蛋包饭",
    "咖喱盖浇饭",
    "猫饭",
    "炸猪排盖饭",
    "什锦杂烩饭",
    "牛肉饭",
    "鳗鱼饭",
    "天妇罗盖饭",
    "茶泡饭",
    "金枪鱼泥盖饭",
    "照烧鸡排盖饭",
    "鳗鱼炒饭",
    "咖喱猪排盖饭",
    "三文鱼炒饭",
    "甜虾饭",
    "三文鱼盖饭",
    "咖喱牛肉饭",
    "海鲜炒饭",
    "天津饭",
    "梅干饭团",
    "海陆双拼折叠饭团",
    "流心蛋包饭",
    "鳗鱼波奇饭",
    "照烧酱汁肥牛丼"
  ],
  "日式：菜肴": [
    "唐扬鸡块",
    "汉堡肉",
    "什锦炒乌冬",
    "炸竹荚鱼",
    "寿喜锅",
    "香煎银鳕鱼",
    "厚蛋烧",
    "盐烤青花鱼",
    "烤牛舌",
    "烤鸡皮",
    "名古屋炸鸡翅",
    "烤鸡心",
    "煎饺",
    "香煎三文鱼",
    "照烧鸡肉",
    "日式烤羊排",
    "银鳕鱼西京烧",
    "盐烤鲷鱼",
    "盐烤三文鱼",
    "盐烤多春鱼",
    "盐烤秋刀鱼",
    "酱烤鸡翅",
    "盐烤五花肉",
    "活鳗蒲烧",
    "盐烤大虾",
    "北海道鸡腿汤咖喱",
    "炸虾",
    "烤鲭鱼",
    "炸猪排",
    "鯖味噌"
  ],
  "日式：甜品": [
    "可丽饼",
    "水信玄饼",
    "樱饼",
    "三色团子",
    "铜锣烧",
    "蜜瓜面包",
    "栗子羊羹",
    "草莓大福",
    "巧克力芭菲",
    "红豆年糕汤",
    "鲷鱼烧",
    "镜饼",
    "巧克力大福",
    "抹茶大福"
  ],
  "日式：街头小吃": [
    "鲷鱼烧",
    "章鱼小丸子",
    "大阪烧",
    "苹果糖",
    "可乐饼",
    "关东煮",
    "烤鱿鱼",
    "烤红薯",
    "炒面",
    "炸蝴蝶虾",
    "干炸鲷鱼片",
    "炸雪蟹脚",
    "串烧牛舌",
    "天妇罗"
  ],
  "日式：饮品": [
    "可尔必思",
    "三得利乌龙茶",
    "清酒",
    "啤酒",
    "波子汽水",
    "朝日生啤",
    "麒麟一番"
  ],
  "日式：美式卷": [
    "加州卷",
    "李公主卷",
    "蝴蝶卷",
    "芝士鹅肝卷",
    "樱花卷",
    "鳗鱼香松卷",
    "三文鱼芝士卷",
    "摩托罗拉卷"
  ],
  "早餐：西式": [
    "法式吐司",
    "班尼迪克蛋",
    "煎蛋火腿培根三明治",
    "热狗",
    "意式烘蛋饼",
    "华夫饼",
    "司康饼",
    "舒芙蕾欧姆蛋",
    "蒜香吐司",
    "蜂蜜黄油吐司",
    "日式咸面包",
    "土豆泥",
    "香草蟹柳滑蛋",
    "德式煎土豆香肠拼盘",
    "蒜香香草黄油蟹柳滑蛋",
    "草莓奶酪可颂三明治",
    "牛油果火腿鸡蛋可颂三明治",
    "可颂",
    "培根芝士吐司蛋杯",
    "咖喱鸡排三明治",
    "玉米火腿芝士三明治",
    "牛油果香蕉吐司",
    "南瓜菠菜丹波面包",
    "芝士芦笋虾仁吐司卷",
    "松饼",
    "芝麻虾滑煎吐司",
    "咖啡包",
    "甜甜圈",
    "牛奶麦片"
  ],
  "早餐：中式": [
    "肉包",
    "荠菜肉包",
    "粉丝包",
    "香菇菜包",
    "梅干菜肉包",
    "襄阳牛杂面",
    "胡辣汤",
    "油条",
    "豆浆",
    "甜豆腐脑",
    "咸豆腐脑",
    "甜粽子",
    "咸粽子",
    "白米粽",
    "韭菜盒子",
    "韭菜煎饼",
    "水煎包",
    "牛肉汤",
    "羊肉汤",
    "锅盔",
    "馕",
    "牛肉粉丝汤",
    "甜玉米",
    "糯玉米",
    "红糖馒头",
    "烧卖",
    "蒸饺",
    "煎饺",
    "锅贴",
    "生煎包",
    "小笼包",
    "百叶卷",
    "三丁包",
    "麻球",
    "茶叶蛋",
    "香酥饼",
    "咸鸭蛋",
    "粯子粥",
    "南瓜粥",
    "银耳羹",
    "豆汁",
    "小馄饨",
    "南瓜饼",
    "雪菜肉丝包",
    "蟹黄虾仁小汤包",
    "牛杂汤",
    "皮蛋瘦肉粥",
    "烫干丝",
    "虾仁云吞面",
    "赤豆汤圆",
    "桃胶银耳羹",
    "香菇青菜包",
    "萝卜丝饼",
    "肉燕",
    "奥尔良鸡肉包",
    "蛋饼",
    "咸豆浆",
    "香菇咸蛋黄肉粽",
    "粢饭团",
    "牛肉锅贴",
    "面线糊",
    "地瓜粥",
    "白粥",
    "油饼糁汤",
    "小米粥"
  ],
  "印度式：咖喱辣度": [
    "不辣",
    "微辣",
    "中辣",
    "重辣"
  ],
  "印度式：咖喱炖菜": [
    "奶油咖喱鸡",
    "椰香咖喱面包鸡",
    "咖喱山羊锅",
    "椰汁咖喱鸡",
    "菠萝咖喱虾",
    "什锦咖喱鲜蔬",
    "马萨拉咖喱鸡",
    "咖喱番茄炖羊肉"
  ],
  "印度式：其他菜肴": [
    "坦都里烤鸡",
    "菠菜奶豆腐",
    "羊杂",
    "炸菠萝蜜",
    "黄油鸡",
    "辣肉馅",
    "巴吉",
    "红色腰豆",
    "酸奶泡饼",
    "炸土豆饼",
    "唐多里烤鸡",
    "咖喱角",
    "印度酥脆沙拉"
  ],
  "印度式：主食": [
    "印度飞饼",
    "咖喱饺",
    "手巾饼",
    "酥油薄饼",
    "脆球饼",
    "炸饼",
    "波亚尼炖饭",
    "塔里",
    "恰巴提",
    "孜然青豆米饭",
    "印度炒面",
    "塔利",
    "印度蒸米糕",
    "印度香饭",
    "哈曼",
    "多莎饼",
    "加尔各答卷饼"
  ],
  "印度式：甜品": [
    "酸奶甜品（dahi）",
    "奶炖红萝卜布丁",
    "考非冰激凌",
    "玫瑰奶球"
  ],
  "印度式：饮品": [
    "印度拉茶",
    "拉西"
  ],
  "中式：主食、点心": [
    "米饭",
    "馒头",
    "肉包",
    "菜包",
    "粉丝包",
    "胡萝卜包",
    "鸡蛋肠粉",
    "叉烧肠粉",
    "鲜虾肠粉",
    "面条",
    "过桥米线",
    "桂林米粉",
    "螺蛳粉",
    "炒凉粉",
    "炒饼",
    "干炒牛河",
    "驴肉火烧",
    "春饼",
    "炒疙瘩",
    "面茶",
    "三丝凉面",
    "韭菜盒子",
    "扬州炒饭",
    "什锦炒饭",
    "酱油炒饭",
    "蛋炒饭",
    "葱花饼",
    "葱油面",
    "水煎包",
    "煎饺",
    "三炒米粉",
    "滑蛋牛肉饭",
    "滑蛋虾仁饭",
    "萝卜糕",
    "炸牛奶",
    "腐皮虾仁卷",
    "芋头糕",
    "砂锅海鲜粥",
    "香菇鸡丝粥",
    "皮蛋瘦肉粥",
    "番茄鸡蛋面",
    "蒸虾饺",
    "锅盔",
    "新疆炒米粉",
    "烤馕",
    "裤带面",
    "biangbiang面",
    "酸辣拌面",
    "雪碧冷面",
    "麻酱拌面",
    "日式冷面",
    "黄焖鸡米饭",
    "香菇滑鸡盖饭",
    "西葫芦煎饼",
    "土豆丝饼",
    "白菜卷",
    "韩式鱿鱼煎饼",
    "台式卤肉饭",
    "辣炒年糕",
    "肉丝炒年糕",
    "叉烧饭",
    "炸酱面",
    "香菇咸蛋黄肉粽",
    "粢饭团",
    "烧卖",
    "排骨年糕",
    "鸡丝荞麦凉面",
    "黑胡椒鸡肉荞麦面",
    "海南鸡饭",
    "水饺",
    "拌面",
    "烩面",
    "地瓜粉团",
    "福鼎肉片",
    "闽南咸饭",
    "兴化米粉",
    "厦门沙茶面",
    "羊肉泡馍",
    "肉夹馍",
    "凉皮",
    "擀面皮",
    "米皮",
    "酸汤臊子面",
    "八宝粥",
    "八宝红鲟饭",
    "莆田煎包",
    "闽南菜干饭",
    "花甲锡纸粉",
    "老鸭粉丝",
    "肉粽",
    "八宝青蟹饭",
    "拌薯粉",
    "干贝鲜虾粥",
    "蟹粉面"
  ],
  "中式：素": [
    "群英荟萃",
    "清炒西兰花",
    "白灼菜心",
    "蚝油生菜",
    "麻婆豆腐",
    "白灼芥兰",
    "杏仁秋葵",
    "地三鲜",
    "红烧茄子",
    "番茄炒蛋",
    "红烧豆腐",
    "干锅土豆片",
    "松仁玉米",
    "酸辣土豆丝",
    "醋溜土豆丝",
    "素溜白菜",
    "干煸豆角",
    "东北大拉皮",
    "老醋花生",
    "果仁菠菜",
    "清朝苦瓜",
    "干锅千叶豆腐",
    "干锅菜花",
    "清炒荷兰豆",
    "炒合菜",
    "炝炒豆芽",
    "荷塘小炒",
    "韭菜鸡蛋",
    "鱼香茄子",
    "小葱拌豆腐",
    "拍黄瓜",
    "炸灌肠",
    "香菇油菜",
    "芹菜肉丝",
    "糯米藕",
    "拔丝山药",
    "金沙玉米",
    "上汤娃娃菜",
    "白灼生菜",
    "开水白菜",
    "文思豆腐",
    "虎皮青椒",
    "苦瓜酿",
    "茄盒",
    "藕盒",
    "赛螃蟹",
    "虎皮蛋饺",
    "蒜蓉生菜",
    "芝士烤玉米",
    "炒丝瓜",
    "凉拌黄瓜",
    "凉拌土豆丝",
    "凉拌番茄",
    "铁板豆腐",
    "醋溜白菜",
    "手撕包菜",
    "油泼辣子",
    "白炒鲜竹蛏",
    "汤川天笋",
    "芙蓉干贝",
    "酿苦瓜",
    "南海金莲",
    "半月沉江",
    "石鼓三鲜",
    "涌泉三丝",
    "莆仙焖豆腐",
    "蜜汁建莲",
    "韭菜炒肉燕",
    "油泼金针菇",
    "番茄杏鲍菇",
    "菜头酸",
    "凉拌海带丝",
    "醉香菇",
    "凉拌豆芽",
    "杏仁炒玉米",
    "油焖茭白",
    "红烧冬瓜",
    "炒鲜花菇",
    "蜂窝莲子",
    "金丝豆腐干",
    "双菇斗丽",
    "生烫雪蛤",
    "炒冬笋",
    "芝麻豆腐",
    "清炒芦笋",
    "红糟焖笋",
    "茄汁菜花",
    "糖拌鱼卷"
  ],
  "中式：小荤": [
    "红白豆腐",
    "腌笋五花肉",
    "青椒肉丝",
    "辣子鸡丁",
    "腰果虾仁",
    "腰果鸡丁",
    "豆花肥肠",
    "宫保鸡丁",
    "鱼香肉丝",
    "小炒鸡胗",
    "京酱肉丝",
    "蛤蜊炖蛋",
    "木须肉",
    "可乐鸡翅",
    "鲍汁凤爪",
    "清蒸老虎斑",
    "小酥肉",
    "灯影牛肉",
    "龙井虾仁",
    "柠檬手撕鸡",
    "柠檬无骨鸡爪",
    "椒麻鸡",
    "辣子鸡",
    "花椒鸡",
    "三杯鸡",
    "猪肚鸡",
    "小鸡炖蘑菇",
    "锅包肉",
    "XO酱鲜虾粉丝煲",
    "西葫芦茄子烤五花肉",
    "肥肠酿皮蛋",
    "清蒸蛏子",
    "清蒸淡菜",
    "炒花蛤",
    "夫妻肺片",
    "牙包肉",
    "皮蛋瘦肉粥",
    "炒田螺",
    "白炒鲜竹蛏",
    "南煎肝",
    "爆炒双脆",
    "茄汁鸡肉",
    "龙身凤尾虾",
    "扳指干贝",
    "鼎日有肉松",
    "肝花",
    "炸蛎黄",
    "赛螃蟹",
    "海蛎煎",
    "竹香南日鲍",
    "笋燕",
    "青椒酿肉",
    "炒薄壳",
    "白糖醋肉",
    "沙茶鱿鱼",
    "姜丝烧蛋",
    "香菇煸肉",
    "煸腊肉",
    "韭菜虾仁炒蛋",
    "韭菜炒鳝丝",
    "大虾豆腐煲",
    "莲子鸡丁",
    "肉丁虎皮辣椒",
    "鸡丝燕窝",
    "凉拌鸡丝",
    "沙茶鸡丁",
    "葱烧蹄筋",
    "爆炒地猴",
    "烧鱼白",
    "油焖石鳞",
    "东海玉螺香",
    "鲜贝酿辽参",
    "生煎明虾",
    "七星丸",
    "葱爆肉丝",
    "白炒香螺",
    "白拌黄螺",
    "马蹄鸡丁",
    "干烧虾",
    "罗汉鱼头",
    "海参羹",
    "五彩虾松",
    "香酥里脊",
    "糖醋里脊",
    "石码五香",
    "麻辣小黄鱼",
    "炸糟鱼",
    "葱油花蛤",
    "剁椒三角蛤",
    "酱油小鱿鱼",
    "吉利虾",
    "鸡茸金丝笋",
    "干锅鱼杂"
  ],
  "中式：大荤": [
    "红烧肉",
    "粉蒸肉",
    "糖醋里脊",
    "小炒肉",
    "干炸小黄鱼",
    "梅菜扣肉",
    "四喜丸子",
    "土豆牛腩",
    "回锅肉",
    "大盘鸡",
    "烤鸭",
    "红烧排骨",
    "水煮鱼",
    "水煮肉片",
    "菠萝咕咾肉",
    "干锅鸭头",
    "毛血旺",
    "佛跳墙",
    "板栗红烧肉",
    "土豆炖牛肉",
    "盐酥鸡",
    "干炸丸子",
    "米粉肉",
    "溜肝尖",
    "炒肝",
    "爆肚",
    "孜然羊肉",
    "筋头巴脑",
    "酸菜鱼",
    "芥末鸭掌",
    "酱猪蹄",
    "酱肘花",
    "椒盐排骨",
    "干锅虾",
    "蒜香排骨",
    "白灼猪颈肉",
    "姜蓉鸡",
    "盐焗鸡",
    "蒜香鸡",
    "蟹酿橙",
    "九转大肠",
    "西湖醋鱼",
    "东坡肘子",
    "歌乐山辣子鸡",
    "老妈蹄花",
    "李庄白肉",
    "莲花血鸭",
    "北京烤鸭",
    "糖醋排骨",
    "芋头排骨",
    "韩式双酱炸鸡",
    "红油钵钵鸡",
    "炸猪排",
    "炸丸子",
    "荔枝肉",
    "桂花鸭",
    "叫花鸡",
    "熝鸡",
    "白斩鸡",
    "板鸭",
    "烤全羊",
    "烤乳猪",
    "蒸羊羔",
    "蒸熊掌",
    "蒸鹿尾",
    "烧花鸭",
    "醉排骨",
    "铁板牛肉",
    "羊肉煲",
    "手撕鸡",
    "白切羊肉",
    "尤溪卜鸭",
    "煎糟鳗鱼",
    "香露河鳗",
    "走油田鸡",
    "酸菜工梅鱼",
    "同安封肉",
    "姜母鸭",
    "桂花蟹肉",
    "红烧狮子头",
    "福州红糟肉",
    "酒糟鸡",
    "沙茶牛肉片",
    "沙茶闷猪手",
    "香煎肉鲳鱼",
    "啤酒焖羊肉",
    "汆白肉",
    "爆炒羊肚",
    "清蒸鳜鱼",
    "松鼠鳜鱼",
    "可乐鸡翅",
    "三鲜焖海参",
    "茸汤广肚",
    "肉米鱼唇",
    "当归牛腩",
    "嘉禾脆皮鸡",
    "米烧兔",
    "麒麟象肚",
    "菊花鱼",
    "红烧牛腩",
    "干贝水晶鸡",
    "银耳川鸭",
    "罗汉鸭",
    "金钱肉",
    "油焖河蟹",
    "姜母鸭",
    "清汤狮子头"
  ],
  "中式：汤": [
    "番茄瓠子杏鲍菇梅条肉汤",
    "胡辣汤",
    "番茄蛋花汤",
    "紫菜蛋花汤",
    "青菜豆腐肉丸汤",
    "酸辣汤",
    "西湖牛肉羹",
    "宋嫂鱼羹",
    "鲜虾海带苗汤",
    "青蛾豆腐汤",
    "排骨汤",
    "佛跳墙",
    "虫草鸡汤",
    "老母鸭树根汤",
    "鲫鱼汤",
    "红菇老鸭汤",
    "红菇鸡汤",
    "玉米排骨汤",
    "扁食汤",
    "七彩仙贝汤",
    "冬瓜丸子汤",
    "银耳莲子汤",
    "鸡汤氽海蚌",
    "白头翁汤",
    "苦斋汤",
    "冬瓜豆腐汤",
    "苦瓜汤",
    "番瓜汤",
    "酸辣鱿鱼汤",
    "八闽一品鲜",
    "河蚬汤",
    "山药肉骨茶",
    "花甲瘦肉汤",
    "香菇鸡汤",
    "牛尾汤",
    "牛肉汤",
    "牛肉梗汤",
    "牛杂汤",
    "牛肉丸汤",
    "山药老鸭汤",
    "汆糟汤",
    "竹荪干贝冬瓜汤",
    "竹笋排骨汤",
    "竹荪排骨汤",
    "红枣炖乌鸡",
    "萝卜花蛤汤",
    "蛤蜊冬瓜汤",
    "当归乌鸡汤",
    "虾仁冬瓜鱼丸汤",
    "牛筋汤",
    "鲜虾豆腐汤",
    "丝瓜肉羹汤",
    "鱼头豆腐汤",
    "鸡汤汆海蚌",
    "南瓜鱼翅盅",
    "冬瓜大骨汤",
    "鲍鱼炖排骨",
    "大骨豆腐汤"
  ],
  "中式：甜品": [
    "龟苓膏",
    "杏仁豆腐",
    "鸡蛋羹",
    "春卷",
    "焦圈",
    "双皮奶",
    "酒酿圆子",
    "红豆桃胶银耳羹",
    "紫米桃胶银耳羹",
    "芋圆红豆汤",
    "栗子红豆汤",
    "红豆薏米汤",
    "川贝枇杷梨汤",
    "梨膏糖",
    "冰粉",
    "烧仙草",
    "红豆麻薯",
    "漏奶华",
    "菠萝包",
    "椰子冻",
    "钵仔糕",
    "柠檬马蹄爽",
    "姜撞奶",
    "椰汁红豆糕",
    "牛奶鸡蛋醪糟",
    "西米露",
    "冰汤圆",
    "雪媚娘",
    "桂花糕",
    "蜂糖糕",
    "绿豆饼",
    "老婆饼",
    "榴莲酥",
    "老蛋糕",
    "桃酥",
    "麻花",
    "鲜花饼",
    "云片糕",
    "沙琪玛",
    "椰蓉酥",
    "炸鲜奶",
    "青团",
    "梅花糕",
    "港式酸奶酪",
    "绿豆汤",
    "红糖糍粑",
    "麻薯",
    "枣泥核桃酥",
    "山楂饼",
    "酥麻糕",
    "水塔糕",
    "小米糕",
    "冰渣豆花",
    "清凉糕",
    "糖拌番茄",
    "芋子饺",
    "芋子包",
    "冰糖燕窝"
  ],
  "中式：饮品": [
    "杨枝甘露",
    "豆汁",
    "绿豆沙",
    "绿豆茶",
    "黄酒",
    "米酒",
    "白酒",
    "鲜榨橙汁",
    "热红酒",
    "冬瓜茶",
    "北冰洋",
    "港式丝袜奶茶",
    "酸梅汤",
    "玉米汁",
    "鲜榨西瓜汁",
    "鲜榨芒果汁",
    "鲜榨椰子汁",
    "苹果雪梨汁",
    "冰峰",
    "红曲米酒",
    "酥油茶",
    "奶酒",
    "果粒橙",
    "可口可乐",
    "雪碧",
    "橙味美年达",
    "百事可乐",
    "椰树椰汁",
    "油切麦茶"
  ],
  "中式：小吃": [
    "臭豆腐",
    "烤面筋",
    "炸淀粉肠",
    "油墩子",
    "青团",
    "千层粿",
    "萝卜丝饼",
    "红团",
    "甜豆腐脑",
    "馄饨",
    "咸豆腐脑",
    "酒酿圆子",
    "蚵仔煎",
    "土笋冻",
    "烤冷面",
    "脆皮五花肉",
    "冰糖葫芦",
    "欢喜团",
    "锅巴",
    "煎饺",
    "骨肉相连",
    "牛肉饼",
    "糖蒜",
    "石子馍",
    "水晶饼",
    "油茶",
    "炸菜头粿",
    "浮粿",
    "烤苕皮",
    "烤猪蹄",
    "章鱼小丸子",
    "炸玉米",
    "爆米花",
    "炸年糕",
    "炸牛奶",
    "串串香",
    "福鼎肉片",
    "煎饼果子",
    "武大郎烧饼",
    "土家酱香饼",
    "鸡蛋汉堡",
    "鸡架",
    "甘梅地瓜",
    "糖炒板栗",
    "狼牙土豆",
    "薯塔",
    "炸雪薯",
    "煎薯饼",
    "炸薯丸",
    "烧卖",
    "钵仔糕",
    "锅边糊",
    "香蕉虾枣",
    "麦糕煎",
    "茯苓糕",
    "红糖糍粑",
    "山东馒头",
    "萝卜糕",
    "南瓜紫薯包",
    "藕粉",
    "南瓜糯米饼",
    "豆沙糍粑",
    "韭菜盒",
    "炸鸡排",
    "粉丝扇贝",
    "卤水凤爪",
    "酒糟咸蛋",
    "皮蛋",
    "皮蛋卷",
    "潮汕酥饺"
  ],
  "中式：方便食品": [
    "红烧牛肉面",
    "香辣牛肉面",
    "香菇炖鸡面",
    "鲜虾鱼板面",
    "卤香牛肉面",
    "螺蛳粉",
    "热干面",
    "葱油拌面",
    "自煮火锅",
    "自热米饭",
    "粉面菜蛋",
    "速食粥",
    "红油面皮",
    "流汁宽粉",
    "压缩食品",
    "自热菌菇鸡汤",
    "黑胡椒牛排面",
    "红烧牛肉罐头",
    "午餐肉罐头",
    "炸酱罐头",
    "红烧猪肉罐头",
    "豆豉鲮鱼罐头"
  ],
  "火锅：锅底": [
    "清水",
    "菌汤",
    "骨汤",
    "番茄",
    "牛油麻辣",
    "清油麻辣",
    "牛油麻辣无渣",
    "清油麻辣无渣",
    "寿喜烧",
    "部队锅",
    "酸菜锅",
    "花椒鱼",
    "猪肚鸡",
    "沙棘",
    "冬荫功"

  ],
  "火锅：素菜": [
    "青菜",
    "土豆片",
    "西蓝花",
    "花菜",
    "油麦菜",
    "海带",
    "金针菇",
    "娃娃菜",
    "甘蓝",
    "藕片",
    "空心菜",
    "小白菜",
    "大白菜",
    "卷心菜",
    "生菜",
    "木耳",
    "蘑菇",
    "口菇",
    "牛心菜"
  ],
  "火锅：荤菜": [
    "虾滑",
    "脑花",
    "鸭血",
    "鸭肠",
    "肥牛",
    "肥羊",
    "麻辣牛肉",
    "鹌鹑蛋",
    "吊龙",
    "脖仁",
    "匙仁",
    "匙柄",
    "三花趾",
    "五花趾",
    "胸口朥",
    "嫩肉",
    "肥胼",
    "肥肠",
    "牛黄舌",
    "牛百叶",
    "肺边",
    "肺片",
    "牙包肉",
    "猪脑花",
    "肥牛金针菇",
    "猪心",
    "罗汉肉"
  ],
  "火锅：豆类": [
    "豆腐皮",
    "豆腐块",
    "豆芽",
    "冻豆腐",
    "腐竹",
    "响铃卷",
    "豆花",
    "豆皮",
    "日本豆腐",
    "千叶豆腐",
    "鱼豆腐"
  ],
  "火锅：丸类": [
    "牛筋丸",
    "鱼籽福袋",
    "龙虾丸",
    "鱼豆腐",
    "花枝丸",
    "鱼丸",
    "香菇贡丸",
    "撒尿牛肉丸",
    "牛肉丸",
    "鱼卷",
    "五香卷",
    "一口肠",
    "鱼籽包",
    "芝士年糕"
  ],
  "火锅：主食": [
    "米饭",
    "扯面",
    "苕皮",
    "宽粉",
    "方便面",
    "魔芋丝",
    "龙口粉丝",
    "鸡蛋面",
    "炒饭",
    "意大利面",
    "乌冬面"
  ],
  "火锅：蘸料": [
    "耗油",
    "酱油",
    "醋",
    "大蒜",
    "葱",
    "老抽",
    "生抽",
    "芝麻酱",
    "番茄酱",
    "海鲜汁",
    "芝麻",
    "花生酱",
    "胡椒粉",
    "牛肉酱",
    "瑶柱酱",
    "沙茶酱",
    "芹菜",
    "香菜",
    "味精",
    "盐",
    "糖",
    "辣椒粉",
    "香油",
    "香菇酱",
    "花生碎",
    "白芝麻"
  ],
  "饮品与甜品：茶、代用茶": [
    "正山小种",
    "大红袍",
    "铁观音",
    "西湖龙井",
    "洞庭碧螺春",
    "六安瓜片",
    "黄山毛峰",
    "信阳毛尖",
    "庐山云雾",
    "乌龙茶",
    "太平猴魁",
    "武夷岩茶",
    "闽红",
    "滇红",
    "君山银针",
    "普洱茶",
    "白毫银针",
    "贡眉",
    "半天腰",
    "老枞水仙",
    "正岩肉桂",
    "碎银子",
    "金骏眉",
    "铁罗汉",
    "西柚白茶",
    "白桃乌龙",
    "葡萄绿茶",
    "菊花茶",
    "甜菊叶",
    "西柚片",
    "柠檬片",
    "薄荷叶",
    "青柠百香果",
    "明前龙井"
  ],
  "饮品与甜品：咖啡": [
    "拿铁咖啡",
    "欧蕾咖啡",
    "维也纳咖啡",
    "卡布奇诺",
    "夏威夷咖啡",
    "白咖啡",
    "意式浓缩咖啡",
    "焦糖玛奇朵",
    "美式咖啡",
    "康宝蓝",
    "摩卡咖啡",
    "馥芮白",
    "爱尔兰咖啡",
    "手冲咖啡",
    "蓝山咖啡",
    "猫屎咖啡",
    "巴拿马瑰夏",
    "花魁",
    "耶加雪菲",
    "黄金曼特宁",
    "果丁丁",
    "娜玲珑",
    "肯尼亚",
    "坦桑尼亚",
    "西达摩",
    "阿馥奇朵",
    "西班牙拿铁",
    "土耳其咖啡",
    "姜汁拿铁",
    "椰青拿铁",
    "哥伦比亚",
    "冰滴咖啡",
    "香草拿铁",
    "炭烧咖啡",
    "榛果拿铁"
  ],
  "饮品与甜品：酒": [
    "威士忌",
    "金酒",
    "朗姆",
    "白兰地",
    "龙舌兰",
    "白酒",
    "清酒",
    "烧酒",
    "啤酒",
    "葡萄酒",
    "米酒",
    "黄酒",
    "伏特加",
    "苏兹酒",
    "樱桃白兰地",
    "法国廊酒",
    "黑麦威士忌",
    "苏格兰威士忌",
    "波本",
    "安格斯图拉苦酒",
    "苦艾酒",
    "味美思",
    "比特酒",
    "茴香酒",
    "雪莉酒",
    "波特酒",
    "马德拉",
    "玛萨拉",
    "金万利",
    "查特酒",
    "甘桂酒",
    "君度",
    "薄荷甜酒",
    "赤霞珠红酒",
    "霞多丽白酒",
    "长相思/白苏维浓白酒",
    "维欧尼白酒",
    "慕斯卡德白酒",
    "灰皮诺白酒",
    "桑娇维塞红酒",
    "阿尔巴利诺白酒",
    "黑皮诺红酒",
    "白诗南白酒",
    "嘉美红酒",
    "梅洛红酒",
    "阿苏贵腐酒",
    "苏玳贵腐甜白",
    "金巴利苦酒"
  ],
  "饮品与甜品：调制酒": [
    "金汤力",
    "螺丝钉",
    "血腥玛丽",
    "玛格丽特",
    "轰炸机",
    "莫吉托",
    "长岛冰茶",
    "金菲士",
    "咖啡马天尼",
    "教父",
    "地心引力",
    "大都会/四海为家",
    "古典（old-fashioned）",
    "椰林飘香",
    "新加坡司令",
    "美态（mai-tai）",
    "曼哈顿",
    "干马天尼",
    "白色佳人",
    "僵尸（zombie）",
    "凯匹林纳",
    "汤姆柯林斯",
    "遗言",
    "爱尔兰咖啡",
    "贝里尼",
    "白兰地库斯塔",
    "荆棘",
    "古典朗姆",
    "美国佬",
    "老广场",
    "皮斯科酸",
    "帕洛玛",
    "法兰西75",
    "萨泽拉克",
    "死而复生",
    "月黑风高",
    "盘尼西林",
    "莫斯科骡子",
    "吉姆雷特",
    "阿佩罗",
    "意式浓缩咖啡马丁尼",
    "得其利",
    "尼格罗尼",
    "撞墙哈维",
    "天使之吻",
    "龙舌兰日出",
    "烈焰之吻",
    "贤妻良母(Lady Be Good)",
    "红粉佳人"
  ],
  "饮品与甜品：无酒精软饮料": [
    "热可可",
    "热巧克力",
    "巧克力牛奶",
    "草莓牛奶",
    "香蕉牛奶",
    "苹果汁",
    "橙汁",
    "奶茶",
    "杨枝甘露",
    "豆汁",
    "绿豆沙",
    "绿豆茶",
    "鲜榨果汁",
    "冬瓜茶",
    "手打抹茶",
    "冰摇柠檬茶"
  ],
  "饮品与甜品：瓶装饮料": [
    "冰红茶",
    "冰绿茶",
    "茉莉花茶",
    "美年达",
    "七喜",
    "可口可乐",
    "百事可乐",
    "雪碧",
    "芬达",
    "果粒橙",
    "无糖可口可乐",
    "元气森林汽水",
    "味全每日c",
    "汇源果汁",
    "小茗同学冷萃茶",
    "旺仔牛奶",
    "椰树椰汁",
    "脉动"
  ],
  "饮品与甜品：冰淇淋、雪糕": [
    "盐水棒冰",
    "绿豆棒冰",
    "红豆棒冰",
    "小布丁",
    "糯米糍",
    "绿色心情",
    "三色杯",
    "绿舌头",
    "大布丁",
    "白雪公主与七个小矮人",
    "原味甜筒",
    "原味圣代",
    "巧克力甜筒",
    "比利时巧克力双旋甜筒",
    "巧克力圣代",
    "草莓圣代",
    "奥利奥旋风",
    "海盐甜筒",
    "苦咖啡",
    "红豆糯米糍",
    "大头娃娃",
    "玉米香",
    "冰工厂",
    "旺旺碎冰冰",
    "奶提子",
    "八喜盒装冰淇淋",
    "索菲亚冰糕"
  ],
  "饮品与甜品：甜品": [
    "舒芙蕾",
    "松饼",
    "柠檬蛋白霜酥皮挞",
    "焦糖布丁",
    "提拉米苏",
    "蒙布朗蛋糕",
    "黑森林蛋糕",
    "姜饼人",
    "黄油曲奇",
    "爆米花",
    "芝士蛋糕",
    "拿破仑蛋糕",
    "冰激凌球",
    "苹果派",
    "柠檬塔",
    "法式苹果隐形蛋糕",
    "咖啡白脱蛋糕",
    "蛋挞",
    "芝士流心蛋挞",
    "蓝莓白脱蛋糕",
    "奶油小方",
    "巧克力慕斯",
    "蓝莓酸奶蛋糕",
    "瑞士卷",
    "虎皮蛋糕",
    "开心果冰淇淋",
    "薄荷开心果冰淇淋",
    "香菜花生冰淇淋",
    "莓果燕麦麦芬",
    "红薯巧克力布朗尼",
    "肉桂麦芬杯",
    "意面脆脆酥",
    "吐司边巧克力坚果Pocky",
    "蒜香黄油吐司脆脆酥",
    "黄油肉桂棒",
    "巧克力莓果慕斯",
    "栗子玛德琳",
    "麦旋风",
    "红豆派",
    "圣代",
    "冰淇淋",
    "香芋派",
    "菠萝派",
    "龟苓膏",
    "杏仁豆腐",
    "鸡蛋羹",
    "春卷",
    "焦圈",
    "双皮奶",
    "酒酿圆子",
    "红豆桃胶银耳羹",
    "紫米桃胶银耳羹",
    "芋圆红豆汤",
    "栗子红豆汤",
    "红豆薏米汤",
    "川贝枇杷梨汤",
    "梨膏糖",
    "冰粉",
    "烧仙草",
    "红豆麻薯",
    "漏奶华",
    "菠萝包",
    "椰子冻",
    "钵仔糕",
    "柠檬马蹄爽",
    "姜撞奶",
    "椰汁红豆糕",
    "牛奶鸡蛋醪糟",
    "西米露",
    "可丽饼",
    "水信玄饼",
    "樱饼",
    "三色团子",
    "铜锣烧",
    "蜜瓜面包",
    "栗子羊羹",
    "草莓大福",
    "巧克力芭菲",
    "红豆年糕汤",
    "鲷鱼烧",
    "甜甜圈",
    "草莓奶油虎皮卷"
  ],
  "饮品与甜品：水果": [
    "草莓",
    "苹果",
    "香蕉",
    "西瓜",
    "荔枝",
    "椰子",
    "哈密瓜",
    "水蜜桃",
    "柠檬",
    "香橙",
    "柑橘",
    "山竹",
    "莲雾",
    "葡萄",
    "龙眼",
    "榴莲",
    "梨子",
    "菠萝蜜",
    "提子",
    "芭乐",
    "百香果",
    "芒果",
    "黄桃",
    "石榴",
    "丑橘",
    "脐橙",
    "果冻橙",
    "白桃",
    "芦柑",
    "樱桃",
    "沙糖桔"
  ],
  "饮品与甜品：奶及奶制品": [
    "牛奶",
    "羊奶",
    "水牛奶",
    "骆驼奶",
    "奶酪",
    "奶粉",
    "双皮奶",
    "炒酸奶"
  ],
  "饮品与甜品：甜味零食": [
    "旺旺雪饼",
    "旺旺咖啡冻",
    "旺旺茶冻",
    "旺旺红茶冻",
    "旺仔小馒头",
    "好丽友派",
    "菠萝蜜干",
    "榴莲干",
    "草莓干",
    "苹果脆",
    "奥利奥",
    "Zess巧克力夹心饼干",
    "麦提莎麦丽素",
    "梁丰麦丽素",
    "喜之郎果冻",
    "喜之郎蒟蒻果冻",
    "喜之郎cici果汁果冻爽"
  ],
  "饮品与甜品：咸味零食": [
    "旺旺仙贝",
    "卫龙辣条",
    "玉米热狗肠",
    "卫龙魔芋爽",
    "乐事青柠味薯片",
    "乐事黄瓜味薯片",
    "乐事原味薯片",
    "乐事香酥烤鱼味薯片",
    "乐事孜然羊肉味薯片",
    "乐事京酱烤鸭味薯片",
    "乐事藤椒钵钵鸡味薯片",
    "乐事岩烧海苔味薯片",
    "乐事自然滋味薯片",
    "乐事海盐味薯片",
    "乐事芥末味薯片",
    "乐事意大利红烩味薯片",
    "乐事麻辣香锅味薯片",
    "乐事鸡肉番茄味薯片",
    "乐事杨梅味薯片",
    "乐事栗子味薯片",
    "乐事樱花米酿味薯片",
    "乐事螺蛳粉味薯片",
    "乐事铁板鱿鱼味薯片",
    "乐事蒜蓉生蚝味薯片",
    "乐事啤酒味薯片",
    "乐事川香辣子鸡味薯片",
    "乐事老坛酸菜鱼味薯片",
    "乐事麻辣小龙虾味薯片",
    "乐事金黄炒蟹味薯片",
    "乐事烧烤味薯片",
    "乐事香脆烤鸡翅味薯片",
    "乐事香辣味薯片",
    "无穷烤鸡小腿",
    "美好时光海苔",
    "友臣肉松饼",
    "冬己咸蛋黄夹心麦芽糖饼干",
    "纳宝蒂芝士威化",
    "立丰鸭胗",
    "劲仔小鱼",
    "旺旺大米饼",
    "旺旺雪饼",
    "咪咪虾条",
    "乐事樱花虾味薯片",
    "乐事松茸味薯片"
  ],
  "菜品种类": [ "西式快餐", "西式正餐", "东南亚式", "日式", "日式小吃", "西式早餐", "中式早餐", "印度式", "中式", "中式小吃", "方便食品", "火锅", "茶", "咖啡", "酒", "调制酒", "软饮料", "瓶装饮料", "冰淇淋", "甜品", "水果", "奶制品", "甜味零食", "咸味零食" ],
  "西式快餐": [ "[$t玩家]抽出了：\n主食：{%西式快餐：主食}\n小食：{%西式快餐：小食}\n甜品：{%西式快餐：甜品}\n饮品：{%西式快餐：饮品}" ],
  "西式正餐": [ "[$t玩家]抽出了：\n头盘：{%西式正餐：头盘}\n汤：{%西式正餐：汤}\n副菜：{%西式正餐：副菜}\n主菜：{%西式正餐：主菜}\n沙拉：{%西式正餐：沙拉}\n甜品：{%西式正餐：甜品}\n茶饮：{%西式正餐：茶饮}\n配酒：{%西式正餐：配酒}" ],
  "东南亚式": [ "[$t玩家]抽出了：\n主食：{%东南亚式：主食}\n菜肴：{%东南亚式：菜肴}\n甜品：{%东南亚式：甜品}\n饮品：{%东南亚式：饮品}\n水果：{%东南亚式：水果}" ],
  "日式": [ "[$t玩家]抽出了：\n小菜：{%日式：小菜}\n刺身：{%日式：刺身}\n寿司：{%日式：寿司}\n面类：{%日式：面类}\n饭类：{%日式：饭类}\n菜肴：{%日式：菜肴}\n甜品：{%日式：甜品}\n饮品：{%日式：饮品}\n美式卷：{%日式：美式卷}" ],
  "日式小吃": [ "[$t玩家]抽出了：\n{%日式：街头小吃}" ],
  "西式早餐": [ "[$t玩家]抽出了：\n{%早餐：西式}" ],
  "中式早餐": [ "[$t玩家]抽出了：\n{%早餐：中式}" ],
  "印度式": [ "[$t玩家]抽出了：\n咖喱辣度：{%印度式：咖喱辣度}\n咖喱炖菜：{%印度式：咖喱炖菜}\n其他菜肴：{%印度式：其他菜肴}\n主食：{%印度式：主食}\n甜品：{%印度式：甜品}\n饮品：{%印度式：饮品}" ],
  "中式": [ "[$t玩家]抽出了：\n主食、点心：{%中式：主食、点心}\n素菜：{%中式：素}\n小荤：{%中式：小荤}\n大荤：{%中式：大荤}\n汤：{%中式：汤}\n甜品：{%中式：甜品}\n饮品：{%中式：饮品}" ],
  "中式小吃": [ "[$t玩家]抽出了：\n{%中式：小吃}" ],
  "方便食品": [ "[$t玩家]抽出了：\n{%中式：方便食品}" ],
  "火锅": [ "[$t玩家]抽出了：\n锅底：{%火锅：锅底}\n素菜：{%火锅：素菜}\n荤菜：{%火锅：荤菜}\n豆类：{%火锅：豆类}\n丸类：{%火锅：丸类}\n主食：{%火锅：主食}\n蘸料：{%火锅：蘸料}" ],
  "茶": [ "[$t玩家]抽出了：\n{%饮品与甜品：茶、代用茶}" ],
  "咖啡": [ "[$t玩家]抽出了：\n{%饮品与甜品：咖啡}" ],
  "酒": [ "[$t玩家]抽出了：\n{%饮品与甜品：酒}" ],
  "调制酒": [ "[$t玩家]抽出了：\n{%饮品与甜品：调制酒}" ],
  "软饮料": [ "[$t玩家]抽出了：\n{%饮品与甜品：无酒精软饮料}" ],
  "瓶装饮料": [ "[$t玩家]抽出了：\n{%饮品与甜品：瓶装饮料}" ],
  "冰淇淋": [ "[$t玩家]抽出了：\n{%饮品与甜品：冰淇淋、雪糕}" ],
  "甜品": [ "[$t玩家]抽出了：\n{%饮品与甜品：甜品}" ],
  "水果": [ "[$t玩家]抽出了：\n{%饮品与甜品：水果}" ],
  "奶制品": [ "[$t玩家]抽出了：\n{%饮品与甜品：奶及奶制品}" ],
  "甜味零食": [ "[$t玩家]抽出了：\n{%饮品与甜品：甜味零食}" ],
  "咸味零食": [ "[$t玩家]抽出了：\n{%饮品与甜品：咸味零食}" ],
  "随机种类": [ "[$t玩家]抽出了：\n{%菜品种类}" ]
}