﻿{
  "_title": [ "本草纲目" ],
  "_author": [ "于言诺" ],
  "_date": [ "2022/5/24" ],
  "_version": [ "1.0.1" ],
  "_updateDate": [ "2022/8/16" ],
  "_brief": [ "说真的，做完四个英语之后本草纲目做起来真是友好。8.16更新：添加了_keys字段。" ],
  "_keys": ["本草纲目"],
  "本草纲目内部": [
    "水部 露水",
    "水部 明水",
    "水部 冬霜",
    "水部 浆水",
    "水部 腊雪",
    "水部 夏冰",
    "水部 半天河",
    "水部 热汤",
    "水部 流水",
    "水部 井泉水",
    "水部 醴泉",
    "水部 地浆",
    "水部 温汤",
    "水部 盐胆水",
    "水部 阿井泉",
    "水部 雨水",
    "水部 神水",
    "水部 碧海水",
    "水部 山岩泉水",
    "水部 潦水",
    "水部 节气水",
    "水部 车辙中水",
    "水部 齑水",
    "水部 洗手足水",
    "水部 洗儿汤",
    "水部 铜壶滴漏水",
    "水部 磨刀水",
    "水部 浸蓝水",
    "火部 炭火",
    "火部 艾火",
    "火部 神灯火",
    "火部 针火",
    "火部 灯火",
    "火部 芦火",
    "火部 桑柴火",
    "土部 白垩",
    "土部 黄土",
    "土部 东壁土",
    "土部 锻灶灰",
    "土部 胡燕窠土",
    "土部 土蜂窠",
    "土部 蜣螂转丸",
    "土部 石碱",
    "土部 蚁垤土",
    "土部 白蚁泥",
    "土部 蚯蚓泥",
    "土部 梁上尘",
    "土部 乌爹泥",
    "土部 伏龙肝",
    "土部 土墼",
    "土部 百草霜",
    "土部 白瓷器",
    "土部 乌古瓦",
    "土部 古砖",
    "土部 烟胶",
    "土部 釜脐墨",
    "土部 墨",
    "土部 香炉灰",
    "土部 门臼尘",
    "土部 砂锅",
    "土部 甘锅",
    "土部 田中泥",
    "土部 檐溜下泥",
    "土部 粪坑底泥",
    "土部 尿坑泥",
    "土部 犬尿泥",
    "土部 白鳝泥",
    "土部 赤土",
    "土部 太阳土",
    "土部 千步峰",
    "土部 烧尸场上土",
    "土部 螺蛳泥",
    "金部 金",
    "金部 银",
    "金部 自然铜",
    "金部 水银粉",
    "金部 铜青",
    "金部 铅",
    "金部 铁锈",
    "金部 铅霜",
    "金部 水银",
    "金部 粉锡",
    "金部 钢",
    "金部 密陀僧",
    "金部 锡",
    "金部 铁落",
    "金部 铁",
    "金部 铁粉",
    "金部 铁精",
    "金部 金浆",
    "金部 诸铜器",
    "金部 诸铁器",
    "石部 铅丹",
    "石部 丹砂",
    "石部 石硫赤",
    "石部 石硫磺",
    "石部 玉",
    "石部 云母",
    "石部 白石英",
    "石部 蓬砂",
    "石部 矾石",
    "石部 绿矾",
    "石部 黄矾",
    "石部 硇砂",
    "石部 粉霜",
    "石部 银朱",
    "石部 灵砂",
    "石部 硝石",
    "石部 雄黄",
    "石部 雌黄",
    "石部 石膏",
    "石部 玄明粉",
    "石部 滑石",
    "石部 不灰木",
    "石部 五色石脂",
    "石部 朴硝",
    "石部 炉甘石",
    "石部 无名异",
    "石部 石钟乳",
    "石部 玄精石",
    "石部 石脑油",
    "石部 石炭",
    "石部 石灰",
    "石部 凝水石",
    "石部 浮石",
    "石部 阳起石",
    "石部 慈石",
    "石部 卤咸",
    "石部 代赭石",
    "石部 禹余粮",
    "石部 空青",
    "石部 戎盐",
    "石部 曾青",
    "石部 绿青",
    "石部 扁青",
    "石部 食盐",
    "石部 石胆",
    "石部 砒石",
    "石部 金星石",
    "石部 石燕",
    "石部 礞石",
    "石部 花乳石",
    "石部 金牙石",
    "石部 紫石英",
    "石部 菩萨石",
    "石部 锡吝脂",
    "石部 宝石",
    "石部 蜜栗子",
    "石部 铜矿石",
    "石部 青琅玕",
    "石部 珊瑚",
    "石部 马脑",
    "石部 玻璃",
    "石部 水精",
    "石部 琉璃",
    "石部 石面",
    "石部 石芝",
    "石部 土黄",
    "石部 金刚石",
    "石部 砭石",
    "石部 杓上砂",
    "石部 石鳖",
    "石部 雷墨",
    "石部 汤瓶内硷",
    "草部 甘草",
    "草部 黄芪",
    "草部 人参",
    "草部 芎穷",
    "草部 沙参",
    "草部 荠苠",
    "草部 桔梗",
    "草部 当归",
    "草部 长松",
    "草部 黄精",
    "草部 萎蕤",
    "草部 铁线草",
    "草部 知母",
    "草部 肉苁蓉",
    "草部 列当",
    "草部 锦地罗",
    "草部 锁阳",
    "草部 赤箭",
    "草部 术",
    "草部 白前",
    "草部 苍术",
    "草部 狗脊",
    "草部 贯众",
    "草部 白薇",
    "草部 巴戟天",
    "草部 远志",
    "草部 淫羊藿",
    "草部 徐长卿",
    "草部 仙茅",
    "草部 玄参",
    "草部 地榆",
    "草部 及己",
    "草部 丹参",
    "草部 紫参",
    "草部 紫草",
    "草部 杜衡",
    "草部 白头翁",
    "草部 白及",
    "草部 三七",
    "草部 细辛",
    "草部 黄连",
    "草部 胡黄连",
    "草部 黄岑",
    "草部 龙胆",
    "草部 秦艽",
    "草部 茈胡（柴胡)",
    "草部 前胡",
    "草部 白茅",
    "草部 防风",
    "草部 独活",
    "草部 土当归",
    "草部 石蒜",
    "草部 升麻",
    "草部 苦参",
    "草部 白鲜",
    "草部 山慈姑",
    "草部 延胡索",
    "草部 贝母",
    "草部 旋复花",
    "草部 青葙",
    "草部 蘼无",
    "草部 蛇床",
    "草部 藁本",
    "草部 恶实",
    "草部 白芷",
    "草部 芍药",
    "草部 牡丹",
    "草部 蠡实",
    "草部 木香",
    "草部 甘松香",
    "草部 杜若",
    "草部 胡芦巴",
    "草部 高良姜",
    "草部 豆蔻",
    "草部 白豆蔻",
    "草部 小青",
    "草部 缩砂密",
    "草部 益智子",
    "草部 荜茇",
    "草部 大青",
    "草部 肉豆蔻",
    "草部 补骨脂",
    "草部 姜黄",
    "草部 苘麻",
    "草部 郁金",
    "草部 蓬莪术",
    "草部 荆三棱",
    "草部 苎麻",
    "草部 莎草香附子",
    "草部 藿香",
    "草部 薰草",
    "草部 大蓟、小蓟",
    "草部 兰草",
    "草部 泽兰",
    "草部 马兰",
    "草部 漏卢",
    "草部 香薷",
    "草部 假苏",
    "草部 薄荷",
    "草部 续断",
    "草部 苏",
    "草部 水苏",
    "草部 菊",
    "草部 燕脂",
    "草部 野菊",
    "草部 淹闾",
    "草部 艾",
    "草部 番红花",
    "草部 茵陈蒿",
    "草部 青蒿",
    "草部 白蒿",
    "草部 红蓝花",
    "草部 茺蔚（益母草）",
    "草部 夏枯草",
    "草部 刘寄奴草",
    "草部 鸡冠花",
    "草部 呆耳",
    "草部 天名精",
    "草部 希莶",
    "草部 狼牙",
    "草部 箬",
    "草部 芦",
    "草部 甘蕉",
    "草部 防葵",
    "草部 蓑荷",
    "草部 麻黄",
    "草部 木贼",
    "草部 狼毒",
    "草部 灯心草",
    "草部 地黄",
    "草部 牛膝",
    "草部 商陆",
    "草部 紫菀",
    "草部 麦门冬",
    "草部 淡竹叶",
    "草部 萱草",
    "草部 大黄",
    "草部 鸭跖草",
    "草部 葵",
    "草部 见肿消",
    "草部 蜀葵",
    "草部 龙葵",
    "草部 酸浆",
    "草部 紫花地丁",
    "草部 蜀羊泉",
    "草部 败酱",
    "草部 款冬花",
    "草部 半边莲",
    "草部 鼠曲草",
    "草部 决明",
    "草部 地肤",
    "草部 海金沙",
    "草部 瞿麦",
    "草部 王不留行",
    "草部 葶苈",
    "草部 谷精草",
    "草部 车前",
    "草部 马鞭草",
    "草部 蛇含",
    "草部 蒺藜",
    "草部 鼠尾草",
    "草部 鳢肠",
    "草部 连翘",
    "草部 匾蓄",
    "草部 蒴翟",
    "草部 蓝",
    "草部 蓝淀",
    "草部 虎杖",
    "草部 青黛",
    "草部 甘蓝",
    "草部 蓼",
    "草部 荭草",
    "草部 水蓼",
    "草部 马蓼",
    "草部 闾茹",
    "草部 大戟",
    "草部 黄药子",
    "草部 山豆根",
    "草部 泽漆",
    "草部 白蔹",
    "草部 甘遂",
    "草部 续随子",
    "草部 莨菪",
    "草部 土茯苓",
    "草部 蓖麻",
    "草部 常山",
    "草部 蜀漆",
    "草部 菝葜",
    "草部 藜芦",
    "草部 附子",
    "草部 天雄",
    "草部 萆解",
    "草部 侧子",
    "草部 漏篮子",
    "草部 乌头",
    "草部 何首乌",
    "草部 白附子",
    "草部 虎掌",
    "草部 局箬",
    "草部 百部",
    "草部 半夏",
    "草部 蚤休",
    "草部 鬼臼",
    "草部 天门冬",
    "草部 射干",
    "草部 玉簪",
    "草部 风仙",
    "草部 葛",
    "草部 坐拿草",
    "草部 曼陀罗花",
    "草部 羊踯躅",
    "草部 王瓜",
    "草部 芫花",
    "草部 莽草",
    "草部 茵芋",
    "草部 栝楼",
    "草部 石龙芮",
    "草部 钩吻",
    "草部 菟丝子",
    "草部 月季花",
    "草部 五味子",
    "草部 覆盆子",
    "草部 使君子",
    "草部 营实墙蘼",
    "草部 木鳖子",
    "草部 番木鳖",
    "草部 马兜铃",
    "草部 旋花",
    "草部 盍藤子",
    "草部 预知子",
    "草部 牵牛子",
    "草部 紫葳",
    "草部 白药子",
    "草部 威灵仙",
    "草部 茜草",
    "草部 马勃",
    "草部 防己",
    "草部 通草",
    "草部 通脱木",
    "草部 石松",
    "草部 钩藤",
    "草部 白英",
    "草部 乌蔹莓",
    "草部 卷柏",
    "草部 律草",
    "草部 络石",
    "草部 木莲",
    "草部 土马",
    "草部 忍冬",
    "草部 藤类（12种）",
    "草部 泽泻",
    "草部 昨叶何草",
    "草部 羊蹄",
    "草部 酸模",
    "草部 菖蒲",
    "草部 陟厘",
    "草部 香蒲、莆黄",
    "草部 菰",
    "草部 水萍",
    "草部 地锦",
    "草部 苹",
    "草部 萍蓬草",
    "草部 水藻",
    "草部 酢浆草",
    "草部 海藻",
    "草部 昆布",
    "草部 石斛",
    "草部 螺厣草",
    "草部 骨碎补",
    "草部 石韦",
    "草部 金星草",
    "草部 石胡荽",
    "草部 景天",
    "草部 虎耳草",
    "草部 佛甲草",
    "草部 绿萼梅",
    "谷部 胡麻",
    "谷部 大麻",
    "谷部 小麦",
    "谷部 大麦",
    "谷部 雀麦",
    "谷部 荞麦",
    "谷部 稻",
    "谷部 粳",
    "谷部 籼",
    "谷部 稷",
    "谷部 黍",
    "谷部 蜀黍",
    "谷部 玉蜀黍",
    "谷部 粱",
    "谷部 粟",
    "谷部 参子",
    "谷部 稗",
    "谷部 薏苡仁",
    "谷部 罂子粟",
    "谷部 阿芙蓉",
    "谷部 大豆",
    "谷部 大豆黄卷",
    "谷部 黄大豆",
    "谷部 赤小豆",
    "谷部 绿豆",
    "谷部 豌豆",
    "谷部 蚕豆",
    "谷部 豇豆",
    "谷部 扁豆",
    "谷部 刀豆",
    "谷部 大豆豉",
    "谷部 豆腐",
    "谷部 蒸饼",
    "谷部 曲",
    "谷部 神曲",
    "谷部 红曲",
    "谷部 蘖米",
    "谷部 饴糖",
    "谷部 酱",
    "谷部 醋",
    "谷部 秫",
    "谷部 酒",
    "谷部 烧酒",
    "谷部 糟",
    "谷部 青襄",
    "谷部 亚麻",
    "谷部 苦荞麦",
    "谷部 裸麦",
    "谷部 狼尾草",
    "谷部 沙蓬",
    "谷部 菰米",
    "谷部 守气",
    "谷部 自然谷",
    "谷部 白豆",
    "谷部 黎豆",
    "谷部 豆黄",
    "菜部 韭",
    "菜部 葱",
    "菜部 薤",
    "菜部 石耳",
    "菜部 蒜",
    "菜部 葫",
    "菜部 芸薹",
    "菜部 地耳",
    "菜部 菘",
    "菜部 芥",
    "菜部 白芥",
    "菜部 土菌",
    "菜部 芜菁",
    "菜部 莱菔",
    "菜部 生姜",
    "菜部 鸡菌",
    "菜部 干姜",
    "菜部 胡荽",
    "菜部 水芹",
    "菜部 蘑菰蕈",
    "菜部 怀香",
    "菜部 波菜",
    "菜部 荠菜",
    "菜部 香蕈",
    "菜部 菥蓂",
    "菜部 鸡肠草",
    "菜部 苜蓿",
    "菜部 皂荚蕈",
    "菜部 苋",
    "菜部 马齿苋",
    "菜部 苦菜土",
    "菜部 木耳",
    "菜部 莴苣",
    "菜部 翻白草",
    "菜部 蒲公英",
    "菜部 芝",
    "菜部 蕺",
    "菜部 蕨",
    "菜部 薇泥",
    "菜部 睡菜",
    "菜部 翘摇",
    "菜部 鹿藿",
    "菜部 藜",
    "菜部 龙须菜",
    "菜部 芋",
    "菜部 薯蓣",
    "菜部 甘薯",
    "菜部 鹿角菜",
    "菜部 百合",
    "菜部 竹笋",
    "菜部 茄",
    "菜部 石花菜",
    "菜部 壶卢",
    "菜部 苦瓠",
    "菜部 冬瓜",
    "菜部 紫菜",
    "菜部 南瓜",
    "菜部 胡瓜",
    "菜部 丝瓜",
    "菜部 苦瓜",
    "菜部 石莼",
    "果部 李",
    "果部 杏",
    "果部 巴旦杏",
    "果部 梅",
    "果部 榔梅",
    "果部 桃",
    "果部 栗",
    "果部 枣",
    "果部 梨",
    "果部 木瓜",
    "果部 楂子",
    "果部 榲柏",
    "果部 山楂",
    "果部 林檎",
    "果部 柿",
    "果部 安石榴",
    "果部 橘",
    "果部 柑",
    "果部 橙",
    "果部 柚",
    "果部 枸橼",
    "果部 枇杷",
    "果部 杨梅",
    "果部 樱桃",
    "果部 银杏",
    "果部 胡桃",
    "果部 榛子",
    "果部 阿月浑子",
    "果部 橡实",
    "果部 槲实",
    "果部 荔枝",
    "果部 龙眼",
    "果部 橄榄",
    "果部 榧实",
    "果部 海松子",
    "果部 槟榔",
    "果部 椰子",
    "果部 波罗蜜",
    "果部 无花果",
    "果部 马槟榔",
    "果部 枳",
    "果部 秦椒",
    "果部 蜀椒",
    "果部 胡椒",
    "果部 毕澄茄",
    "果部 吴茱萸",
    "果部 盐麸子",
    "果部 茗",
    "果部 甜瓜",
    "果部 西瓜",
    "果部 葡萄",
    "果部 婴奥",
    "果部 猕猴桃",
    "果部 甘蔗",
    "果部 沙糖",
    "果部 石蜜",
    "果部 莲藕",
    "果部 芰实",
    "果部 芡实",
    "果部 乌芋",
    "果部 慈姑",
    "果部 金橘",
    "木部 柏",
    "木部 松",
    "木部 杉",
    "木部 秦皮",
    "木部 桂",
    "木部 筒桂",
    "木部 木兰",
    "木部 槐",
    "木部 辛夷",
    "木部 沉香",
    "木部 丁香",
    "木部 芜荑",
    "木部 檀香",
    "木部 降真香",
    "木部 楠",
    "木部 白杨",
    "木部 樟",
    "木部 钓樟",
    "木部 乌药",
    "木部 水杨",
    "木部 欀香",
    "木部 枫香脂",
    "木部 薰陆香",
    "木部 柽柳",
    "木部 没药",
    "木部 骐竭",
    "木部 安息香",
    "木部 柳",
    "木部 苏合香",
    "木部 龙脑香",
    "木部 樟脑",
    "木部 榉",
    "木部 阿魏",
    "木部 芦荟",
    "木部 蘖木",
    "木部 诃黎勒",
    "木部 檀桓",
    "木部 小蘖",
    "木部 厚朴",
    "木部 无患子",
    "木部 杜仲",
    "木部 椿樗",
    "木部 漆",
    "木部 肥筇荚",
    "木部 楸",
    "木部 桐",
    "木部 梧桐",
    "木部 皂荚",
    "木部 罂子桐",
    "木部 海桐",
    "木部 楝",
    "木部 合欢",
    "木部 棕榈",
    "木部 桦木",
    "木部 苏方木",
    "木部 乌木",
    "木部 乌臼木",
    "木部 巴豆",
    "木部 大风子",
    "木部 相思子",
    "木部 桑",
    "木部 柘",
    "木部 楮",
    "木部 枳",
    "木部 枸橘",
    "木部 栀子",
    "木部 酸枣",
    "木部 白棘",
    "木部 蕤核",
    "木部 山茱萸",
    "木部 胡颓子",
    "木部 金樱子",
    "木部 郁李",
    "木部 鼠李",
    "木部 女贞",
    "木部 南烛",
    "木部 冬青",
    "木部 枸骨",
    "木部 卫矛",
    "木部 五加",
    "木部 枸杞",
    "木部 石南",
    "木部 牡荆",
    "木部 紫荆",
    "木部 木槿",
    "木部 芙蓉",
    "木部 接骨木",
    "木部 琥珀",
    "木部 茯苓",
    "木部 猪苓",
    "木部 竹",
    "木部 竹黄",
    "木部 雷丸",
    "木部 桑上寄生",
    "木部 榆",
    "虫部 蜂蜜",
    "虫部 蜜蜡",
    "虫部 蜜蜂",
    "虫部 蛔虫",
    "虫部 土蜂",
    "虫部 露蜂房",
    "虫部 艺翁",
    "虫部 蛞蝓",
    "虫部 虫白蜡",
    "虫部 五倍子",
    "虫部 螳螂桑",
    "虫部 蜗牛",
    "虫部 蚕",
    "虫部 原蚕",
    "虫部 九香虫",
    "虫部 蚯蚓",
    "虫部 樗鸡",
    "虫部 斑蝥",
    "虫部 芫青",
    "虫部 蜈蚣",
    "虫部 葛上亭长",
    "虫部 地胆",
    "虫部 蜘蛛",
    "虫部 蝌蚪",
    "虫部 壁钱",
    "虫部 蝎",
    "虫部 水蛭",
    "虫部 蛙",
    "虫部 蛆",
    "虫部 蛴螬",
    "虫部 蚱蝉",
    "虫部 蛤蟆",
    "虫部 蝉蜕",
    "虫部 蜣螂",
    "虫部 天牛",
    "虫部 蟾蜍",
    "虫部 蝼蛄",
    "虫部 萤火",
    "虫部 衣鱼",
    "虫部 蜚虻",
    "虫部 鼠妇",
    "虫部 虫",
    "虫部 蜚蠊",
    "鳞部 龙",
    "鳞部 吊",
    "鳞部 鳄鱼",
    "鳞部 鱼子",
    "鳞部 鲮鲤",
    "鳞部 石龙子",
    "鳞部 守宫",
    "鳞部 鳔",
    "鳞部 蛤蚧",
    "鳞部 蛇蜕",
    "鳞部 蚺蛇",
    "鳞部 海马",
    "鳞部 白花蛇",
    "鳞部 乌蛇",
    "鳞部 水蛇",
    "鳞部 虾",
    "鳞部 鲤鱼",
    "鳞部 青鱼",
    "鳞部 石首鱼",
    "鳞部 曲贼鱼",
    "鳞部 鲥鱼",
    "鳞部 鲫鱼",
    "鳞部 鳜鱼",
    "鳞部 黄颡鱼",
    "鳞部 金鱼",
    "鳞部 鳢鱼",
    "鳞部 鳗鲡鱼",
    "鳞部 鳅鱼",
    "鳞部 鳝鱼",
    "介部 水龟",
    "介部 玳瑁",
    "介部 鳖",
    "介部 蜗螺",
    "介部 蟹",
    "介部 牡蛎",
    "介部 蚌",
    "介部 田螺",
    "介部 真珠",
    "介部 石决明",
    "介部 海蛤",
    "介部 淡菜",
    "介部 蛤蜊",
    "介部 车渠",
    "介部 贝子",
    "禽部 鹤",
    "禽部 鹈鹕",
    "禽部 鹅",
    "禽部 鹗",
    "禽部 鹜",
    "禽部 凫",
    "禽部 鸡",
    "禽部 鹰",
    "禽部 雉",
    "禽部 鸽",
    "禽部 雀",
    "禽部 鹊",
    "禽部 伏翼",
    "禽部 寒号虫",
    "禽部 斑鸠",
    "禽部 乌鸦",
    "兽部 豕",
    "兽部 狗",
    "兽部 羊",
    "兽部 牛",
    "兽部 马",
    "兽部 驴",
    "兽部 驼",
    "兽部 猕猴",
    "兽部 黄明胶",
    "兽部 阿胶",
    "兽部 牛黄",
    "兽部 鮓答",
    "兽部 狗宝",
    "兽部 虎",
    "兽部 豹",
    "兽部 象",
    "兽部 野猪",
    "兽部 熊",
    "兽部 羚羊",
    "兽部 鹿",
    "兽部 麋",
    "兽部 麝",
    "兽部 灵猫",
    "兽部 猫",
    "兽部 湍",
    "兽部 兔",
    "兽部 水獭",
    "兽部 鼠",
    "兽部 猬",
    "兽部 酪",
    "兽部 酥",
    "兽部 醍醐",
    "兽部 乳腐",
    "兽部 狮",
    "兽部 猫牛",
    "兽部 野马",
    "兽部 豪猪",
    "兽部 山羊",
    "兽部 麂",
    "兽部 獐",
    "兽部 狸",
    "兽部 风狸",
    "兽部 狐",
    "兽部 貉",
    "兽部 獾",
    "兽部 木狗",
    "兽部 豺",
    "兽部 狼",
    "兽部 腽肭兽",
    "兽部 鼹鼠",
    "兽部 鼫鼠",
    "兽部 竹鼬",
    "兽部 土拨鼠",
    "兽部 貂鼠",
    "兽部 黄鼠",
    "兽部 鼬鼠",
    "兽部 牡鼠",
    "兽部 犀",
    "人部 乱发",
    "人部 人中黄",
    "人部 人尿",
    "人部 人乳",
    "人部 溺白",
    "人部 秋石",
    "人部 人胞",
    "人部 人牙",
    "人部 天灵盖",
    "人部 人粪"
  ],
  "本草纲目": [ "[$t玩家]抽出了：\n{%本草纲目内部}" ]
}