{
   "贵族区建筑": ["地主家（1费）","农庄（1费）","小庄园（2费）","庄园（3费）", "庭院（3费）","城堡（4费）", "贵族学园（4费）","皇宫（5费）"],
   "史诗建筑": ["埃及金字塔（10费）","法国凡尔赛宫（10费）","巴黎圣母院（10费）","欧洲凯旋门（10费）","巴比伦通天塔（10费）"],
   "史诗建筑抽取": ["你决定建立一个伟大的建筑，以让后人记住你的伟业：金币-5,\n{%史诗建筑}"],
   "秘密": ["信使告诉了你一个关于瓦罗斯金币的传说：金钱+2","信使告诉了你一个关于契科瓦的隐秘都市的传说，你对此深信不疑：两个回合不能行动","信使告诉了你一个关于上帝战士的传说，你十分受益：军队战斗能力+2","信使告诉了你一个关于恶魔卡萨姆的传说，你十分崇拜：金钱-3,一回合不能行动","信使告诉了你一个关于地下帝都的传说，你十分受益：\n{%建议总览}"],
   "人物": ["①刺客", "②小偷", "③魔术师","④国王","⑤主教","⑥商人","⑦建筑师","⑧军阀","①女巫 ☆","②税务员 ☆","③巫师 ☆","④皇帝 ☆","⑤修道院院长 ☆","⑥炼金术士 ☆","⑦航海家 ☆","⑧外交官 ☆","⑨艺术家 ☆","⑨皇后 ☆"],
   "角色卡抽取": ["你缓缓醒来，你的记忆慢慢清晰了起来，你记起来了你的角色\n{%人物}"],
   "宗教区建筑": ["祭祀场（1费）","神殿（1费）", "教堂（2费）","礼拜堂（2费）", "修道院（3费）","","大教堂（4费）","圣殿（4费）", "教会（5费）"],  
   "商业区建筑": ["酒馆（1费）","旅馆（1费）","农田（1费）", "市场（2费）","","大集市（3费）", "码头（3费）", "海港（4费）", "市政厅（5费）"],
   "军事区建筑": ["奴隶营（1费）","瞭望塔（1费）", "监狱（2费）","兵营（2费）", "斗兽场（3费）","马场（3费）","堡垒（4费）","军事学院（5费）"],
   "特殊建筑": ["铁匠铺（4费）", "医院（6费）", "采石场（5费）", "军械库（3费）", "王座厅（6费）", "要塞（3费）", "大学（8费）", "实验室（5费）", "天文台（5费）", "城墙（6费）", "墓地（5费）", "魔法学院（6费）", "图书馆（6费）", "鬼城（2费）", "许愿井（5费）", "灯塔（3费）", "博物馆（5费）", "工厂（6费）", "公园（6费）", "贫民窟（5费）", "地图室（5费）", "舞厅（6费）", "龙门（8费）", "藏宝库（4费）", "钟塔（5费）"],
   "建议总览": [
      "一位穿着华美服饰的挺着个大肚子的男子来到你这里，他怀里还揽着一个神情妩媚，身材妖娆的女子，他是这个国家的贵族代表，他建议建设：{%贵族区建筑}\n",
      "一个消瘦的男子穿着教会的衣服走了进来，他神情高傲，浑身上下充满了高洁高傲，他身旁跟着两个健硕的守卫，他是这个国家教会的主教，他建议建设：{%宗教区建筑}\n",
      "一位身材矮小戴着眼镜的男子笑着走了过来，他漏出他那满口的金牙，他看上去十分奸诈，他身边跟着一个神情冷漠的男子，他是这个国家的商会代表，他建议建设：{%商业区建筑}\n",
      "一个身材健硕的男子走了进来，他昂首挺胸，胸前的勋章象征着他的荣耀，他的身边跟着两个军人，一个拿着火枪，另一个手中紧握着大刀，他是这个国家的将军，他建议建设：{%军事区建筑}\n",
      "一个穿着黑色斗篷的男子走了进来，你看不清他的样貌，只能看清他消瘦的身形，他背着一个巨大的包裹，里面似乎装了一些羊皮纸，他是游说各国之间的神秘学者，他建议建设: {%特殊建筑}\n"
   ],
      "事件抽取": [
      "你坐在决策椅子上，收到了银行给你的2个金币，金币+2，之后，大门被缓缓推开了，:\n{%建议总览}",
      "你坐在决策椅子上，收到了银行给你的2个金币，金币+2，之后，大门被缓缓推开了，:\n{%建议总览}",
      "你坐在决策椅子上，收到了银行给你的2个金币，金币+2，之后，大门被缓缓推开了，:\n{%建议总览}",
      "你坐在决策椅子上，收到了银行给你的2个金币，金币+2，之后，大门被缓缓推开了，:\n{%建议总览}",
      "你坐在决策椅子上，收到了银行给你的2个金币，金币+2，之后，大门被缓缓推开了，:\n{%建议总览}",
      "你坐在决策椅子上，收到了银行给你的2个金币，金币+2，之后，大门被缓缓推开了，:\n{%建议总览}",
      "你坐在决策椅子上，收到了银行给你的2个金币，金币+2，之后，大门被缓缓推开了，:\n{%建议总览}",
      "你坐在决策椅子上，收到了银行给你的2个金币，金币+2，之后，大门被缓缓推开了，:\n{%建议总览}",
      "你坐在决策椅子上，收到了银行给你的2个金币，金币+2，之后，大门被缓缓推开了，:\n{%建议总览}之后突然又来了一个人:\n{%建议总览}",
      "你坐在决策椅子上，收到了银行给你的2个金币，金币+2，之后，大门被缓缓推开了，:\n{%建议总览}",
      "你坐在决策椅子上，收到了银行给你的2个金币，金币+2，之后，大门被缓缓推开了，一个人走进了进来，那是你的臣子，他急匆匆的告诉你，国库来了小偷，被偷了些许钱财:金币-5",
      "你坐在决策椅子上，收到了银行给你的2个金币，金币+2，之后，大门被缓缓推开了，一个人走进了进来，那是你的臣子，他急匆匆的告诉你，你的房间进了小偷，被席卷一空了:金币-2",
      "你坐在决策椅子上，收到了银行给你的2个金币，金币+2，之后，大门被缓缓推开了，一个人走进了进来，那是一个商人，他兴奋地感谢你之前的帮助，于是他决定赠送你一些钱财：金币+3",
      "你坐在决策椅子上，收到了银行给你的2个金币，金币+2，之后，大门被缓缓推开了，一个人走进了进来，那是一个蓬头垢面的工人，他兴奋的告诉你在施工的时候他们发现了一个金矿，于是他们决定献给您：每回合金币+1",
      "你坐在决策椅子上，收到了银行给你的2个金币，金币+2，之后，大门被缓缓推开了，一个人走进了进来，那是一个商人，他兴奋地感谢你之前的帮助，于是他决定赠送你一些钱财：金币+3",
      "你今天没有做任何事情，收到了银行给你的2个金币，金币+2，就这样荒废了一天",
      "你坐在决策椅子上，收到了银行给你的2个金币，金币+2，之后，大门被缓缓推开了，一个人走进了进来，那是一个信使，他表示愿意无偿帮助您去与其他国家的领导者交流但是你要听他说一些:\n{%秘密}"
   
   ]
}